id,pH,TDS,water_level,DHT_temp,DHT_humidity,water_temp,pH_reducer,add_water,nutrients_adder,humidifier,ex_fan,isDefault
25003.50,5.45,776.18,2.00,24.60,63.17,21.19,0.00,0.67,1.00,0.00,0.00,0.00
25009.50,5.45,776.07,2.00,24.60,63.12,22.69,0.00,1.00,1.00,0.00,0.00,0.00
25015.50,5.44,775.85,2.00,24.60,63.67,21.36,0.00,1.00,1.00,0.00,0.00,0.00
25021.50,5.43,775.60,2.00,24.60,63.67,21.39,0.00,1.00,1.00,0.00,0.00,0.00
25027.50,5.43,774.95,2.00,24.60,63.43,20.72,0.00,0.67,1.00,0.00,0.00,0.00
25033.50,5.44,774.41,2.00,24.63,63.37,22.14,0.00,0.83,1.00,0.00,0.00,0.00
25039.50,5.44,774.03,2.00,24.68,63.30,22.50,0.00,0.83,1.00,0.00,0.00,0.00
25045.50,5.44,773.58,2.00,24.68,63.17,20.80,0.00,1.00,1.00,0.00,0.00,0.00
25051.50,5.43,773.51,2.00,24.70,63.10,21.25,0.00,0.83,1.00,0.00,0.00,0.17
25057.50,5.43,773.55,2.00,24.67,63.22,21.55,0.00,1.00,1.00,0.00,0.00,0.00
25063.50,5.43,773.43,2.00,24.70,62.92,21.53,0.00,0.83,1.00,0.00,0.00,0.00
25069.50,5.43,773.30,2.00,24.68,63.12,22.11,0.00,1.00,1.00,0.00,0.00,0.00
25075.50,5.42,773.32,2.00,24.68,63.52,22.52,0.00,0.83,1.00,0.00,0.00,0.00
25081.00,5.42,773.27,2.00,24.62,63.88,21.46,0.00,1.00,1.00,0.00,0.00,0.00
25086.50,5.42,773.22,2.00,24.60,63.60,20.49,0.00,1.00,1.00,0.00,0.00,0.00
25092.50,5.41,773.17,2.00,24.60,63.45,20.13,0.00,1.00,1.00,0.00,0.00,0.00
25098.50,5.41,772.98,2.00,24.60,63.65,20.15,0.00,1.00,1.00,0.00,0.00,0.00
25104.50,5.41,772.70,2.00,24.60,63.73,20.87,0.00,0.83,1.00,0.00,0.00,0.00
25109.50,5.41,772.54,2.00,24.60,64.10,21.38,0.00,0.75,1.00,0.00,0.00,0.00
25112.00,5.40,772.50,2.00,24.60,64.00,22.32,0.00,0.79,1.00,0.00,0.00,0.00
25114.50,5.39,772.46,2.00,24.60,63.90,23.27,0.00,0.83,1.00,0.00,0.00,0.00
25114.52,5.39,772.11,2.00,24.60,63.89,23.24,0.00,0.83,1.00,0.00,0.00,0.00
25114.54,5.39,771.77,2.00,24.60,63.89,23.22,0.00,0.82,1.00,0.00,0.00,0.00
25114.56,5.39,771.42,2.00,24.60,63.88,23.20,0.00,0.82,1.00,0.00,0.00,0.00
25114.58,5.39,771.07,2.00,24.60,63.87,23.18,0.00,0.81,1.00,0.00,0.00,0.00
25114.60,5.39,770.73,2.00,24.60,63.87,23.16,0.00,0.81,1.00,0.00,0.00,0.00
25114.62,5.39,770.38,2.00,24.60,63.86,23.14,0.00,0.81,1.00,0.00,0.00,0.00
25114.64,5.39,770.04,2.00,24.60,63.85,23.12,0.00,0.80,1.00,0.00,0.00,0.00
25114.66,5.39,769.69,2.00,24.60,63.85,23.10,0.00,0.80,1.00,0.00,0.00,0.00
25114.68,5.39,769.35,2.00,24.60,63.84,23.08,0.00,0.79,1.00,0.00,0.00,0.00
25114.70,5.39,769.00,2.00,24.60,63.83,23.06,0.00,0.79,1.00,0.00,0.00,0.00
25114.72,5.39,768.65,2.00,24.60,63.83,23.04,0.00,0.78,1.00,0.00,0.00,0.00
25114.73,5.39,768.31,2.00,24.60,63.82,23.02,0.00,0.78,1.00,0.00,0.00,0.00
25114.75,5.39,767.96,2.00,24.60,63.81,23.00,0.00,0.77,1.00,0.00,0.00,0.00
25114.77,5.39,767.62,2.00,24.60,63.81,22.98,0.00,0.77,1.00,0.00,0.00,0.00
25114.79,5.39,767.27,2.00,24.60,63.80,22.96,0.00,0.76,1.00,0.00,0.00,0.00
25114.81,5.39,766.93,2.00,24.60,63.79,22.94,0.00,0.76,1.00,0.00,0.00,0.00
25114.83,5.39,766.58,2.00,24.60,63.79,22.92,0.00,0.75,1.00,0.00,0.00,0.00
25114.85,5.39,766.24,2.00,24.60,63.78,22.90,0.00,0.75,1.00,0.00,0.00,0.00
25114.87,5.39,765.89,2.00,24.60,63.77,22.88,0.00,0.74,1.00,0.00,0.00,0.00
25114.89,5.39,765.54,2.00,24.60,63.77,22.86,0.00,0.74,1.00,0.00,0.00,0.00
25114.91,5.39,765.20,2.00,24.60,63.76,22.84,0.00,0.74,1.00,0.00,0.00,0.00
25114.93,5.39,764.85,2.00,24.60,63.75,22.82,0.00,0.73,1.00,0.00,0.00,0.00
25114.95,5.39,764.51,2.00,24.60,63.75,22.80,0.00,0.73,1.00,0.00,0.00,0.00
25114.97,5.39,764.16,2.00,24.60,63.74,22.78,0.00,0.72,1.00,0.00,0.00,0.00
25114.99,5.39,763.82,2.00,24.60,63.73,22.76,0.00,0.72,1.00,0.00,0.00,0.00
25115.01,5.39,763.47,2.00,24.60,63.73,22.74,0.00,0.71,1.00,0.00,0.00,0.00
25115.03,5.39,763.12,2.00,24.60,63.72,22.72,0.00,0.71,1.00,0.00,0.00,0.00
25115.05,5.39,762.78,2.00,24.60,63.71,22.70,0.00,0.70,1.00,0.00,0.00,0.00
25115.07,5.39,762.43,2.00,24.60,63.71,22.68,0.00,0.70,1.00,0.00,0.00,0.00
25115.09,5.39,762.09,2.00,24.60,63.70,22.66,0.00,0.69,1.00,0.00,0.00,0.00
25115.11,5.39,761.74,2.00,24.60,63.69,22.64,0.00,0.69,1.00,0.00,0.00,0.00
25115.13,5.39,761.40,2.00,24.60,63.69,22.62,0.00,0.68,1.00,0.00,0.00,0.00
25115.15,5.39,761.05,2.00,24.60,63.68,22.60,0.00,0.68,1.00,0.00,0.00,0.00
25115.16,5.39,760.71,2.00,24.60,63.67,22.58,0.00,0.68,1.00,0.00,0.00,0.00
25115.18,5.39,760.36,2.00,24.60,63.67,22.56,0.00,0.67,1.00,0.00,0.00,0.00
25115.20,5.39,760.01,2.00,24.60,63.66,22.54,0.00,0.67,1.00,0.00,0.00,0.00
25115.22,5.39,759.67,2.00,24.60,63.65,22.52,0.00,0.66,1.00,0.00,0.00,0.00
25115.24,5.39,759.32,2.00,24.60,63.65,22.50,0.00,0.66,1.00,0.00,0.00,0.00
25115.26,5.39,758.98,2.00,24.60,63.64,22.48,0.00,0.65,1.00,0.00,0.00,0.00
25115.28,5.39,758.63,2.00,24.60,63.63,22.46,0.00,0.65,1.00,0.00,0.00,0.00
25115.30,5.39,758.29,2.00,24.60,63.63,22.44,0.00,0.64,1.00,0.00,0.00,0.00
25115.32,5.39,757.94,2.00,24.60,63.62,22.42,0.00,0.64,1.00,0.00,0.00,0.00
25115.34,5.39,757.59,2.00,24.60,63.61,22.40,0.00,0.63,1.00,0.00,0.00,0.00
25115.36,5.39,757.25,2.00,24.60,63.61,22.38,0.00,0.63,1.00,0.00,0.00,0.00
25115.38,5.39,756.90,2.00,24.60,63.60,22.36,0.00,0.62,1.00,0.00,0.00,0.00
25115.40,5.39,756.56,2.00,24.60,63.59,22.34,0.00,0.62,1.00,0.00,0.00,0.00
25115.42,5.39,756.21,2.00,24.60,63.58,22.32,0.00,0.61,1.00,0.00,0.00,0.00
25115.44,5.39,755.87,2.00,24.60,63.58,22.30,0.00,0.61,1.00,0.00,0.00,0.00
25115.46,5.39,755.52,2.00,24.60,63.57,22.28,0.00,0.61,1.00,0.00,0.00,0.00
25115.48,5.39,755.18,2.00,24.60,63.56,22.26,0.00,0.60,1.00,0.00,0.00,0.00
25115.50,5.39,754.83,2.00,24.60,63.56,22.24,0.00,0.60,1.00,0.00,0.00,0.00
25115.52,5.38,754.48,2.00,24.60,63.55,22.21,0.00,0.59,1.00,0.00,0.00,0.00
25115.54,5.38,754.14,2.00,24.60,63.54,22.19,0.00,0.59,1.00,0.00,0.00,0.00
25115.56,5.38,753.79,2.00,24.60,63.54,22.17,0.00,0.58,1.00,0.00,0.00,0.00
25115.58,5.38,753.45,2.00,24.60,63.53,22.15,0.00,0.58,1.00,0.00,0.00,0.00
25115.59,5.38,753.10,2.00,24.60,63.52,22.13,0.00,0.57,1.00,0.00,0.00,0.00
25115.61,5.38,752.76,2.00,24.60,63.52,22.11,0.00,0.57,1.00,0.00,0.00,0.00
25115.63,5.38,752.41,2.00,24.60,63.51,22.09,0.00,0.56,1.00,0.00,0.00,0.00
25115.65,5.38,752.06,2.00,24.60,63.50,22.07,0.00,0.56,1.00,0.00,0.00,0.00
25115.67,5.38,751.72,2.00,24.60,63.50,22.05,0.00,0.55,1.00,0.00,0.00,0.00
25115.69,5.38,751.37,2.00,24.60,63.49,22.03,0.00,0.55,1.00,0.00,0.00,0.00
25115.71,5.38,751.03,2.00,24.60,63.48,22.01,0.00,0.54,1.00,0.00,0.00,0.00
25115.73,5.38,750.68,2.00,24.60,63.48,21.99,0.00,0.54,1.00,0.00,0.00,0.00
25115.75,5.38,750.34,2.00,24.60,63.47,21.97,0.00,0.54,1.00,0.00,0.00,0.00
25115.77,5.38,749.99,2.00,24.60,63.46,21.95,0.00,0.53,1.00,0.00,0.00,0.00
25115.79,5.38,749.65,2.00,24.60,63.46,21.93,0.00,0.53,1.00,0.00,0.00,0.00
25115.81,5.38,749.30,2.00,24.60,63.45,21.91,0.00,0.52,1.00,0.00,0.00,0.00
25115.83,5.38,748.95,2.00,24.60,63.44,21.89,0.00,0.52,1.00,0.00,0.00,0.00
25115.85,5.38,748.61,2.00,24.60,63.44,21.87,0.00,0.51,1.00,0.00,0.00,0.00
25115.87,5.38,748.26,2.00,24.60,63.43,21.85,0.00,0.51,1.00,0.00,0.00,0.00
25115.89,5.38,747.92,2.00,24.60,63.42,21.83,0.00,0.50,1.00,0.00,0.00,0.00
25115.91,5.38,747.57,2.00,24.60,63.42,21.81,0.00,0.50,1.00,0.00,0.00,0.00
25115.93,5.38,747.23,2.00,24.60,63.41,21.79,0.00,0.49,1.00,0.00,0.00,0.00
25115.95,5.38,746.88,2.00,24.60,63.40,21.77,0.00,0.49,1.00,0.00,0.00,0.00
25115.97,5.38,746.53,2.00,24.60,63.40,21.75,0.00,0.48,1.00,0.00,0.00,0.00
25115.99,5.38,746.19,2.00,24.60,63.39,21.73,0.00,0.48,1.00,0.00,0.00,0.00
25116.01,5.38,745.84,2.00,24.60,63.38,21.71,0.00,0.47,1.00,0.00,0.00,0.00
25116.03,5.38,745.50,2.00,24.60,63.38,21.69,0.00,0.47,1.00,0.00,0.00,0.00
25116.04,5.38,745.15,2.00,24.60,63.37,21.67,0.00,0.47,1.00,0.00,0.00,0.00
25116.06,5.38,744.81,2.00,24.60,63.36,21.65,0.00,0.46,1.00,0.00,0.00,0.00
25116.08,5.38,744.46,2.00,24.60,63.36,21.63,0.00,0.46,1.00,0.00,0.00,0.00
25116.10,5.38,744.12,2.00,24.60,63.35,21.61,0.00,0.45,1.00,0.00,0.00,0.00
25116.12,5.38,743.77,2.00,24.60,63.34,21.59,0.00,0.45,1.00,0.00,0.00,0.00
25116.14,5.38,743.42,2.00,24.60,63.34,21.57,0.00,0.44,1.00,0.00,0.00,0.00
25116.16,5.38,743.08,2.00,24.60,63.33,21.55,0.00,0.44,1.00,0.00,0.00,0.00
25116.18,5.38,742.73,2.00,24.60,63.32,21.53,0.00,0.43,1.00,0.00,0.00,0.00
25116.20,5.38,742.39,2.00,24.60,63.32,21.51,0.00,0.43,1.00,0.00,0.00,0.00
25116.22,5.38,742.04,2.00,24.60,63.31,21.49,0.00,0.42,1.00,0.00,0.00,0.00
25116.24,5.38,741.70,2.00,24.60,63.30,21.47,0.00,0.42,1.00,0.00,0.00,0.00
25116.26,5.38,741.35,2.00,24.60,63.30,21.45,0.00,0.41,1.00,0.00,0.00,0.00
25116.28,5.38,741.00,2.00,24.60,63.29,21.43,0.00,0.41,1.00,0.00,0.00,0.00
25116.30,5.38,740.66,2.00,24.60,63.28,21.41,0.00,0.41,1.00,0.00,0.00,0.00
25116.32,5.38,740.31,2.00,24.60,63.28,21.39,0.00,0.40,1.00,0.00,0.00,0.00
25116.34,5.38,739.97,2.00,24.60,63.27,21.37,0.00,0.40,1.00,0.00,0.00,0.00
25116.36,5.38,739.62,2.00,24.60,63.26,21.35,0.00,0.39,1.00,0.00,0.00,0.00
25116.38,5.38,739.28,2.00,24.60,63.26,21.33,0.00,0.39,1.00,0.00,0.00,0.00
25116.40,5.38,738.93,2.00,24.60,63.25,21.31,0.00,0.38,1.00,0.00,0.00,0.00
25116.42,5.38,738.59,2.00,24.60,63.24,21.29,0.00,0.38,1.00,0.00,0.00,0.00
25116.44,5.38,738.24,2.00,24.60,63.24,21.27,0.00,0.37,1.00,0.00,0.00,0.00
25116.46,5.38,737.89,2.00,24.60,63.23,21.25,0.00,0.37,1.00,0.00,0.00,0.00
25116.47,5.38,737.55,2.00,24.60,63.22,21.23,0.00,0.36,1.00,0.00,0.00,0.00
25116.49,5.38,737.20,2.00,24.60,63.22,21.21,0.00,0.36,1.00,0.00,0.00,0.00
25116.51,5.37,736.86,2.00,24.60,63.21,21.18,0.00,0.35,1.00,0.00,0.00,0.00
25116.53,5.37,736.51,2.00,24.60,63.20,21.16,0.00,0.35,1.00,0.00,0.00,0.00
25116.55,5.37,736.17,2.00,24.60,63.20,21.14,0.00,0.34,1.00,0.00,0.00,0.00
25116.57,5.37,735.82,2.00,24.60,63.19,21.12,0.00,0.34,1.00,0.00,0.00,0.00
25116.59,5.37,735.47,2.00,24.60,63.18,21.10,0.00,0.34,1.00,0.00,0.00,0.00
25116.61,5.37,735.13,2.00,24.60,63.18,21.08,0.00,0.33,1.00,0.00,0.00,0.00
25116.63,5.37,734.78,2.00,24.60,63.17,21.06,0.00,0.33,1.00,0.00,0.00,0.00
25116.65,5.37,734.44,2.00,24.60,63.16,21.04,0.00,0.32,1.00,0.00,0.00,0.00
25116.67,5.37,734.09,2.00,24.60,63.16,21.02,0.00,0.32,1.00,0.00,0.00,0.00
25116.69,5.37,733.75,2.00,24.60,63.15,21.00,0.00,0.31,1.00,0.00,0.00,0.00
25116.71,5.37,733.40,2.00,24.60,63.14,20.98,0.00,0.31,1.00,0.00,0.00,0.00
25116.73,5.37,733.06,2.00,24.60,63.14,20.96,0.00,0.30,1.00,0.00,0.00,0.00
25116.75,5.37,732.71,2.00,24.60,63.13,20.94,0.00,0.30,1.00,0.00,0.00,0.00
25116.77,5.37,732.36,2.00,24.60,63.12,20.92,0.00,0.29,1.00,0.00,0.00,0.00
25116.79,5.37,732.02,2.00,24.60,63.12,20.90,0.00,0.29,1.00,0.00,0.00,0.00
25116.81,5.37,731.67,2.00,24.60,63.11,20.88,0.00,0.28,1.00,0.00,0.00,0.00
25116.83,5.37,731.33,2.00,24.60,63.10,20.86,0.00,0.28,1.00,0.00,0.00,0.00
25116.85,5.37,730.98,2.00,24.60,63.10,20.84,0.00,0.27,1.00,0.00,0.00,0.00
25116.87,5.37,730.64,2.00,24.60,63.09,20.82,0.00,0.27,1.00,0.00,0.00,0.00
25116.89,5.37,730.29,2.00,24.60,63.08,20.80,0.00,0.27,1.00,0.00,0.00,0.00
25116.91,5.37,729.94,2.00,24.60,63.08,20.78,0.00,0.26,1.00,0.00,0.00,0.00
25116.92,5.37,729.60,2.00,24.60,63.07,20.76,0.00,0.26,1.00,0.00,0.00,0.00
25116.94,5.37,729.25,2.00,24.60,63.06,20.74,0.00,0.25,1.00,0.00,0.00,0.00
25116.96,5.37,728.91,2.00,24.60,63.06,20.72,0.00,0.25,1.00,0.00,0.00,0.00
25116.98,5.37,728.56,2.00,24.60,63.05,20.70,0.00,0.24,1.00,0.00,0.00,0.00
25117.00,5.37,728.22,2.00,24.60,63.04,20.68,0.00,0.24,1.00,0.00,0.00,0.00
25117.02,5.37,727.87,2.00,24.60,63.04,20.66,0.00,0.23,1.00,0.00,0.00,0.00
25117.04,5.37,727.53,2.00,24.60,63.03,20.64,0.00,0.23,1.00,0.00,0.00,0.00
25117.06,5.37,727.18,2.00,24.60,63.02,20.62,0.00,0.22,1.00,0.00,0.00,0.00
25117.08,5.37,726.83,2.00,24.60,63.02,20.60,0.00,0.22,1.00,0.00,0.00,0.00
25117.10,5.37,726.49,2.00,24.60,63.01,20.58,0.00,0.21,1.00,0.00,0.00,0.00
25117.12,5.37,726.14,2.00,24.60,63.00,20.56,0.00,0.21,1.00,0.00,0.00,0.00
25117.14,5.37,725.80,2.00,24.60,62.99,20.54,0.00,0.20,1.00,0.00,0.00,0.00
25117.16,5.37,725.45,2.00,24.60,62.99,20.52,0.00,0.20,1.00,0.00,0.00,0.00
25117.18,5.37,725.11,2.00,24.60,62.98,20.50,0.00,0.20,1.00,0.00,0.00,0.00
25117.20,5.37,724.76,2.00,24.60,62.97,20.48,0.00,0.19,1.00,0.00,0.00,0.00
25117.22,5.37,724.41,2.00,24.60,62.97,20.46,0.00,0.19,1.00,0.00,0.00,0.00
25117.24,5.37,724.07,2.00,24.60,62.96,20.44,0.00,0.18,1.00,0.00,0.00,0.00
25117.26,5.37,723.72,2.00,24.60,62.95,20.42,0.00,0.18,1.00,0.00,0.00,0.00
25117.28,5.37,723.38,2.00,24.60,62.95,20.40,0.00,0.17,1.00,0.00,0.00,0.00
25117.30,5.37,723.03,2.00,24.60,62.94,20.38,0.00,0.17,1.00,0.00,0.00,0.00
25117.32,5.37,722.69,2.00,24.60,62.93,20.36,0.00,0.16,1.00,0.00,0.00,0.00
25117.34,5.37,722.34,2.00,24.60,62.93,20.34,0.00,0.16,1.00,0.00,0.00,0.00
25117.35,5.37,722.00,2.00,24.60,62.92,20.32,0.00,0.15,1.00,0.00,0.00,0.00
25117.37,5.37,721.65,2.00,24.60,62.91,20.30,0.00,0.15,1.00,0.00,0.00,0.00
25117.39,5.37,721.30,2.00,24.60,62.91,20.28,0.00,0.14,1.00,0.00,0.00,0.00
25117.41,5.37,720.96,2.00,24.60,62.90,20.26,0.00,0.14,1.00,0.00,0.00,0.00
25117.43,5.37,720.61,2.00,24.60,62.89,20.24,0.00,0.14,1.00,0.00,0.00,0.00
25117.45,5.37,720.27,2.00,24.60,62.89,20.22,0.00,0.13,1.00,0.00,0.00,0.00
25117.47,5.37,719.92,2.00,24.60,62.88,20.20,0.00,0.13,1.00,0.00,0.00,0.00
25117.49,5.37,719.58,2.00,24.60,62.87,20.18,0.00,0.12,1.00,0.00,0.00,0.00
25117.51,5.36,719.23,2.00,24.60,62.87,20.15,0.00,0.12,1.00,0.00,0.00,0.00
25117.53,5.36,718.88,2.00,24.60,62.86,20.13,0.00,0.11,1.00,0.00,0.00,0.00
25117.55,5.36,718.54,2.00,24.60,62.85,20.11,0.00,0.11,1.00,0.00,0.00,0.00
25117.57,5.36,718.19,2.00,24.60,62.85,20.09,0.00,0.10,1.00,0.00,0.00,0.00
25117.59,5.36,717.85,2.00,24.60,62.84,20.07,0.00,0.10,1.00,0.00,0.00,0.00
25117.61,5.36,717.50,2.00,24.60,62.83,20.05,0.00,0.09,1.00,0.00,0.00,0.00
25117.63,5.36,717.16,2.00,24.60,62.83,20.03,0.00,0.09,1.00,0.00,0.00,0.00
25117.65,5.36,716.81,2.00,24.60,62.82,20.01,0.00,0.08,1.00,0.00,0.00,0.00
25117.67,5.36,716.47,2.00,24.60,62.81,19.99,0.00,0.08,1.00,0.00,0.00,0.00
25117.69,5.36,716.12,2.00,24.60,62.81,19.97,0.00,0.07,1.00,0.00,0.00,0.00
25117.71,5.36,715.77,2.00,24.60,62.80,19.95,0.00,0.07,1.00,0.00,0.00,0.00
25117.73,5.36,715.43,2.00,24.60,62.79,19.93,0.00,0.07,1.00,0.00,0.00,0.00
25117.75,5.36,715.08,2.00,24.60,62.79,19.91,0.00,0.06,1.00,0.00,0.00,0.00
25117.77,5.36,714.74,2.00,24.60,62.78,19.89,0.00,0.06,1.00,0.00,0.00,0.00
25117.78,5.36,714.39,2.00,24.60,62.77,19.87,0.00,0.05,1.00,0.00,0.00,0.00
25117.80,5.36,714.05,2.00,24.60,62.77,19.85,0.00,0.05,1.00,0.00,0.00,0.00
25117.82,5.36,713.70,2.00,24.60,62.76,19.83,0.00,0.04,1.00,0.00,0.00,0.00
25117.84,5.36,713.35,2.00,24.60,62.75,19.81,0.00,0.04,1.00,0.00,0.00,0.00
25117.86,5.36,713.01,2.00,24.60,62.75,19.79,0.00,0.03,1.00,0.00,0.00,0.00
25117.88,5.36,712.66,2.00,24.60,62.74,19.77,0.00,0.03,1.00,0.00,0.00,0.00
25117.90,5.36,712.32,2.00,24.60,62.73,19.75,0.00,0.02,1.00,0.00,0.00,0.00
25117.92,5.36,711.97,2.00,24.60,62.73,19.73,0.00,0.02,1.00,0.00,0.00,0.00
25117.94,5.36,711.63,2.00,24.60,62.72,19.71,0.00,0.01,1.00,0.00,0.00,0.00
25117.96,5.36,711.28,2.00,24.60,62.71,19.69,0.00,0.01,1.00,0.00,0.00,0.00
25117.98,5.36,710.94,2.00,24.60,62.71,19.67,0.00,0.00,1.00,0.00,0.00,0.00
25118.00,5.36,710.59,2.00,24.60,62.70,19.65,0.00,0.00,1.00,0.00,0.00,0.00
25120.50,5.36,710.66,2.00,24.58,62.92,22.01,0.00,0.00,1.00,0.00,0.00,0.00
25124.00,5.36,710.43,2.00,24.60,62.95,21.83,0.00,0.00,1.00,0.00,0.00,0.33
25124.75,5.36,710.34,2.00,24.60,63.06,21.90,0.00,0.00,0.75,0.00,0.00,0.33
25125.50,5.36,710.25,2.00,24.60,63.18,21.97,0.00,0.00,0.50,0.00,0.00,0.33
25126.25,5.35,710.16,2.00,24.60,63.29,22.04,0.00,0.00,0.25,0.00,0.00,0.33
25127.00,5.35,710.07,2.00,24.60,63.41,22.11,0.00,0.00,0.00,0.00,0.00,0.33
25131.50,5.35,709.71,2.00,24.62,61.31,23.59,0.00,0.00,0.00,0.00,0.00,0.33
25137.50,5.35,744.53,2.00,24.60,60.08,22.20,0.00,0.00,0.00,0.33,0.00,0.00
25143.50,5.35,786.74,2.00,24.60,61.18,21.87,0.00,0.00,0.00,0.17,0.00,0.00
25149.50,5.34,709.67,2.00,24.67,64.25,22.49,0.00,0.00,0.00,0.00,0.00,0.00
25155.50,5.34,709.83,2.00,24.63,63.92,22.16,0.00,0.00,0.00,0.00,0.00,0.00
25161.50,5.34,709.45,2.00,24.60,61.88,22.18,0.00,0.00,0.00,0.00,0.00,0.00
25167.50,5.35,709.01,2.00,24.60,61.12,22.03,0.00,0.00,0.00,0.00,0.00,0.00
25173.50,5.36,783.70,2.00,24.60,60.73,21.20,0.00,0.00,0.00,0.33,0.00,0.00
25179.50,5.36,708.10,2.00,24.60,61.40,21.42,0.00,0.00,0.00,0.00,0.00,0.17
25185.50,5.37,707.75,2.00,24.60,60.98,21.16,0.00,0.00,0.00,0.00,0.00,0.00
25191.50,5.38,741.37,2.00,24.60,60.40,21.53,0.00,0.00,0.00,0.17,0.00,0.17
25197.50,5.37,706.70,2.00,24.60,62.53,20.40,0.00,0.00,0.00,0.00,0.00,0.00
25203.50,5.38,706.23,2.00,24.60,63.84,22.83,0.00,0.00,0.00,0.00,0.00,0.50
25209.50,5.38,705.71,2.00,24.60,62.45,20.97,0.00,0.00,0.00,0.00,0.00,0.00
25215.50,5.39,705.54,2.00,24.60,62.75,21.81,0.00,0.00,0.00,0.00,0.00,0.00
25221.50,5.39,705.04,2.00,24.60,63.23,21.40,0.00,0.00,0.00,0.00,0.00,0.00
25227.50,5.38,704.67,2.00,24.60,63.78,22.46,0.00,0.00,0.00,0.00,0.00,0.00
25233.50,5.38,704.47,2.00,24.60,64.50,21.03,0.00,0.00,0.00,0.00,0.00,0.00
25237.50,5.38,704.37,2.00,24.60,64.80,21.55,0.00,0.00,0.00,0.00,0.00,0.00
25238.00,5.38,704.09,2.00,24.60,64.67,20.77,0.00,0.00,0.00,0.00,0.00,0.00
25238.50,5.37,703.81,2.00,24.60,64.53,20.00,0.00,0.00,0.00,0.00,0.00,0.00
25239.00,5.37,703.53,2.00,24.60,64.40,19.22,0.00,0.00,0.00,0.00,0.00,0.00
25241.50,5.37,703.14,2.00,24.60,64.83,21.78,0.00,0.00,0.00,0.00,0.00,0.00
25241.51,5.37,703.78,2.00,24.60,64.85,21.78,0.00,0.00,0.00,0.00,0.00,0.00
25241.52,5.37,704.41,2.00,24.59,64.87,21.77,0.00,0.00,0.00,0.00,0.00,0.00
25241.53,5.37,705.04,2.00,24.59,64.90,21.77,0.00,0.00,0.00,0.00,0.00,0.00
25241.54,5.37,705.67,2.00,24.59,64.92,21.76,0.00,0.00,0.00,0.00,0.00,0.00
25241.55,5.37,706.31,2.00,24.58,64.94,21.76,0.00,0.00,0.00,0.00,0.00,0.00
25241.57,5.37,706.94,2.00,24.58,64.97,21.76,0.00,0.00,0.00,0.00,0.00,0.00
25241.58,5.37,707.57,2.00,24.58,64.99,21.75,0.00,0.00,0.00,0.00,0.00,0.00
25241.59,5.37,708.21,2.00,24.57,65.02,21.75,0.00,0.00,0.00,0.00,0.00,0.00
25241.60,5.37,708.84,2.00,24.57,65.04,21.74,0.00,0.00,0.00,0.00,0.00,0.00
25241.61,5.37,709.47,2.00,24.56,65.06,21.74,0.00,0.00,0.00,0.00,0.00,0.00
25241.62,5.37,710.11,2.00,24.56,65.09,21.74,0.00,0.00,0.00,0.00,0.00,0.00
25241.63,5.37,710.74,2.00,24.56,65.11,21.73,0.00,0.00,0.00,0.00,0.00,0.00
25241.64,5.37,711.37,2.00,24.55,65.13,21.73,0.00,0.00,0.00,0.00,0.00,0.00
25241.65,5.37,712.00,2.00,24.55,65.16,21.72,0.00,0.00,0.00,0.00,0.00,0.00
25241.66,5.37,712.64,2.00,24.55,65.18,21.72,0.00,0.00,0.00,0.00,0.00,0.00
25241.67,5.37,713.27,2.00,24.54,65.21,21.72,0.00,0.00,0.00,0.00,0.00,0.00
25241.69,5.37,713.90,2.00,24.54,65.23,21.71,0.00,0.00,0.00,0.00,0.00,0.00
25241.70,5.37,714.54,2.00,24.54,65.25,21.71,0.00,0.00,0.00,0.00,0.00,0.00
25241.71,5.38,715.17,2.00,24.53,65.28,21.71,0.00,0.00,0.00,0.00,0.00,0.00
25241.72,5.38,715.80,2.00,24.53,65.30,21.70,0.00,0.00,0.00,0.00,0.00,0.00
25241.73,5.38,716.44,2.00,24.53,65.32,21.70,0.00,0.00,0.00,0.00,0.00,0.00
25241.74,5.38,717.07,2.00,24.52,65.35,21.69,0.00,0.00,0.00,0.00,0.00,0.00
25241.75,5.38,717.70,2.00,24.52,65.37,21.69,0.00,0.00,0.00,0.00,0.00,0.00
25241.76,5.38,718.33,2.00,24.51,65.40,21.69,0.00,0.00,0.00,0.00,0.00,0.00
25241.77,5.38,718.97,2.00,24.51,65.42,21.68,0.00,0.00,0.00,0.00,0.00,0.00
25241.78,5.38,719.60,2.00,24.51,65.44,21.68,0.00,0.00,0.00,0.00,0.00,0.00
25241.79,5.38,720.23,2.00,24.50,65.47,21.67,0.00,0.00,0.00,0.00,0.00,0.00
25241.81,5.38,720.87,2.00,24.50,65.49,21.67,0.00,0.00,0.00,0.00,0.00,0.00
25241.82,5.38,721.50,2.00,24.50,65.52,21.67,0.00,0.00,0.00,0.00,0.00,0.00
25241.83,5.38,722.13,2.00,24.49,65.54,21.66,0.00,0.00,0.00,0.00,0.00,0.00
25241.84,5.38,722.77,2.00,24.49,65.56,21.66,0.00,0.00,0.00,0.00,0.00,0.00
25241.85,5.38,723.40,2.00,24.49,65.59,21.65,0.00,0.00,0.00,0.00,0.00,0.00
25241.86,5.38,724.03,2.00,24.48,65.61,21.65,0.00,0.00,0.00,0.00,0.00,0.00
25241.87,5.38,724.66,2.00,24.48,65.63,21.65,0.00,0.00,0.00,0.00,0.00,0.00
25241.88,5.38,725.30,2.00,24.48,65.66,21.64,0.00,0.00,0.00,0.00,0.00,0.00
25241.89,5.38,725.93,2.00,24.47,65.68,21.64,0.00,0.00,0.00,0.00,0.00,0.00
25241.90,5.39,726.56,2.00,24.47,65.71,21.63,0.00,0.00,0.00,0.00,0.00,0.00
25241.91,5.39,727.20,2.00,24.46,65.73,21.63,0.00,0.00,0.00,0.00,0.00,0.00
25241.92,5.39,727.83,2.00,24.46,65.75,21.63,0.00,0.00,0.00,0.00,0.00,0.00
25241.94,5.39,728.46,2.00,24.46,65.78,21.62,0.00,0.00,0.00,0.00,0.00,0.00
25241.95,5.39,729.10,2.00,24.45,65.80,21.62,0.00,0.00,0.00,0.00,0.00,0.00
25241.96,5.39,729.73,2.00,24.45,65.82,21.61,0.00,0.00,0.00,0.00,0.00,0.00
25241.97,5.39,730.36,2.00,24.45,65.85,21.61,0.00,0.00,0.00,0.00,0.00,0.00
25241.98,5.39,730.99,2.00,24.44,65.87,21.61,0.00,0.00,0.00,0.00,0.00,0.00
25241.99,5.39,731.63,2.00,24.44,65.90,21.60,0.00,0.00,0.00,0.00,0.00,0.00
25242.00,5.39,732.26,2.00,24.44,65.92,21.60,0.00,0.00,0.00,0.00,0.00,0.00
25242.01,5.39,732.89,2.00,24.43,65.94,21.59,0.00,0.00,0.00,0.00,0.00,0.00
25242.02,5.39,733.53,2.00,24.43,65.97,21.59,0.00,0.00,0.00,0.00,0.00,0.00
25242.03,5.39,734.16,2.00,24.43,65.99,21.59,0.00,0.00,0.00,0.00,0.00,0.00
25242.04,5.39,734.79,2.00,24.42,66.02,21.58,0.00,0.00,0.00,0.00,0.00,0.00
25242.06,5.39,735.43,2.00,24.42,66.04,21.58,0.00,0.00,0.00,0.00,0.00,0.00
25242.07,5.39,736.06,2.00,24.41,66.06,21.58,0.00,0.00,0.00,0.00,0.00,0.00
25242.08,5.39,736.69,2.00,24.41,66.09,21.57,0.00,0.00,0.00,0.00,0.00,0.00
25242.09,5.39,737.32,2.00,24.41,66.11,21.57,0.00,0.00,0.00,0.00,0.00,0.00
25242.10,5.40,737.96,2.00,24.40,66.13,21.56,0.00,0.00,0.00,0.00,0.00,0.00
25242.11,5.40,738.59,2.00,24.40,66.16,21.56,0.00,0.00,0.00,0.00,0.00,0.00
25242.12,5.40,739.22,2.00,24.40,66.18,21.56,0.00,0.00,0.00,0.00,0.00,0.00
25242.13,5.40,739.86,2.00,24.39,66.21,21.55,0.00,0.00,0.00,0.00,0.00,0.00
25242.14,5.40,740.49,2.00,24.39,66.23,21.55,0.00,0.00,0.00,0.00,0.00,0.00
25242.15,5.40,741.12,2.00,24.39,66.25,21.54,0.00,0.00,0.00,0.00,0.00,0.00
25242.16,5.40,741.76,2.00,24.38,66.28,21.54,0.00,0.00,0.00,0.00,0.00,0.00
25242.18,5.40,742.39,2.00,24.38,66.30,21.54,0.00,0.00,0.00,0.00,0.00,0.00
25242.19,5.40,743.02,2.00,24.38,66.32,21.53,0.00,0.00,0.00,0.00,0.00,0.00
25242.20,5.40,743.66,2.00,24.37,66.35,21.53,0.00,0.00,0.00,0.00,0.00,0.00
25242.21,5.40,744.29,2.00,24.37,66.37,21.52,0.00,0.00,0.00,0.00,0.00,0.00
25242.22,5.40,744.92,2.00,24.37,66.40,21.52,0.00,0.00,0.00,0.00,0.00,0.00
25242.23,5.40,745.55,2.00,24.36,66.42,21.52,0.00,0.00,0.00,0.00,0.00,0.00
25242.24,5.40,746.19,2.00,24.36,66.44,21.51,0.00,0.00,0.00,0.00,0.00,0.00
25242.25,5.40,746.82,2.00,24.35,66.47,21.51,0.00,0.00,0.00,0.00,0.00,0.00
25242.26,5.40,747.45,2.00,24.35,66.49,21.50,0.00,0.00,0.00,0.00,0.00,0.00
25242.27,5.40,748.09,2.00,24.35,66.51,21.50,0.00,0.00,0.00,0.00,0.00,0.00
25242.28,5.40,748.72,2.00,24.34,66.54,21.50,0.00,0.00,0.00,0.00,0.00,0.00
25242.30,5.41,749.35,2.00,24.34,66.56,21.49,0.00,0.00,0.00,0.00,0.00,0.00
25242.31,5.41,749.99,2.00,24.34,66.59,21.49,0.00,0.00,0.00,0.00,0.00,0.00
25242.32,5.41,750.62,2.00,24.33,66.61,21.48,0.00,0.00,0.00,0.00,0.00,0.00
25242.33,5.41,751.25,2.00,24.33,66.63,21.48,0.00,0.00,0.00,0.00,0.00,0.00
25242.34,5.41,751.88,2.00,24.33,66.66,21.48,0.00,0.00,0.00,0.00,0.00,0.00
25242.35,5.41,752.52,2.00,24.32,66.68,21.47,0.00,0.00,0.00,0.00,0.00,0.00
25242.36,5.41,753.15,2.00,24.32,66.71,21.47,0.00,0.00,0.00,0.00,0.00,0.00
25242.37,5.41,753.78,2.00,24.32,66.73,21.46,0.00,0.00,0.00,0.00,0.00,0.00
25242.38,5.41,754.42,2.00,24.31,66.75,21.46,0.00,0.00,0.00,0.00,0.00,0.00
25242.39,5.41,755.05,2.00,24.31,66.78,21.46,0.00,0.00,0.00,0.00,0.00,0.00
25242.40,5.41,755.68,2.00,24.30,66.80,21.45,0.00,0.00,0.00,0.00,0.00,0.00
25242.42,5.41,756.32,2.00,24.30,66.82,21.45,0.00,0.00,0.00,0.00,0.00,0.00
25242.43,5.41,756.95,2.00,24.30,66.85,21.45,0.00,0.00,0.00,0.00,0.00,0.00
25242.44,5.41,757.58,2.00,24.29,66.87,21.44,0.00,0.00,0.00,0.00,0.00,0.00
25242.45,5.41,758.21,2.00,24.29,66.90,21.44,0.00,0.00,0.00,0.00,0.00,0.00
25242.46,5.41,758.85,2.00,24.29,66.92,21.43,0.00,0.00,0.00,0.00,0.00,0.00
25242.47,5.41,759.48,2.00,24.28,66.94,21.43,0.00,0.00,0.00,0.00,0.00,0.00
25242.48,5.41,760.11,2.00,24.28,66.97,21.43,0.00,0.00,0.00,0.00,0.00,0.00
25242.49,5.42,760.75,2.00,24.28,66.99,21.42,0.00,0.00,0.00,0.00,0.00,0.00
25242.50,5.42,761.38,2.00,24.27,67.01,21.42,0.00,0.00,0.00,0.00,0.00,0.00
25242.51,5.42,762.01,2.00,24.27,67.04,21.41,0.00,0.00,0.00,0.00,0.00,0.00
25242.52,5.42,762.65,2.00,24.27,67.06,21.41,0.00,0.00,0.00,0.00,0.00,0.00
25242.53,5.42,763.28,2.00,24.26,67.09,21.41,0.00,0.00,0.00,0.00,0.00,0.00
25242.55,5.42,763.91,2.00,24.26,67.11,21.40,0.00,0.00,0.00,0.00,0.00,0.00
25242.56,5.42,764.54,2.00,24.25,67.13,21.40,0.00,0.00,0.00,0.00,0.00,0.00
25242.57,5.42,765.18,2.00,24.25,67.16,21.39,0.00,0.00,0.00,0.00,0.00,0.00
25242.58,5.42,765.81,2.00,24.25,67.18,21.39,0.00,0.00,0.00,0.00,0.00,0.00
25242.59,5.42,766.44,2.00,24.24,67.21,21.39,0.00,0.00,0.00,0.00,0.00,0.00
25242.60,5.42,767.08,2.00,24.24,67.23,21.38,0.00,0.00,0.00,0.00,0.00,0.00
25242.61,5.42,767.71,2.00,24.24,67.25,21.38,0.00,0.00,0.00,0.00,0.00,0.00
25242.62,5.42,768.34,2.00,24.23,67.28,21.37,0.00,0.00,0.00,0.00,0.00,0.00
25242.63,5.42,768.98,2.00,24.23,67.30,21.37,0.00,0.00,0.00,0.00,0.00,0.00
25242.64,5.42,769.61,2.00,24.23,67.32,21.37,0.00,0.00,0.00,0.00,0.00,0.00
25242.65,5.42,770.24,2.00,24.22,67.35,21.36,0.00,0.00,0.00,0.00,0.00,0.00
25242.67,5.42,770.87,2.00,24.22,67.37,21.36,0.00,0.00,0.00,0.00,0.00,0.00
25242.68,5.42,771.51,2.00,24.22,67.40,21.35,0.00,0.00,0.00,0.00,0.00,0.00
25242.69,5.43,772.14,2.00,24.21,67.42,21.35,0.00,0.00,0.00,0.00,0.00,0.00
25242.70,5.43,772.77,2.00,24.21,67.44,21.35,0.00,0.00,0.00,0.00,0.00,0.00
25242.71,5.43,773.41,2.00,24.21,67.47,21.34,0.00,0.00,0.00,0.00,0.00,0.00
25242.72,5.43,774.04,2.00,24.20,67.49,21.34,0.00,0.00,0.00,0.00,0.00,0.00
25242.73,5.43,774.67,2.00,24.20,67.51,21.33,0.00,0.00,0.00,0.00,0.00,0.00
25242.74,5.43,775.31,2.00,24.19,67.54,21.33,0.00,0.00,0.00,0.00,0.00,0.00
25242.75,5.43,775.94,2.00,24.19,67.56,21.33,0.00,0.00,0.00,0.00,0.00,0.00
25242.76,5.43,776.57,2.00,24.19,67.59,21.32,0.00,0.00,0.00,0.00,0.00,0.00
25242.77,5.43,777.20,2.00,24.18,67.61,21.32,0.00,0.00,0.00,0.00,0.00,0.00
25242.79,5.43,777.84,2.00,24.18,67.63,21.32,0.00,0.00,0.00,0.00,0.00,0.00
25242.80,5.43,778.47,2.00,24.18,67.66,21.31,0.00,0.00,0.00,0.00,0.00,0.00
25242.81,5.43,779.10,2.00,24.17,67.68,21.31,0.00,0.00,0.00,0.00,0.00,0.00
25242.82,5.43,779.74,2.00,24.17,67.71,21.30,0.00,0.00,0.00,0.00,0.00,0.00
25242.83,5.43,780.37,2.00,24.17,67.73,21.30,0.00,0.00,0.00,0.00,0.00,0.00
25242.84,5.43,781.00,2.00,24.16,67.75,21.30,0.00,0.00,0.00,0.00,0.00,0.00
25242.85,5.43,781.64,2.00,24.16,67.78,21.29,0.00,0.00,0.00,0.00,0.00,0.00
25242.86,5.43,782.27,2.00,24.16,67.80,21.29,0.00,0.00,0.00,0.00,0.00,0.00
25242.87,5.43,782.90,2.00,24.15,67.82,21.28,0.00,0.00,0.00,0.00,0.00,0.00
25242.88,5.44,783.53,2.00,24.15,67.85,21.28,0.00,0.00,0.00,0.00,0.00,0.00
25242.89,5.44,784.17,2.00,24.14,67.87,21.28,0.00,0.00,0.00,0.00,0.00,0.00
25242.91,5.44,784.80,2.00,24.14,67.90,21.27,0.00,0.00,0.00,0.00,0.00,0.00
25242.92,5.44,785.43,2.00,24.14,67.92,21.27,0.00,0.00,0.00,0.00,0.00,0.00
25242.93,5.44,786.07,2.00,24.13,67.94,21.26,0.00,0.00,0.00,0.00,0.00,0.00
25242.94,5.44,786.70,2.00,24.13,67.97,21.26,0.00,0.00,0.00,0.00,0.00,0.00
25242.95,5.44,787.33,2.00,24.13,67.99,21.26,0.00,0.00,0.00,0.00,0.00,0.00
25242.96,5.44,787.97,2.00,24.12,68.01,21.25,0.00,0.00,0.00,0.00,0.00,0.00
25242.97,5.44,788.60,2.00,24.12,68.04,21.25,0.00,0.00,0.00,0.00,0.00,0.00
25242.98,5.44,789.23,2.00,24.12,68.06,21.24,0.00,0.00,0.00,0.00,0.00,0.00
25242.99,5.44,789.86,2.00,24.11,68.09,21.24,0.00,0.00,0.00,0.00,0.00,0.00
25243.00,5.44,790.50,2.00,24.11,68.11,21.24,0.00,0.00,0.00,0.00,0.00,0.00
25243.01,5.44,791.13,2.00,24.11,68.13,21.23,0.00,0.00,0.00,0.00,0.00,0.00
25243.03,5.44,791.76,2.00,24.10,68.16,21.23,0.00,0.00,0.00,0.00,0.00,0.00
25243.04,5.44,792.40,2.00,24.10,68.18,21.22,0.00,0.00,0.00,0.00,0.00,0.00
25243.05,5.44,793.03,2.00,24.09,68.20,21.22,0.00,0.00,0.00,0.00,0.00,0.00
25243.06,5.44,793.66,2.00,24.09,68.23,21.22,0.00,0.00,0.00,0.00,0.00,0.00
25243.07,5.44,794.30,2.00,24.09,68.25,21.21,0.00,0.00,0.00,0.00,0.00,0.00
25243.08,5.45,794.93,2.00,24.08,68.28,21.21,0.00,0.00,0.00,0.00,0.00,0.00
25243.09,5.45,795.56,2.00,24.08,68.30,21.20,0.00,0.00,0.00,0.00,0.00,0.00
25243.10,5.45,796.19,2.00,24.08,68.32,21.20,0.00,0.00,0.00,0.00,0.00,0.00
25243.11,5.45,796.83,2.00,24.07,68.35,21.20,0.00,0.00,0.00,0.00,0.00,0.00
25243.12,5.45,797.46,2.00,24.07,68.37,21.19,0.00,0.00,0.00,0.00,0.00,0.00
25243.13,5.45,798.09,2.00,24.07,68.40,21.19,0.00,0.00,0.00,0.00,0.00,0.00
25243.14,5.45,798.73,2.00,24.06,68.42,21.19,0.00,0.00,0.00,0.00,0.00,0.00
25243.16,5.45,799.36,2.00,24.06,68.44,21.18,0.00,0.00,0.00,0.00,0.00,0.00
25243.17,5.45,799.99,2.00,24.06,68.47,21.18,0.00,0.00,0.00,0.00,0.00,0.00
25243.18,5.45,800.63,2.00,24.05,68.49,21.17,0.00,0.00,0.00,0.00,0.00,0.00
25243.19,5.45,801.26,2.00,24.05,68.51,21.17,0.00,0.00,0.00,0.00,0.00,0.00
25243.20,5.45,801.89,2.00,24.04,68.54,21.17,0.00,0.00,0.00,0.00,0.00,0.00
25243.21,5.45,802.52,2.00,24.04,68.56,21.16,0.00,0.00,0.00,0.00,0.00,0.00
25243.22,5.45,803.16,2.00,24.04,68.59,21.16,0.00,0.00,0.00,0.00,0.00,0.00
25243.23,5.45,803.79,2.00,24.03,68.61,21.15,0.00,0.00,0.00,0.00,0.00,0.00
25243.24,5.45,804.42,2.00,24.03,68.63,21.15,0.00,0.00,0.00,0.00,0.00,0.00
25243.25,5.45,805.06,2.00,24.03,68.66,21.15,0.00,0.00,0.00,0.00,0.00,0.00
25243.26,5.45,805.69,2.00,24.02,68.68,21.14,0.00,0.00,0.00,0.00,0.00,0.00
25243.28,5.45,806.32,2.00,24.02,68.70,21.14,0.00,0.00,0.00,0.00,0.00,0.00
25243.29,5.46,806.96,2.00,24.02,68.73,21.13,0.00,0.00,0.00,0.00,0.00,0.00
25243.30,5.46,807.59,2.00,24.01,68.75,21.13,0.00,0.00,0.00,0.00,0.00,0.00
25243.31,5.46,808.22,2.00,24.01,68.78,21.13,0.00,0.00,0.00,0.00,0.00,0.00
25243.32,5.46,808.85,2.00,24.01,68.80,21.12,0.00,0.00,0.00,0.00,0.00,0.00
25243.33,5.46,809.49,2.00,24.00,68.82,21.12,0.00,0.00,0.00,0.00,0.00,0.00
25243.34,5.46,810.12,2.00,24.00,68.85,21.11,0.00,0.00,0.00,0.00,0.00,0.00
25243.35,5.46,810.75,2.00,24.00,68.87,21.11,0.00,0.00,0.00,0.00,0.00,0.00
25243.36,5.46,811.39,2.00,23.99,68.90,21.11,0.00,0.00,0.00,0.00,0.00,0.00
25243.37,5.46,812.02,2.00,23.99,68.92,21.10,0.00,0.00,0.00,0.00,0.00,0.00
25243.38,5.46,812.65,2.00,23.98,68.94,21.10,0.00,0.00,0.00,0.00,0.00,0.00
25243.40,5.46,813.29,2.00,23.98,68.97,21.09,0.00,0.00,0.00,0.00,0.00,0.00
25243.41,5.46,813.92,2.00,23.98,68.99,21.09,0.00,0.00,0.00,0.00,0.00,0.00
25243.42,5.46,814.55,2.00,23.97,69.01,21.09,0.00,0.00,0.00,0.00,0.00,0.00
25243.43,5.46,815.18,2.00,23.97,69.04,21.08,0.00,0.00,0.00,0.00,0.00,0.00
25243.44,5.46,815.82,2.00,23.97,69.06,21.08,0.00,0.00,0.00,0.00,0.00,0.00
25243.45,5.46,816.45,2.00,23.96,69.09,21.07,0.00,0.00,0.00,0.00,0.00,0.00
25243.46,5.46,817.08,2.00,23.96,69.11,21.07,0.00,0.00,0.00,0.00,0.00,0.00
25243.47,5.46,817.72,2.00,23.96,69.13,21.07,0.00,0.00,0.00,0.00,0.00,0.00
25243.48,5.47,818.35,2.00,23.95,69.16,21.06,0.00,0.00,0.00,0.00,0.00,0.00
25243.49,5.47,818.98,2.00,23.95,69.18,21.06,0.00,0.00,0.00,0.00,0.00,0.00
25243.50,5.47,819.62,2.00,23.95,69.20,21.06,0.00,0.00,0.00,0.00,0.00,0.00
25243.52,5.47,820.25,2.00,23.94,69.23,21.05,0.00,0.00,0.00,0.00,0.00,0.00
25243.53,5.47,820.88,2.00,23.94,69.25,21.05,0.00,0.00,0.00,0.00,0.00,0.00
25243.54,5.47,821.52,2.00,23.93,69.28,21.04,0.00,0.00,0.00,0.00,0.00,0.00
25243.55,5.47,822.15,2.00,23.93,69.30,21.04,0.00,0.00,0.00,0.00,0.00,0.00
25243.56,5.47,822.78,2.00,23.93,69.32,21.04,0.00,0.00,0.00,0.00,0.00,0.00
25243.57,5.47,823.41,2.00,23.92,69.35,21.03,0.00,0.00,0.00,0.00,0.00,0.00
25243.58,5.47,824.05,2.00,23.92,69.37,21.03,0.00,0.00,0.00,0.00,0.00,0.00
25243.59,5.47,824.68,2.00,23.92,69.39,21.02,0.00,0.00,0.00,0.00,0.00,0.00
25243.60,5.47,825.31,2.00,23.91,69.42,21.02,0.00,0.00,0.00,0.00,0.00,0.00
25243.61,5.47,825.95,2.00,23.91,69.44,21.02,0.00,0.00,0.00,0.00,0.00,0.00
25243.62,5.47,826.58,2.00,23.91,69.47,21.01,0.00,0.00,0.00,0.00,0.00,0.00
25243.64,5.47,827.21,2.00,23.90,69.49,21.01,0.00,0.00,0.00,0.00,0.00,0.00
25243.65,5.47,827.85,2.00,23.90,69.51,21.00,0.00,0.00,0.00,0.00,0.00,0.00
25243.66,5.47,828.48,2.00,23.90,69.54,21.00,0.00,0.00,0.00,0.00,0.00,0.00
25243.67,5.47,829.11,2.00,23.89,69.56,21.00,0.00,0.00,0.00,0.00,0.00,0.00
25243.68,5.48,829.74,2.00,23.89,69.59,20.99,0.00,0.00,0.00,0.00,0.00,0.00
25243.69,5.48,830.38,2.00,23.88,69.61,20.99,0.00,0.00,0.00,0.00,0.00,0.00
25243.70,5.48,831.01,2.00,23.88,69.63,20.98,0.00,0.00,0.00,0.00,0.00,0.00
25243.71,5.48,831.64,2.00,23.88,69.66,20.98,0.00,0.00,0.00,0.00,0.00,0.00
25243.72,5.48,832.28,2.00,23.87,69.68,20.98,0.00,0.00,0.00,0.00,0.00,0.00
25243.73,5.48,832.91,2.00,23.87,69.70,20.97,0.00,0.00,0.00,0.00,0.00,0.00
25243.74,5.48,833.54,2.00,23.87,69.73,20.97,0.00,0.00,0.00,0.00,0.00,0.00
25243.75,5.48,834.18,2.00,23.86,69.75,20.96,0.00,0.00,0.00,0.00,0.00,0.00
25243.77,5.48,834.81,2.00,23.86,69.78,20.96,0.00,0.00,0.00,0.00,0.00,0.00
25243.78,5.48,835.44,2.00,23.86,69.80,20.96,0.00,0.00,0.00,0.00,0.00,0.00
25243.79,5.48,836.07,2.00,23.85,69.82,20.95,0.00,0.00,0.00,0.00,0.00,0.00
25243.80,5.48,836.71,2.00,23.85,69.85,20.95,0.00,0.00,0.00,0.00,0.00,0.00
25243.81,5.48,837.34,2.00,23.85,69.87,20.94,0.00,0.00,0.00,0.00,0.00,0.00
25243.82,5.48,837.97,2.00,23.84,69.89,20.94,0.00,0.00,0.00,0.00,0.00,0.00
25243.83,5.48,838.61,2.00,23.84,69.92,20.94,0.00,0.00,0.00,0.00,0.00,0.00
25243.84,5.48,839.24,2.00,23.83,69.94,20.93,0.00,0.00,0.00,0.00,0.00,0.00
25243.85,5.48,839.87,2.00,23.83,69.97,20.93,0.00,0.00,0.00,0.00,0.00,0.00
25243.86,5.48,840.51,2.00,23.83,69.99,20.93,0.00,0.00,0.00,0.00,0.00,0.00
25243.87,5.49,841.14,2.00,23.82,70.01,20.92,0.00,0.00,0.00,0.00,0.00,0.00
25243.89,5.49,841.77,2.00,23.82,70.04,20.92,0.00,0.00,0.00,0.00,0.00,0.00
25243.90,5.49,842.40,2.00,23.82,70.06,20.91,0.00,0.00,0.00,0.00,0.00,0.00
25243.91,5.49,843.04,2.00,23.81,70.09,20.91,0.00,0.00,0.00,0.00,0.00,0.00
25243.92,5.49,843.67,2.00,23.81,70.11,20.91,0.00,0.00,0.00,0.00,0.00,0.00
25243.93,5.49,844.30,2.00,23.81,70.13,20.90,0.00,0.00,0.00,0.00,0.00,0.00
25243.94,5.49,844.94,2.00,23.80,70.16,20.90,0.00,0.00,0.00,0.00,0.00,0.00
25243.95,5.49,845.57,2.00,23.80,70.18,20.89,0.00,0.00,0.00,0.00,0.00,0.00
25243.96,5.49,846.20,2.00,23.80,70.20,20.89,0.00,0.00,0.00,0.00,0.00,0.00
25243.97,5.49,846.84,2.00,23.79,70.23,20.89,0.00,0.00,0.00,0.00,0.00,0.00
25243.98,5.49,847.47,2.00,23.79,70.25,20.88,0.00,0.00,0.00,0.00,0.00,0.00
25243.99,5.49,848.10,2.00,23.79,70.28,20.88,0.00,0.00,0.00,0.00,0.00,0.00
25244.01,5.49,848.73,2.00,23.78,70.30,20.87,0.00,0.00,0.00,0.00,0.00,0.00
25244.02,5.49,849.37,2.00,23.78,70.32,20.87,0.00,0.00,0.00,0.00,0.00,0.00
25244.03,5.49,850.00,2.00,23.77,70.35,20.87,0.00,0.00,0.00,0.00,0.00,0.00
25244.04,5.49,850.63,2.00,23.77,70.37,20.86,0.00,0.00,0.00,0.00,0.00,0.00
25244.05,5.49,851.27,2.00,23.77,70.39,20.86,0.00,0.00,0.00,0.00,0.00,0.00
25244.06,5.49,851.90,2.00,23.76,70.42,20.85,0.00,0.00,0.00,0.00,0.00,0.00
25244.07,5.50,852.53,2.00,23.76,70.44,20.85,0.00,0.00,0.00,0.00,0.00,0.00
25244.08,5.50,853.17,2.00,23.76,70.47,20.85,0.00,0.00,0.00,0.00,0.00,0.00
25244.09,5.50,853.80,2.00,23.75,70.49,20.84,0.00,0.00,0.00,0.00,0.00,0.00
25244.10,5.50,854.43,2.00,23.75,70.51,20.84,0.00,0.00,0.00,0.00,0.00,0.00
25244.11,5.50,855.06,2.00,23.75,70.54,20.83,0.00,0.00,0.00,0.00,0.00,0.00
25244.13,5.50,855.70,2.00,23.74,70.56,20.83,0.00,0.00,0.00,0.00,0.00,0.00
25244.14,5.50,856.33,2.00,23.74,70.59,20.83,0.00,0.00,0.00,0.00,0.00,0.00
25244.15,5.50,856.96,2.00,23.74,70.61,20.82,0.00,0.00,0.00,0.00,0.00,0.00
25244.16,5.50,857.60,2.00,23.73,70.63,20.82,0.00,0.00,0.00,0.00,0.00,0.00
25244.17,5.50,858.23,2.00,23.73,70.66,20.81,0.00,0.00,0.00,0.00,0.00,0.00
25244.18,5.50,858.86,2.00,23.72,70.68,20.81,0.00,0.00,0.00,0.00,0.00,0.00
25244.19,5.50,859.50,2.00,23.72,70.70,20.81,0.00,0.00,0.00,0.00,0.00,0.00
25244.20,5.50,860.13,2.00,23.72,70.73,20.80,0.00,0.00,0.00,0.00,0.00,0.00
25244.21,5.50,860.76,2.00,23.71,70.75,20.80,0.00,0.00,0.00,0.00,0.00,0.00
25244.22,5.50,861.39,2.00,23.71,70.78,20.80,0.00,0.00,0.00,0.00,0.00,0.00
25244.23,5.50,862.03,2.00,23.71,70.80,20.79,0.00,0.00,0.00,0.00,0.00,0.00
25244.25,5.50,862.66,2.00,23.70,70.82,20.79,0.00,0.00,0.00,0.00,0.00,0.00
25244.26,5.50,863.29,2.00,23.70,70.85,20.78,0.00,0.00,0.00,0.00,0.00,0.00
25244.27,5.51,863.93,2.00,23.70,70.87,20.78,0.00,0.00,0.00,0.00,0.00,0.00
25244.28,5.51,864.56,2.00,23.69,70.89,20.78,0.00,0.00,0.00,0.00,0.00,0.00
25244.29,5.51,865.19,2.00,23.69,70.92,20.77,0.00,0.00,0.00,0.00,0.00,0.00
25244.30,5.51,865.83,2.00,23.69,70.94,20.77,0.00,0.00,0.00,0.00,0.00,0.00
25244.31,5.51,866.46,2.00,23.68,70.97,20.76,0.00,0.00,0.00,0.00,0.00,0.00
25244.32,5.51,867.09,2.00,23.68,70.99,20.76,0.00,0.00,0.00,0.00,0.00,0.00
25244.33,5.51,867.72,2.00,23.67,71.01,20.76,0.00,0.00,0.00,0.00,0.00,0.00
25244.34,5.51,868.36,2.00,23.67,71.04,20.75,0.00,0.00,0.00,0.00,0.00,0.00
25244.35,5.51,868.99,2.00,23.67,71.06,20.75,0.00,0.00,0.00,0.00,0.00,0.00
25244.36,5.51,869.62,2.00,23.66,71.08,20.74,0.00,0.00,0.00,0.00,0.00,0.00
25244.38,5.51,870.26,2.00,23.66,71.11,20.74,0.00,0.00,0.00,0.00,0.00,0.00
25244.39,5.51,870.89,2.00,23.66,71.13,20.74,0.00,0.00,0.00,0.00,0.00,0.00
25244.40,5.51,871.52,2.00,23.65,71.16,20.73,0.00,0.00,0.00,0.00,0.00,0.00
25244.41,5.51,872.16,2.00,23.65,71.18,20.73,0.00,0.00,0.00,0.00,0.00,0.00
25244.42,5.51,872.79,2.00,23.65,71.20,20.72,0.00,0.00,0.00,0.00,0.00,0.00
25244.43,5.51,873.42,2.00,23.64,71.23,20.72,0.00,0.00,0.00,0.00,0.00,0.00
25244.44,5.51,874.05,2.00,23.64,71.25,20.72,0.00,0.00,0.00,0.00,0.00,0.00
25244.45,5.51,874.69,2.00,23.64,71.28,20.71,0.00,0.00,0.00,0.00,0.00,0.00
25244.46,5.52,875.32,2.00,23.63,71.30,20.71,0.00,0.00,0.00,0.00,0.00,0.00
25244.47,5.52,875.95,2.00,23.63,71.32,20.70,0.00,0.00,0.00,0.00,0.00,0.00
25244.48,5.52,876.59,2.00,23.62,71.35,20.70,0.00,0.00,0.00,0.00,0.00,0.00
25244.50,5.52,877.22,2.00,23.62,71.37,20.70,0.00,0.00,0.00,0.00,0.00,0.00
25244.51,5.52,877.85,2.00,23.62,71.39,20.69,0.00,0.00,0.00,0.00,0.00,0.00
25244.52,5.52,878.49,2.00,23.61,71.42,20.69,0.00,0.00,0.00,0.00,0.00,0.00
25244.53,5.52,879.12,2.00,23.61,71.44,20.68,0.00,0.00,0.00,0.00,0.00,0.00
25244.54,5.52,879.75,2.00,23.61,71.47,20.68,0.00,0.00,0.00,0.00,0.00,0.00
25244.55,5.52,880.38,2.00,23.60,71.49,20.68,0.00,0.00,0.00,0.00,0.00,0.00
25244.56,5.52,881.02,2.00,23.60,71.51,20.67,0.00,0.00,0.00,0.00,0.00,0.00
25244.57,5.52,881.65,2.00,23.60,71.54,20.67,0.00,0.00,0.00,0.00,0.00,0.00
25244.58,5.52,882.28,2.00,23.59,71.56,20.67,0.00,0.00,0.00,0.00,0.00,0.00
25244.59,5.52,882.92,2.00,23.59,71.58,20.66,0.00,0.00,0.00,0.00,0.00,0.00
25244.60,5.52,883.55,2.00,23.59,71.61,20.66,0.00,0.00,0.00,0.00,0.00,0.00
25244.62,5.52,884.18,2.00,23.58,71.63,20.65,0.00,0.00,0.00,0.00,0.00,0.00
25244.63,5.52,884.82,2.00,23.58,71.66,20.65,0.00,0.00,0.00,0.00,0.00,0.00
25244.64,5.52,885.45,2.00,23.58,71.68,20.65,0.00,0.00,0.00,0.00,0.00,0.00
25244.65,5.52,886.08,2.00,23.57,71.70,20.64,0.00,0.00,0.00,0.00,0.00,0.00
25244.66,5.53,886.71,2.00,23.57,71.73,20.64,0.00,0.00,0.00,0.00,0.00,0.00
25244.67,5.53,887.35,2.00,23.56,71.75,20.63,0.00,0.00,0.00,0.00,0.00,0.00
25244.68,5.53,887.98,2.00,23.56,71.78,20.63,0.00,0.00,0.00,0.00,0.00,0.00
25244.69,5.53,888.61,2.00,23.56,71.80,20.63,0.00,0.00,0.00,0.00,0.00,0.00
25244.70,5.53,889.25,2.00,23.55,71.82,20.62,0.00,0.00,0.00,0.00,0.00,0.00
25244.71,5.53,889.88,2.00,23.55,71.85,20.62,0.00,0.00,0.00,0.00,0.00,0.00
25244.72,5.53,890.51,2.00,23.55,71.87,20.61,0.00,0.00,0.00,0.00,0.00,0.00
25244.74,5.53,891.15,2.00,23.54,71.89,20.61,0.00,0.00,0.00,0.00,0.00,0.00
25244.75,5.53,891.78,2.00,23.54,71.92,20.61,0.00,0.00,0.00,0.00,0.00,0.00
25244.76,5.53,892.41,2.00,23.54,71.94,20.60,0.00,0.00,0.00,0.00,0.00,0.00
25244.77,5.53,893.05,2.00,23.53,71.97,20.60,0.00,0.00,0.00,0.00,0.00,0.00
25244.78,5.53,893.68,2.00,23.53,71.99,20.59,0.00,0.00,0.00,0.00,0.00,0.00
25244.79,5.53,894.31,2.00,23.53,72.01,20.59,0.00,0.00,0.00,0.00,0.00,0.00
25244.80,5.53,894.94,2.00,23.52,72.04,20.59,0.00,0.00,0.00,0.00,0.00,0.00
25244.81,5.53,895.58,2.00,23.52,72.06,20.58,0.00,0.00,0.00,0.00,0.00,0.00
25244.82,5.53,896.21,2.00,23.51,72.08,20.58,0.00,0.00,0.00,0.00,0.00,0.00
25244.83,5.53,896.84,2.00,23.51,72.11,20.57,0.00,0.00,0.00,0.00,0.00,0.00
25244.84,5.53,897.48,2.00,23.51,72.13,20.57,0.00,0.00,0.00,0.00,0.00,0.00
25244.86,5.53,898.11,2.00,23.50,72.16,20.57,0.00,0.00,0.00,0.00,0.00,0.00
25244.87,5.54,898.74,2.00,23.50,72.18,20.56,0.00,0.00,0.00,0.00,0.00,0.00
25244.88,5.54,899.38,2.00,23.50,72.20,20.56,0.00,0.00,0.00,0.00,0.00,0.00
25244.89,5.54,900.01,2.00,23.49,72.23,20.55,0.00,0.00,0.00,0.00,0.00,0.00
25244.90,5.54,900.64,2.00,23.49,72.25,20.55,0.00,0.00,0.00,0.00,0.00,0.00
25244.91,5.54,901.27,2.00,23.49,72.27,20.55,0.00,0.00,0.00,0.00,0.00,0.00
25244.92,5.54,901.91,2.00,23.48,72.30,20.54,0.00,0.00,0.00,0.00,0.00,0.00
25244.93,5.54,902.54,2.00,23.48,72.32,20.54,0.00,0.00,0.00,0.00,0.00,0.00
25244.94,5.54,903.17,2.00,23.48,72.35,20.54,0.00,0.00,0.00,0.00,0.00,0.00
25244.95,5.54,903.81,2.00,23.47,72.37,20.53,0.00,0.00,0.00,0.00,0.00,0.00
25244.96,5.54,904.44,2.00,23.47,72.39,20.53,0.00,0.00,0.00,0.00,0.00,0.00
25244.97,5.54,905.07,2.00,23.46,72.42,20.52,0.00,0.00,0.00,0.00,0.00,0.00
25244.99,5.54,905.71,2.00,23.46,72.44,20.52,0.00,0.00,0.00,0.00,0.00,0.00
25245.00,5.54,906.34,2.00,23.46,72.47,20.52,0.00,0.00,0.00,0.00,0.00,0.00
25245.01,5.54,906.97,2.00,23.45,72.49,20.51,0.00,0.00,0.00,0.00,0.00,0.00
25245.02,5.54,907.60,2.00,23.45,72.51,20.51,0.00,0.00,0.00,0.00,0.00,0.00
25245.03,5.54,908.24,2.00,23.45,72.54,20.50,0.00,0.00,0.00,0.00,0.00,0.00
25245.04,5.54,908.87,2.00,23.44,72.56,20.50,0.00,0.00,0.00,0.00,0.00,0.00
25245.05,5.54,909.50,2.00,23.44,72.58,20.50,0.00,0.00,0.00,0.00,0.00,0.00
25245.06,5.55,910.14,2.00,23.44,72.61,20.49,0.00,0.00,0.00,0.00,0.00,0.00
25245.07,5.55,910.77,2.00,23.43,72.63,20.49,0.00,0.00,0.00,0.00,0.00,0.00
25245.08,5.55,911.40,2.00,23.43,72.66,20.48,0.00,0.00,0.00,0.00,0.00,0.00
25245.09,5.55,912.04,2.00,23.43,72.68,20.48,0.00,0.00,0.00,0.00,0.00,0.00
25245.11,5.55,912.67,2.00,23.42,72.70,20.48,0.00,0.00,0.00,0.00,0.00,0.00
25245.12,5.55,913.30,2.00,23.42,72.73,20.47,0.00,0.00,0.00,0.00,0.00,0.00
25245.13,5.55,913.93,2.00,23.42,72.75,20.47,0.00,0.00,0.00,0.00,0.00,0.00
25245.14,5.55,914.57,2.00,23.41,72.77,20.46,0.00,0.00,0.00,0.00,0.00,0.00
25245.15,5.55,915.20,2.00,23.41,72.80,20.46,0.00,0.00,0.00,0.00,0.00,0.00
25245.16,5.55,915.83,2.00,23.40,72.82,20.46,0.00,0.00,0.00,0.00,0.00,0.00
25245.17,5.55,916.47,2.00,23.40,72.85,20.45,0.00,0.00,0.00,0.00,0.00,0.00
25245.18,5.55,917.10,2.00,23.40,72.87,20.45,0.00,0.00,0.00,0.00,0.00,0.00
25245.19,5.55,917.73,2.00,23.39,72.89,20.44,0.00,0.00,0.00,0.00,0.00,0.00
25245.20,5.55,918.37,2.00,23.39,72.92,20.44,0.00,0.00,0.00,0.00,0.00,0.00
25245.21,5.55,919.00,2.00,23.39,72.94,20.44,0.00,0.00,0.00,0.00,0.00,0.00
25245.23,5.55,919.63,2.00,23.38,72.97,20.43,0.00,0.00,0.00,0.00,0.00,0.00
25245.24,5.55,920.26,2.00,23.38,72.99,20.43,0.00,0.00,0.00,0.00,0.00,0.00
25245.25,5.55,920.90,2.00,23.38,73.01,20.42,0.00,0.00,0.00,0.00,0.00,0.00
25245.26,5.56,921.53,2.00,23.37,73.04,20.42,0.00,0.00,0.00,0.00,0.00,0.00
25245.27,5.56,922.16,2.00,23.37,73.06,20.42,0.00,0.00,0.00,0.00,0.00,0.00
25245.28,5.56,922.80,2.00,23.37,73.08,20.41,0.00,0.00,0.00,0.00,0.00,0.00
25245.29,5.56,923.43,2.00,23.36,73.11,20.41,0.00,0.00,0.00,0.00,0.00,0.00
25245.30,5.56,924.06,2.00,23.36,73.13,20.41,0.00,0.00,0.00,0.00,0.00,0.00
25245.31,5.56,924.70,2.00,23.35,73.16,20.40,0.00,0.00,0.00,0.00,0.00,0.00
25245.32,5.56,925.33,2.00,23.35,73.18,20.40,0.00,0.00,0.00,0.00,0.00,0.00
25245.33,5.56,925.96,2.00,23.35,73.20,20.39,0.00,0.00,0.00,0.00,0.00,0.00
25245.35,5.56,926.59,2.00,23.34,73.23,20.39,0.00,0.00,0.00,0.00,0.00,0.00
25245.36,5.56,927.23,2.00,23.34,73.25,20.39,0.00,0.00,0.00,0.00,0.00,0.00
25245.37,5.56,927.86,2.00,23.34,73.27,20.38,0.00,0.00,0.00,0.00,0.00,0.00
25245.38,5.56,928.49,2.00,23.33,73.30,20.38,0.00,0.00,0.00,0.00,0.00,0.00
25245.39,5.56,929.13,2.00,23.33,73.32,20.37,0.00,0.00,0.00,0.00,0.00,0.00
25245.40,5.56,929.76,2.00,23.33,73.35,20.37,0.00,0.00,0.00,0.00,0.00,0.00
25245.41,5.56,930.39,2.00,23.32,73.37,20.37,0.00,0.00,0.00,0.00,0.00,0.00
25245.42,5.56,931.03,2.00,23.32,73.39,20.36,0.00,0.00,0.00,0.00,0.00,0.00
25245.43,5.56,931.66,2.00,23.32,73.42,20.36,0.00,0.00,0.00,0.00,0.00,0.00
25245.44,5.56,932.29,2.00,23.31,73.44,20.35,0.00,0.00,0.00,0.00,0.00,0.00
25245.45,5.57,932.92,2.00,23.31,73.47,20.35,0.00,0.00,0.00,0.00,0.00,0.00
25245.47,5.57,933.56,2.00,23.30,73.49,20.35,0.00,0.00,0.00,0.00,0.00,0.00
25245.48,5.57,934.19,2.00,23.30,73.51,20.34,0.00,0.00,0.00,0.00,0.00,0.00
25245.49,5.57,934.82,2.00,23.30,73.54,20.34,0.00,0.00,0.00,0.00,0.00,0.00
25245.50,5.57,935.46,2.00,23.29,73.56,20.33,0.00,0.00,0.00,0.00,0.00,0.00
25245.51,5.57,936.09,2.00,23.29,73.58,20.33,0.00,0.00,0.00,0.00,0.00,0.00
25245.52,5.57,936.72,2.00,23.29,73.61,20.33,0.00,0.00,0.00,0.00,0.00,0.00
25245.53,5.57,937.36,2.00,23.28,73.63,20.32,0.00,0.00,0.00,0.00,0.00,0.00
25245.54,5.57,937.99,2.00,23.28,73.66,20.32,0.00,0.00,0.00,0.00,0.00,0.00
25245.55,5.57,938.62,2.00,23.28,73.68,20.31,0.00,0.00,0.00,0.00,0.00,0.00
25245.56,5.57,939.25,2.00,23.27,73.70,20.31,0.00,0.00,0.00,0.00,0.00,0.00
25245.57,5.57,939.89,2.00,23.27,73.73,20.31,0.00,0.00,0.00,0.00,0.00,0.00
25245.58,5.57,940.52,2.00,23.27,73.75,20.30,0.00,0.00,0.00,0.00,0.00,0.00
25245.60,5.57,941.15,2.00,23.26,73.77,20.30,0.00,0.00,0.00,0.00,0.00,0.00
25245.61,5.57,941.79,2.00,23.26,73.80,20.29,0.00,0.00,0.00,0.00,0.00,0.00
25245.62,5.57,942.42,2.00,23.25,73.82,20.29,0.00,0.00,0.00,0.00,0.00,0.00
25245.63,5.57,943.05,2.00,23.25,73.85,20.29,0.00,0.00,0.00,0.00,0.00,0.00
25245.64,5.57,943.69,2.00,23.25,73.87,20.28,0.00,0.00,0.00,0.00,0.00,0.00
25245.65,5.58,944.32,2.00,23.24,73.89,20.28,0.00,0.00,0.00,0.00,0.00,0.00
25245.66,5.58,944.95,2.00,23.24,73.92,20.28,0.00,0.00,0.00,0.00,0.00,0.00
25245.67,5.58,945.58,2.00,23.24,73.94,20.27,0.00,0.00,0.00,0.00,0.00,0.00
25245.68,5.58,946.22,2.00,23.23,73.96,20.27,0.00,0.00,0.00,0.00,0.00,0.00
25245.69,5.58,946.85,2.00,23.23,73.99,20.26,0.00,0.00,0.00,0.00,0.00,0.00
25245.70,5.58,947.48,2.00,23.23,74.01,20.26,0.00,0.00,0.00,0.00,0.00,0.00
25245.72,5.58,948.12,2.00,23.22,74.04,20.26,0.00,0.00,0.00,0.00,0.00,0.00
25245.73,5.58,948.75,2.00,23.22,74.06,20.25,0.00,0.00,0.00,0.00,0.00,0.00
25245.74,5.58,949.38,2.00,23.22,74.08,20.25,0.00,0.00,0.00,0.00,0.00,0.00
25245.75,5.58,950.02,2.00,23.21,74.11,20.24,0.00,0.00,0.00,0.00,0.00,0.00
25245.76,5.58,950.65,2.00,23.21,74.13,20.24,0.00,0.00,0.00,0.00,0.00,0.00
25245.77,5.58,951.28,2.00,23.21,74.16,20.24,0.00,0.00,0.00,0.00,0.00,0.00
25245.78,5.58,951.91,2.00,23.20,74.18,20.23,0.00,0.00,0.00,0.00,0.00,0.00
25245.79,5.58,952.55,2.00,23.20,74.20,20.23,0.00,0.00,0.00,0.00,0.00,0.00
25245.80,5.58,953.18,2.00,23.19,74.23,20.22,0.00,0.00,0.00,0.00,0.00,0.00
25245.81,5.58,953.81,2.00,23.19,74.25,20.22,0.00,0.00,0.00,0.00,0.00,0.00
25245.82,5.58,954.45,2.00,23.19,74.27,20.22,0.00,0.00,0.00,0.00,0.00,0.00
25245.84,5.58,955.08,2.00,23.18,74.30,20.21,0.00,0.00,0.00,0.00,0.00,0.00
25245.85,5.59,955.71,2.00,23.18,74.32,20.21,0.00,0.00,0.00,0.00,0.00,0.00
25245.86,5.59,956.35,2.00,23.18,74.35,20.20,0.00,0.00,0.00,0.00,0.00,0.00
25245.87,5.59,956.98,2.00,23.17,74.37,20.20,0.00,0.00,0.00,0.00,0.00,0.00
25245.88,5.59,957.61,2.00,23.17,74.39,20.20,0.00,0.00,0.00,0.00,0.00,0.00
25245.89,5.59,958.24,2.00,23.17,74.42,20.19,0.00,0.00,0.00,0.00,0.00,0.00
25245.90,5.59,958.88,2.00,23.16,74.44,20.19,0.00,0.00,0.00,0.00,0.00,0.00
25245.91,5.59,959.51,2.00,23.16,74.46,20.18,0.00,0.00,0.00,0.00,0.00,0.00
25245.92,5.59,960.14,2.00,23.16,74.49,20.18,0.00,0.00,0.00,0.00,0.00,0.00
25245.93,5.59,960.78,2.00,23.15,74.51,20.18,0.00,0.00,0.00,0.00,0.00,0.00
25245.94,5.59,961.41,2.00,23.15,74.54,20.17,0.00,0.00,0.00,0.00,0.00,0.00
25245.96,5.59,962.04,2.00,23.14,74.56,20.17,0.00,0.00,0.00,0.00,0.00,0.00
25245.97,5.59,962.68,2.00,23.14,74.58,20.16,0.00,0.00,0.00,0.00,0.00,0.00
25245.98,5.59,963.31,2.00,23.14,74.61,20.16,0.00,0.00,0.00,0.00,0.00,0.00
25245.99,5.59,963.94,2.00,23.13,74.63,20.16,0.00,0.00,0.00,0.00,0.00,0.00
25246.00,5.59,964.57,2.00,23.13,74.66,20.15,0.00,0.00,0.00,0.00,0.00,0.00
25246.01,5.59,965.21,2.00,23.13,74.68,20.15,0.00,0.00,0.00,0.00,0.00,0.00
25246.02,5.59,965.84,2.00,23.12,74.70,20.15,0.00,0.00,0.00,0.00,0.00,0.00
25246.03,5.59,966.47,2.00,23.12,74.73,20.14,0.00,0.00,0.00,0.00,0.00,0.00
25246.04,5.60,967.11,2.00,23.12,74.75,20.14,0.00,0.00,0.00,0.00,0.00,0.00
25246.05,5.60,967.74,2.00,23.11,74.77,20.13,0.00,0.00,0.00,0.00,0.00,0.00
25246.06,5.60,968.37,2.00,23.11,74.80,20.13,0.00,0.00,0.00,0.00,0.00,0.00
25246.08,5.60,969.01,2.00,23.11,74.82,20.13,0.00,0.00,0.00,0.00,0.00,0.00
25246.09,5.60,969.64,2.00,23.10,74.85,20.12,0.00,0.00,0.00,0.00,0.00,0.00
25246.10,5.60,970.27,2.00,23.10,74.87,20.12,0.00,0.00,0.00,0.00,0.00,0.00
25246.11,5.60,970.91,2.00,23.09,74.89,20.11,0.00,0.00,0.00,0.00,0.00,0.00
25246.12,5.60,971.54,2.00,23.09,74.92,20.11,0.00,0.00,0.00,0.00,0.00,0.00
25246.13,5.60,972.17,2.00,23.09,74.94,20.11,0.00,0.00,0.00,0.00,0.00,0.00
25246.14,5.60,972.80,2.00,23.08,74.96,20.10,0.00,0.00,0.00,0.00,0.00,0.00
25246.15,5.60,973.44,2.00,23.08,74.99,20.10,0.00,0.00,0.00,0.00,0.00,0.00
25246.16,5.60,974.07,2.00,23.08,75.01,20.09,0.00,0.00,0.00,0.00,0.00,0.00
25246.17,5.60,974.70,2.00,23.07,75.04,20.09,0.00,0.00,0.00,0.00,0.00,0.00
25246.18,5.60,975.34,2.00,23.07,75.06,20.09,0.00,0.00,0.00,0.00,0.00,0.00
25246.19,5.60,975.97,2.00,23.07,75.08,20.08,0.00,0.00,0.00,0.00,0.00,0.00
25246.21,5.60,976.60,2.00,23.06,75.11,20.08,0.00,0.00,0.00,0.00,0.00,0.00
25246.22,5.60,977.24,2.00,23.06,75.13,20.07,0.00,0.00,0.00,0.00,0.00,0.00
25246.23,5.60,977.87,2.00,23.06,75.15,20.07,0.00,0.00,0.00,0.00,0.00,0.00
25246.24,5.61,978.50,2.00,23.05,75.18,20.07,0.00,0.00,0.00,0.00,0.00,0.00
25246.25,5.61,979.13,2.00,23.05,75.20,20.06,0.00,0.00,0.00,0.00,0.00,0.00
25246.26,5.61,979.77,2.00,23.04,75.23,20.06,0.00,0.00,0.00,0.00,0.00,0.00
25246.27,5.61,980.40,2.00,23.04,75.25,20.05,0.00,0.00,0.00,0.00,0.00,0.00
25246.28,5.61,981.03,2.00,23.04,75.27,20.05,0.00,0.00,0.00,0.00,0.00,0.00
25246.29,5.61,981.67,2.00,23.03,75.30,20.05,0.00,0.00,0.00,0.00,0.00,0.00
25246.30,5.61,982.30,2.00,23.03,75.32,20.04,0.00,0.00,0.00,0.00,0.00,0.00
25246.31,5.61,982.93,2.00,23.03,75.35,20.04,0.00,0.00,0.00,0.00,0.00,0.00
25246.33,5.61,983.57,2.00,23.02,75.37,20.03,0.00,0.00,0.00,0.00,0.00,0.00
25246.34,5.61,984.20,2.00,23.02,75.39,20.03,0.00,0.00,0.00,0.00,0.00,0.00
25246.35,5.61,984.83,2.00,23.02,75.42,20.03,0.00,0.00,0.00,0.00,0.00,0.00
25246.36,5.61,985.46,2.00,23.01,75.44,20.02,0.00,0.00,0.00,0.00,0.00,0.00
25246.37,5.61,986.10,2.00,23.01,75.46,20.02,0.00,0.00,0.00,0.00,0.00,0.00
25246.38,5.61,986.73,2.00,23.01,75.49,20.02,0.00,0.00,0.00,0.00,0.00,0.00
25246.39,5.61,987.36,2.00,23.00,75.51,20.01,0.00,0.00,0.00,0.00,0.00,0.00
25246.40,5.61,988.00,2.00,23.00,75.54,20.01,0.00,0.00,0.00,0.00,0.00,0.00
25246.41,5.61,988.63,2.00,23.00,75.56,20.00,0.00,0.00,0.00,0.00,0.00,0.00
25246.42,5.61,989.26,2.00,22.99,75.58,20.00,0.00,0.00,0.00,0.00,0.00,0.00
25246.43,5.62,989.90,2.00,22.99,75.61,20.00,0.00,0.00,0.00,0.00,0.00,0.00
25246.45,5.62,990.53,2.00,22.98,75.63,19.99,0.00,0.00,0.00,0.00,0.00,0.00
25246.46,5.62,991.16,2.00,22.98,75.65,19.99,0.00,0.00,0.00,0.00,0.00,0.00
25246.47,5.62,991.79,2.00,22.98,75.68,19.98,0.00,0.00,0.00,0.00,0.00,0.00
25246.48,5.62,992.43,2.00,22.97,75.70,19.98,0.00,0.00,0.00,0.00,0.00,0.00
25246.49,5.62,993.06,2.00,22.97,75.73,19.98,0.00,0.00,0.00,0.00,0.00,0.00
25246.50,5.62,993.69,2.00,22.97,75.75,19.97,0.00,0.00,0.00,0.00,0.00,0.00
25252.50,5.56,978.12,2.00,23.08,75.23,20.50,0.00,0.00,0.00,0.00,0.00,0.17
25258.50,5.51,964.86,2.00,23.18,74.82,21.66,0.00,0.00,0.00,0.00,0.00,0.00
25264.50,5.48,953.56,2.00,23.27,74.47,20.76,0.00,0.00,0.00,0.00,0.00,0.00
25270.50,5.46,943.57,2.00,23.32,74.27,19.99,0.00,0.00,0.00,0.00,0.00,0.00
25276.50,5.44,934.57,2.00,23.38,73.99,21.37,0.00,0.00,0.00,0.00,0.00,0.17
25282.50,5.42,926.62,2.00,23.40,73.82,21.59,0.00,0.00,0.00,0.00,0.00,0.00
25287.50,5.42,919.93,2.00,23.40,74.22,20.39,0.00,0.00,0.00,0.00,0.00,0.00
25292.50,5.41,912.64,2.00,23.43,74.90,20.18,0.00,0.00,0.00,0.00,0.00,0.00
25298.50,5.40,906.78,2.00,23.45,75.67,22.97,0.00,0.00,0.00,0.00,0.00,0.00
25304.50,5.39,901.05,2.00,23.50,75.78,22.09,0.00,0.00,0.00,0.00,0.00,0.00
25310.50,5.39,896.05,2.00,23.50,75.53,21.10,0.00,0.00,0.00,0.00,0.00,0.00
25316.00,5.39,891.52,2.00,23.50,74.78,22.48,0.00,0.00,0.00,0.00,0.00,0.20
25321.00,5.38,886.41,2.00,23.50,73.72,21.60,0.00,0.00,0.00,0.00,0.00,0.00
25326.00,5.38,882.46,2.00,23.50,73.28,21.86,0.00,0.00,0.00,0.00,0.00,0.00
25331.50,5.38,878.84,2.00,23.50,73.40,20.55,0.00,0.00,0.00,0.00,0.00,0.17
25337.50,5.37,875.07,2.00,23.52,73.28,21.47,0.00,0.00,0.00,0.00,0.00,0.00
25343.50,5.37,871.60,2.00,23.53,73.62,21.40,0.00,0.00,0.00,0.00,0.00,0.00
25349.50,5.37,868.35,2.00,23.57,73.25,22.61,0.00,0.00,0.00,0.00,0.00,0.00
25355.50,5.37,865.13,2.00,23.60,73.32,22.52,0.00,0.00,0.00,0.00,0.00,0.00
25361.50,5.37,862.42,2.00,23.60,73.35,21.52,0.00,0.00,0.00,0.00,0.00,0.00
25367.50,5.36,859.77,2.00,23.60,73.40,20.71,0.00,0.00,0.00,0.00,0.00,0.00
25373.50,5.37,857.14,2.00,23.60,73.42,21.77,0.00,0.00,0.00,0.00,0.00,0.00
25379.50,5.37,854.56,2.00,23.60,73.68,19.31,0.00,0.00,0.00,0.00,0.00,0.00
25385.50,5.37,852.09,2.00,23.60,73.78,22.61,0.00,0.00,0.00,0.00,0.00,0.00
25391.50,5.37,849.58,2.00,23.60,73.62,20.87,0.00,0.00,0.00,0.00,0.00,0.00
25397.50,5.37,847.40,2.00,23.60,73.93,21.03,0.00,0.00,0.00,0.00,0.00,0.00
25403.50,5.37,845.16,2.00,23.60,73.92,21.03,0.00,0.00,0.00,0.00,0.00,0.17
25409.50,5.37,843.23,2.00,23.60,74.07,21.66,0.00,0.00,0.00,0.00,0.00,0.00
25415.50,5.37,841.50,2.00,23.60,73.79,22.69,0.00,0.00,0.00,0.00,0.00,0.17
25421.50,5.37,839.65,2.00,23.60,73.70,19.97,0.00,0.00,0.00,0.00,0.00,0.00
25427.50,5.38,837.86,2.00,23.60,73.72,20.48,0.00,0.00,0.00,0.00,0.00,0.00
25433.50,5.38,836.18,2.00,23.60,73.49,21.35,0.00,0.00,0.00,0.00,0.00,0.17
25439.50,5.37,834.60,2.00,23.60,73.55,22.89,0.00,0.00,0.00,0.00,0.00,0.00
25445.50,5.37,832.98,2.00,23.60,74.02,21.50,0.00,0.00,0.00,0.00,0.00,0.00
25451.50,5.37,831.50,2.00,23.60,74.13,20.08,0.00,0.00,0.00,0.00,0.00,0.00
25457.50,5.37,830.03,2.00,23.60,73.90,22.32,0.00,0.00,0.00,0.00,0.00,0.00
25463.50,5.37,828.45,2.00,23.60,73.98,20.77,0.00,0.00,0.00,0.00,0.00,0.00
25469.50,5.37,827.43,2.00,23.60,73.80,20.99,0.00,0.00,0.00,0.00,0.00,0.00
25475.50,5.37,825.94,2.00,23.60,73.83,20.90,0.00,0.00,0.00,0.00,0.00,0.00
25481.50,5.37,824.36,2.00,23.60,73.72,21.97,0.00,0.00,0.00,0.00,0.00,0.00
25487.50,5.36,823.12,2.00,23.62,73.58,22.93,0.00,0.00,0.00,0.00,0.00,0.00
25493.50,5.36,821.45,2.00,23.60,73.35,21.72,0.00,0.00,0.00,0.00,0.00,0.00
25499.50,5.37,820.26,2.00,23.62,73.22,22.23,0.00,0.00,0.00,0.00,0.00,0.00
25505.50,5.37,818.81,2.00,23.64,73.05,20.95,0.00,0.00,0.00,0.00,0.00,0.17
25511.50,5.37,817.10,2.00,23.63,73.18,21.77,0.00,0.00,0.00,0.00,0.00,0.00
25517.50,5.36,815.77,2.00,23.60,72.78,19.86,0.00,0.00,0.00,0.00,0.00,0.00
25523.50,5.37,814.37,2.00,23.60,73.48,20.72,0.00,0.00,0.00,0.00,0.00,0.17
25529.50,5.37,812.91,2.00,23.60,73.57,22.05,0.00,0.00,0.00,0.00,0.00,0.00
25535.50,5.37,811.43,2.00,23.60,73.48,21.51,0.00,0.00,0.00,0.00,0.00,0.00
25541.00,5.37,809.82,2.00,23.60,73.82,22.31,0.00,0.00,0.00,0.00,0.00,0.00
25546.00,5.37,807.87,2.00,23.58,73.94,20.66,0.00,0.00,0.00,0.00,0.00,0.00
25551.50,5.38,806.63,2.00,23.60,73.72,21.93,0.00,0.00,0.00,0.00,0.00,0.00
25557.50,5.37,805.60,2.00,23.60,73.45,21.89,0.00,0.00,0.00,0.00,0.00,0.00
25563.00,5.37,804.09,2.00,23.60,73.54,21.98,0.00,0.00,0.00,0.00,0.00,0.00
25568.50,5.38,803.25,2.00,23.60,73.83,20.72,0.00,0.00,0.00,0.00,0.00,0.00
25574.50,5.37,802.00,2.00,23.60,74.08,20.72,0.00,0.00,0.00,0.00,0.00,0.00
25580.50,5.38,800.44,2.00,23.60,74.08,20.30,0.00,0.00,0.00,0.00,0.00,0.00
25586.50,5.38,798.62,2.00,23.60,74.05,20.65,0.00,0.00,0.00,0.00,0.00,0.00
25592.50,5.38,797.28,2.00,23.60,73.52,20.01,0.00,0.00,0.00,0.00,0.00,0.17
25598.50,5.38,795.89,2.00,23.60,73.58,21.02,0.00,0.00,0.00,0.00,0.00,0.00
25604.50,5.38,794.35,2.00,23.58,73.70,21.56,0.00,0.00,0.00,0.00,0.00,0.00
25610.50,5.39,792.83,2.00,23.57,73.62,21.74,0.00,0.00,0.00,0.00,0.00,0.00
25616.50,5.39,791.81,2.00,23.50,73.69,22.83,0.00,0.00,0.00,0.00,0.00,0.17
25622.50,5.39,790.29,2.00,23.50,73.47,21.33,0.00,0.00,0.00,0.00,0.00,0.00
25628.50,5.39,788.75,2.00,23.50,73.80,22.07,0.00,0.00,0.00,0.00,0.00,0.00
25634.50,5.39,787.40,2.00,23.50,74.00,21.89,0.00,0.00,0.00,0.00,0.00,0.00
25640.50,5.39,786.43,2.00,23.50,74.30,19.34,0.00,0.00,0.00,0.00,0.00,0.00
25646.50,5.39,785.05,2.00,23.50,73.85,21.30,0.00,0.00,0.00,0.00,0.00,0.00
25652.50,5.39,784.32,2.00,23.50,73.75,22.54,0.00,0.00,0.00,0.00,0.00,0.00
25658.50,5.39,783.18,2.00,23.50,73.63,21.66,0.00,0.00,0.00,0.00,0.00,0.00
25664.50,5.38,782.51,2.00,23.50,73.97,21.23,0.00,0.00,0.00,0.00,0.00,0.00
25670.50,5.38,781.25,2.00,23.50,73.98,21.92,0.00,0.00,0.00,0.00,0.00,0.17
25676.50,5.39,779.76,2.00,23.50,73.55,21.02,0.00,0.00,0.00,0.00,0.00,0.00
25682.50,5.39,778.44,2.00,23.50,73.98,20.98,0.00,0.00,0.00,0.00,0.00,0.00
25688.50,5.39,776.83,2.00,23.50,74.03,20.94,0.00,0.00,0.00,0.00,0.00,0.00
25694.50,5.39,775.41,2.00,23.50,74.28,23.18,0.00,0.00,0.00,0.00,0.00,0.00
25700.50,5.39,774.45,2.00,23.50,74.17,22.91,0.00,0.00,0.00,0.00,0.00,0.00
25706.50,5.39,773.20,2.00,23.50,74.28,21.23,0.00,0.00,0.00,0.00,0.00,0.00
25712.50,5.39,772.08,2.00,23.50,74.02,21.27,0.00,0.00,0.00,0.00,0.00,0.00
25718.50,5.39,770.95,2.00,23.50,74.08,22.60,0.00,0.00,0.00,0.00,0.00,0.00
25724.50,5.39,769.67,2.00,23.50,73.92,21.22,0.00,0.00,0.00,0.00,0.00,0.00
25730.50,5.39,768.38,2.00,23.50,74.05,22.36,0.00,0.00,0.00,0.00,0.00,0.00
25736.50,5.39,767.08,2.00,23.50,74.13,20.68,0.00,0.00,0.00,0.00,0.00,0.00
25742.50,5.39,765.94,2.00,23.50,74.17,21.30,0.00,0.00,0.00,0.00,0.00,0.00
25748.50,5.38,765.12,2.00,23.50,74.23,21.29,0.00,0.00,0.00,0.00,0.00,0.00
25753.50,5.38,764.37,2.00,23.52,74.20,21.86,0.00,0.00,0.00,0.00,0.00,0.00
25758.50,5.38,763.27,2.00,23.52,74.28,21.63,0.00,0.00,0.00,0.00,0.00,0.00
25764.50,5.38,762.08,2.00,23.57,74.22,21.72,0.00,0.00,0.00,0.00,0.00,0.00
25770.50,5.38,761.20,2.00,23.57,74.26,20.92,0.00,0.00,0.00,0.00,0.00,0.17
25776.50,5.38,759.88,2.00,23.57,74.10,22.13,0.00,0.00,0.00,0.00,0.00,0.00
25782.50,5.38,758.64,2.00,23.58,74.37,20.07,0.00,0.00,0.00,0.00,0.00,0.00
25788.50,5.39,757.63,2.00,23.60,74.52,21.24,0.00,0.00,0.00,0.00,0.00,0.00
25793.50,5.38,756.20,2.00,23.60,74.70,21.98,0.00,0.00,0.00,0.00,0.00,0.00
25798.50,5.39,755.04,2.00,23.57,74.50,22.06,0.00,0.00,0.00,0.00,0.00,0.00
25804.50,5.38,753.41,2.00,23.60,74.52,20.06,0.00,0.00,0.00,0.00,0.00,0.00
25810.50,5.38,752.51,2.00,23.58,74.60,21.78,0.00,0.00,0.00,0.00,0.00,0.00
25816.50,5.38,751.18,2.00,23.58,74.27,21.75,0.00,0.00,0.00,0.00,0.00,0.00
25822.50,5.38,750.32,2.00,23.60,74.35,21.58,0.00,0.00,0.00,0.00,0.00,0.00
25828.50,5.38,749.10,2.00,23.60,74.41,20.00,0.00,0.00,0.00,0.00,0.00,0.17
25834.50,5.38,747.90,2.00,23.60,74.20,21.33,0.00,0.00,0.00,0.00,0.00,0.00
25840.50,5.37,747.00,2.00,23.60,74.07,21.73,0.00,0.00,0.00,0.00,0.00,0.00
25846.50,5.37,745.75,2.00,23.60,74.08,21.72,0.00,0.00,0.00,0.00,0.00,0.00
25852.50,5.38,744.64,2.00,23.60,74.00,20.29,0.00,0.00,0.00,0.00,0.00,0.17
25858.00,5.87,843.40,2.00,23.60,73.92,22.00,0.00,0.00,0.00,0.00,0.00,0.00
25863.50,5.88,842.46,2.00,23.60,74.17,22.66,0.00,0.00,0.00,0.00,0.00,0.17
25869.50,5.87,840.98,2.00,23.60,74.33,21.64,0.00,0.00,0.00,0.00,0.00,0.00
25875.50,5.86,840.15,2.00,23.60,74.37,21.87,0.00,0.00,0.00,0.00,0.00,0.00
25881.50,5.86,838.95,2.00,23.60,74.34,21.36,0.00,0.00,0.00,0.00,0.00,0.17
25887.50,5.87,837.92,2.00,23.60,74.47,20.96,0.00,0.00,0.00,0.00,0.00,0.00
25893.50,5.86,836.66,2.00,23.60,74.55,20.57,0.00,0.00,0.00,0.00,0.00,0.00
25899.50,5.86,835.46,2.00,23.60,74.62,21.12,0.00,0.00,0.00,0.00,0.00,0.17
25905.50,5.87,834.27,2.00,23.60,74.54,21.91,0.00,0.00,0.00,0.00,0.00,0.17
25911.50,5.87,833.12,2.00,23.60,74.58,23.48,0.00,0.00,0.00,0.00,0.00,0.00
25917.50,5.86,832.05,2.00,23.60,74.42,21.49,0.00,0.00,0.00,0.00,0.00,0.00
25923.50,5.86,831.03,2.00,23.60,74.33,22.33,0.00,0.00,0.00,0.00,0.00,0.17
25929.50,5.86,830.30,2.00,23.60,74.22,20.66,0.00,0.00,0.00,0.00,0.00,0.00
25935.50,5.86,829.34,2.00,23.60,74.27,20.63,0.00,0.00,0.00,0.00,0.00,0.00
25941.50,5.86,828.59,2.00,23.60,74.10,21.08,0.00,0.00,0.00,0.00,0.00,0.00
25947.50,5.85,827.56,2.00,23.60,74.15,21.98,0.00,0.00,0.00,0.00,0.00,0.00
25953.50,5.85,826.61,2.00,23.60,74.22,20.96,0.00,0.00,0.00,0.00,0.00,0.17
25959.50,5.86,857.58,2.00,23.55,74.30,21.32,0.00,0.00,0.00,0.00,0.00,0.00
25965.50,5.86,824.29,2.00,23.50,74.32,22.37,0.00,0.00,0.00,0.00,0.00,0.00
25971.50,5.86,822.90,2.00,23.50,74.08,21.47,0.00,0.00,0.00,0.00,0.00,0.00
25977.50,5.86,821.23,2.00,23.50,73.83,21.09,0.00,0.00,0.00,0.00,0.00,0.33
25983.50,5.87,819.98,2.00,23.50,73.57,22.33,0.00,0.00,0.00,0.00,0.00,0.00
25989.50,5.87,818.74,2.00,23.50,73.00,20.68,0.00,0.00,0.00,0.00,0.00,0.00
25995.50,5.87,817.88,2.00,23.45,73.62,21.72,0.00,0.00,0.00,0.00,0.00,0.17
26001.50,5.87,816.99,2.00,23.47,73.99,21.60,0.00,0.00,0.00,0.00,0.00,0.33
26007.50,5.87,816.18,2.00,23.47,73.63,22.86,0.00,0.00,0.00,0.00,0.00,0.00
26013.50,5.87,815.16,2.00,23.47,74.12,20.49,0.00,0.00,0.00,0.00,0.00,0.00
26019.50,5.88,814.75,2.00,23.47,74.05,23.05,0.00,0.00,0.00,0.00,0.00,0.00
26025.50,5.87,814.60,2.00,23.47,74.04,22.97,0.00,0.00,0.00,0.00,0.00,0.17
26031.50,5.87,814.24,2.00,23.42,74.14,21.99,0.00,0.00,0.00,0.00,0.00,0.17
26037.50,5.87,813.75,2.00,23.48,73.77,20.35,0.00,0.00,0.00,0.00,0.00,0.00
26043.50,5.87,812.89,2.00,23.42,73.68,20.80,0.00,0.00,0.00,0.00,0.00,0.00
26049.00,5.87,811.88,2.00,23.48,74.14,21.27,0.00,0.00,0.00,0.00,0.00,0.00
26054.50,5.88,811.20,2.00,23.48,74.23,22.15,0.00,0.00,0.00,0.00,0.00,0.00
26060.50,5.88,810.21,2.00,23.47,74.23,21.43,0.00,0.00,0.00,0.00,0.00,0.00
26066.50,5.88,809.22,2.00,23.47,74.10,20.22,0.00,0.00,0.00,0.00,0.00,0.00
26072.50,5.88,808.18,2.00,23.48,74.35,20.65,0.00,0.00,0.00,0.00,0.00,0.00
26078.50,5.88,807.72,2.00,23.50,74.03,20.62,0.00,0.00,0.00,0.00,0.00,0.00
26084.50,5.88,806.66,2.00,23.45,73.78,22.00,0.00,0.00,0.00,0.00,0.00,0.00
26090.50,5.89,805.75,2.00,23.40,74.25,20.84,0.00,0.00,0.00,0.00,0.00,0.00
26095.50,5.89,804.84,2.00,23.44,74.12,20.68,0.00,0.00,0.00,0.00,0.00,0.25
26100.50,5.89,803.79,2.00,23.40,73.87,22.63,0.00,0.00,0.00,0.00,0.00,0.00
26106.50,5.88,803.09,2.00,23.40,73.57,22.26,0.00,0.00,0.00,0.00,0.00,0.17
26112.50,5.88,802.46,2.00,23.40,73.73,22.62,0.00,0.00,0.00,0.00,0.00,0.00
26118.50,5.88,801.79,2.00,23.40,73.93,21.94,0.00,0.00,0.00,0.00,0.00,0.00
26124.50,5.88,801.20,2.00,23.40,73.70,21.82,0.00,0.00,0.00,0.00,0.00,0.00
26130.50,5.87,800.49,2.00,23.40,73.75,22.40,0.00,0.00,0.00,0.00,0.00,0.00
26136.50,5.87,799.55,2.00,23.40,73.85,21.40,0.00,0.00,0.00,0.00,0.00,0.00
26142.50,5.87,798.93,2.00,23.40,74.00,20.52,0.00,0.00,0.00,0.00,0.00,0.17
26148.50,5.87,797.89,2.00,23.40,73.82,21.17,0.00,0.00,0.00,0.00,0.00,0.00
26154.50,5.87,797.05,2.00,23.40,73.77,21.56,0.00,0.00,0.00,0.00,0.00,0.17
26160.50,5.88,795.99,2.00,23.40,74.22,21.02,0.00,0.00,0.00,0.00,0.00,0.00
26166.50,5.87,795.30,2.00,23.40,74.00,22.04,0.00,0.00,0.00,0.00,0.00,0.00
26172.50,5.87,794.57,2.00,23.40,74.07,21.29,0.00,0.00,0.00,0.00,0.00,0.00
26178.50,5.87,793.98,2.00,23.40,74.32,22.31,0.00,0.00,0.00,0.00,0.00,0.00
26184.50,5.88,793.46,2.00,23.40,74.45,20.66,0.00,0.00,0.00,0.00,0.00,0.00
26190.50,5.87,792.74,2.00,23.40,74.02,20.38,0.00,0.00,0.00,0.00,0.00,0.17
26196.50,5.88,792.01,2.00,23.40,74.02,21.09,0.00,0.00,0.00,0.00,0.00,0.17
26202.50,5.87,791.30,2.00,23.40,73.98,20.99,0.00,0.00,0.00,0.00,0.00,0.00
26208.50,5.88,790.38,2.00,23.37,74.07,21.91,0.00,0.00,0.00,0.00,0.00,0.00
26214.50,5.87,789.92,2.00,23.38,73.93,22.56,0.00,0.00,0.00,0.00,0.00,0.00
26220.50,5.88,788.98,2.00,23.36,73.88,19.69,0.00,0.00,0.00,0.00,0.00,0.33
26226.50,5.87,788.64,2.00,23.35,73.72,21.50,0.00,0.00,0.00,0.00,0.00,0.00
26232.50,5.87,788.11,2.00,23.33,73.85,20.57,0.00,0.00,0.00,0.00,0.00,0.17
26238.50,5.87,787.27,2.00,23.35,74.05,22.47,0.00,0.00,0.00,0.00,0.00,0.00
26244.00,5.87,786.65,2.00,23.30,73.97,21.22,0.00,0.00,0.00,0.00,0.00,0.20
26249.50,5.87,786.37,2.00,23.33,74.33,21.53,0.00,0.00,0.00,0.00,0.00,0.00
26255.50,5.87,785.26,2.00,23.32,74.56,21.21,0.00,0.00,0.00,0.00,0.00,0.17
26261.50,5.88,784.87,2.00,23.35,74.17,23.06,0.00,0.00,0.00,0.00,0.00,0.00
26267.50,5.87,783.80,2.00,23.33,74.40,20.86,0.00,0.00,0.00,0.00,0.00,0.00
26273.50,5.88,782.96,2.00,23.32,74.52,20.55,0.00,0.00,0.00,0.00,0.00,0.17
26279.50,5.87,782.41,2.00,23.34,74.33,22.72,0.00,0.00,0.00,0.00,0.00,0.17
26285.50,5.88,781.66,2.00,23.34,74.47,22.22,0.00,0.00,0.00,0.00,0.00,0.17
26291.50,5.88,780.69,2.00,23.37,74.48,20.48,0.00,0.00,0.00,0.00,0.00,0.17
26297.50,5.88,779.94,2.00,23.35,74.25,22.23,0.00,0.00,0.00,0.00,0.00,0.17
26303.50,5.88,779.51,2.00,23.37,74.32,20.57,0.00,0.00,0.00,0.00,0.00,0.00
26309.50,5.88,778.95,2.00,23.33,74.45,21.36,0.00,0.00,0.00,0.00,0.00,0.00
26315.50,5.88,778.83,2.00,23.38,74.70,19.92,0.00,0.00,0.00,0.00,0.00,0.00
26321.50,5.87,778.21,2.00,23.38,74.55,21.65,0.00,0.00,0.00,0.00,0.00,0.00
26327.50,5.87,777.79,2.00,23.40,74.18,21.76,0.00,0.00,0.00,0.00,0.00,0.17
26333.50,5.87,777.25,2.00,23.40,74.13,22.23,0.00,0.00,0.00,0.00,0.00,0.50
26339.50,5.87,776.50,2.00,23.40,74.10,22.99,0.00,0.00,0.00,0.00,0.00,0.00
26345.50,5.88,775.36,2.00,23.40,74.01,22.83,0.00,0.00,0.00,0.00,0.00,0.17
26351.50,5.87,774.77,2.00,23.40,73.97,22.45,0.00,0.00,0.00,0.00,0.00,0.00
26357.50,5.87,773.97,2.00,23.40,74.04,22.44,0.00,0.00,0.00,0.00,0.00,0.17
26363.50,5.87,773.27,2.00,23.40,74.04,21.47,0.00,0.00,0.00,0.00,0.00,0.17
26369.50,5.87,772.61,2.00,23.40,74.23,18.87,0.00,0.00,0.00,0.00,0.00,0.33
26375.50,5.87,772.19,2.00,23.40,73.92,22.25,0.00,0.00,0.00,0.00,0.00,0.17
26381.00,5.86,771.80,2.00,23.40,74.14,21.11,0.00,0.00,0.00,0.00,0.00,0.00
26386.50,5.86,770.82,2.00,23.40,74.17,21.98,0.00,0.00,0.00,0.00,0.00,0.33
26392.50,5.87,770.11,2.00,23.40,74.38,21.54,0.00,0.00,0.00,0.00,0.00,0.00
26398.50,5.86,769.47,2.00,23.40,74.26,19.95,0.00,0.00,0.00,0.00,0.00,0.33
26404.50,5.87,768.89,2.00,23.40,74.22,19.68,0.00,0.00,0.00,0.00,0.00,0.00
26409.00,5.87,768.73,2.00,23.40,74.27,20.54,0.00,0.00,0.00,0.00,0.00,0.00
26413.50,5.86,768.02,2.00,23.40,74.03,21.89,0.00,0.00,0.00,0.00,0.00,0.00
26419.50,5.87,767.16,2.00,23.38,74.88,21.10,0.00,0.00,0.00,0.00,0.00,0.00
26425.50,5.87,766.53,2.00,23.33,75.20,22.36,0.00,0.00,0.00,0.00,0.00,0.00
26431.50,5.87,766.00,2.00,23.35,75.12,20.76,0.00,0.00,0.00,0.00,0.00,0.00
26437.50,5.86,765.38,2.00,23.32,74.56,22.23,0.00,0.00,0.00,0.00,0.00,0.17
26443.50,5.87,765.01,2.00,23.35,74.25,21.67,0.00,0.00,0.00,0.00,0.00,0.00
26449.50,5.86,764.34,2.00,23.33,74.25,21.81,0.00,0.00,0.00,0.00,0.00,0.33
26455.00,5.87,763.95,2.00,23.30,74.52,22.27,0.00,0.00,0.00,0.00,0.00,0.00
26460.00,5.87,763.27,2.00,23.32,74.42,20.97,0.00,0.00,0.00,0.00,0.00,0.00
26465.50,5.87,762.63,2.00,23.30,74.03,20.57,0.00,0.00,0.00,0.00,0.00,0.17
26471.50,5.86,762.30,2.00,23.30,74.23,20.64,0.00,0.00,0.00,0.00,0.00,0.00
26477.00,5.87,761.56,2.00,23.30,74.12,20.81,0.00,0.00,0.00,0.00,0.00,0.00
26482.00,5.87,760.98,2.00,23.30,74.28,21.54,0.00,0.00,0.00,0.00,0.00,0.00
26487.50,5.88,760.29,2.00,23.30,74.20,21.81,0.00,0.00,0.00,0.00,0.00,0.00
26493.50,5.87,759.78,2.00,23.30,74.09,21.03,0.00,0.00,0.00,0.00,0.00,0.17
26499.50,5.88,759.24,2.00,23.30,74.18,22.58,0.00,0.00,0.00,0.00,0.00,0.00
26505.50,5.87,758.66,2.00,23.30,73.93,22.69,0.00,0.00,0.00,0.00,0.00,0.00
26511.50,5.87,758.53,2.00,23.32,73.55,23.17,0.00,0.00,0.00,0.00,0.00,0.00
26517.50,5.87,758.28,2.00,23.30,73.70,21.03,0.00,0.00,0.00,0.00,0.00,0.00
26523.50,5.87,757.80,2.00,23.30,73.73,21.17,0.00,0.00,0.00,0.00,0.00,0.17
26529.50,5.87,757.14,2.00,23.30,73.88,22.72,0.00,0.00,0.00,0.00,0.00,0.00
26535.50,5.87,756.62,2.00,23.32,73.84,20.55,0.00,0.00,0.00,0.00,0.00,0.17
26541.50,5.86,755.55,2.00,23.30,73.92,21.65,0.00,0.00,0.00,0.00,0.00,0.00
26547.50,5.87,755.19,2.00,23.30,74.13,20.93,0.00,0.00,0.00,0.00,0.00,0.00
26553.50,5.87,754.39,2.00,23.30,73.93,21.87,0.00,0.00,0.00,0.00,0.00,0.00
26559.50,5.86,754.08,2.00,23.30,74.20,22.20,0.00,0.00,0.00,0.00,0.00,0.00
26565.50,5.86,753.68,2.00,23.30,74.18,22.67,0.00,0.00,0.00,0.00,0.00,0.00
26571.50,5.87,753.11,2.00,23.30,73.85,21.01,0.00,0.00,0.00,0.00,0.00,0.17
26577.50,5.86,752.58,2.00,23.30,73.68,21.70,0.00,0.00,0.00,0.00,0.00,0.00
26583.50,5.87,752.33,2.00,23.30,73.97,19.97,0.00,0.00,0.00,0.00,0.00,0.17
26589.50,5.87,751.90,2.00,23.30,74.02,20.63,0.00,0.00,0.00,0.00,0.00,0.00
26595.50,5.87,751.16,2.00,23.30,73.92,21.83,0.00,0.00,0.00,0.00,0.00,0.17
26601.50,5.87,750.68,2.00,23.30,73.90,21.43,0.00,0.00,0.00,0.00,0.00,0.00
26607.50,5.86,750.47,2.00,23.30,73.78,23.19,0.00,0.00,0.00,0.00,0.00,0.00
26613.50,5.87,750.00,2.00,23.30,73.87,20.37,0.00,0.00,0.00,0.00,0.00,0.00
26619.50,5.87,749.62,2.00,23.30,74.30,19.77,0.00,0.00,0.00,0.00,0.00,0.00
26625.50,5.87,749.28,2.00,23.30,74.34,22.27,0.00,0.00,0.00,0.00,0.00,0.17
26631.50,5.87,748.93,2.00,23.30,74.05,21.71,0.00,0.00,0.00,0.00,0.00,0.00
26637.50,5.87,748.37,2.00,23.30,74.15,21.27,0.00,0.00,0.00,0.00,0.00,0.00
26643.50,5.87,748.32,2.00,23.30,73.92,21.66,0.00,0.00,0.00,0.00,0.00,0.00
26649.50,5.86,748.00,2.00,23.30,74.16,22.67,0.00,0.00,0.00,0.00,0.00,0.17
26655.50,5.87,747.61,2.00,23.30,74.57,22.05,0.00,0.00,0.00,0.00,0.00,0.00
26661.50,5.87,747.44,2.00,23.30,74.58,22.75,0.00,0.00,0.00,0.00,0.00,0.00
26667.50,5.87,746.86,2.00,23.28,74.42,21.03,0.00,0.00,0.00,0.00,0.00,0.17
26673.50,5.87,746.33,2.00,23.28,74.03,21.24,0.00,0.00,0.00,0.00,0.00,0.00
26679.50,5.87,745.68,2.00,23.28,74.05,23.05,0.00,0.00,0.00,0.00,0.00,0.00
26685.50,5.86,745.57,2.00,23.28,74.05,20.66,0.00,0.00,0.00,0.00,0.00,0.00
26691.50,5.86,745.00,2.00,23.28,74.40,21.43,0.00,0.00,0.00,0.00,0.00,0.00
26697.50,5.86,744.86,2.00,23.24,74.17,21.19,0.00,0.00,0.00,0.00,0.00,0.17
26703.50,5.87,744.45,2.00,23.28,73.80,21.34,0.00,0.00,0.00,0.00,0.00,0.00
26709.50,5.86,744.23,2.00,23.28,73.77,20.64,0.00,0.00,0.00,0.00,0.00,0.00
26715.50,5.86,743.89,2.00,23.28,74.06,22.05,0.00,0.00,0.00,0.00,0.00,0.17
26721.50,5.86,743.64,2.00,23.27,73.95,21.21,0.00,0.00,0.00,0.00,0.00,0.00
26727.50,5.86,743.12,2.00,23.28,73.92,22.39,0.00,0.00,0.00,0.00,0.00,0.17
26733.50,5.86,742.65,2.00,23.28,73.87,21.30,0.00,0.00,0.00,0.00,0.00,0.00
26739.50,5.86,742.56,2.00,23.30,74.10,21.91,0.00,0.00,0.00,0.00,0.00,0.00
26745.50,5.86,742.05,2.00,23.27,74.07,20.05,0.00,0.00,0.00,0.00,0.00,0.00
26751.50,5.86,741.84,2.00,23.27,74.08,21.31,0.00,0.00,0.00,0.00,0.00,0.00
26757.50,5.86,741.13,2.00,23.30,74.08,21.49,0.00,0.00,0.00,0.00,0.00,0.00
26763.50,5.87,740.68,2.00,23.30,74.23,20.10,0.00,0.00,0.00,0.00,0.00,0.00
26769.50,5.86,740.26,2.00,23.30,74.30,21.16,0.00,0.00,0.00,0.00,0.00,0.00
26775.50,5.86,739.83,2.00,23.27,74.07,21.40,0.00,0.00,0.00,0.00,0.00,0.00
26781.50,5.86,739.76,2.00,23.30,74.33,21.19,0.00,0.00,0.00,0.00,0.00,0.00
26787.50,5.86,739.19,2.00,23.28,74.20,20.90,0.00,0.00,0.00,0.00,0.00,0.17
26793.50,5.86,738.86,2.00,23.28,74.03,20.51,0.00,0.00,0.00,0.00,0.00,0.00
26799.50,5.86,738.36,2.00,23.27,74.05,22.22,0.00,0.00,0.00,0.00,0.00,0.00
26805.50,5.86,738.01,2.00,23.25,74.20,20.16,0.00,0.00,0.00,0.00,0.00,0.00
26811.50,5.86,737.76,2.00,23.28,74.54,21.95,0.00,0.00,0.00,0.00,0.00,0.17
26817.50,5.87,737.17,2.00,23.27,74.72,22.84,0.00,0.00,0.00,0.00,0.00,0.00
26823.50,5.86,736.65,2.00,23.28,74.70,21.80,0.00,0.00,0.00,0.00,0.00,0.00
26829.50,5.87,736.35,2.00,23.24,74.15,20.73,0.00,0.00,0.00,0.00,0.00,0.17
26835.50,5.86,735.95,2.00,23.26,73.94,22.69,0.00,0.00,0.00,0.00,0.00,0.17
26841.50,5.86,735.85,2.00,23.22,74.03,22.77,0.00,0.00,0.00,0.00,0.00,0.00
26847.50,5.86,735.82,2.00,23.20,74.07,21.74,0.00,0.00,0.00,0.00,0.00,0.17
26853.50,5.86,735.46,2.00,23.20,74.31,22.23,0.00,0.00,0.00,0.00,0.00,0.17
26859.50,5.86,735.16,2.00,23.22,74.48,21.09,0.00,0.00,0.00,0.00,0.00,0.00
26865.50,5.86,734.71,2.00,23.20,74.30,22.23,0.00,0.00,0.00,0.00,0.00,0.00
26871.50,5.86,734.40,2.00,23.20,74.35,21.84,0.00,0.00,0.00,0.00,0.00,0.00
26877.00,5.86,734.06,2.00,23.22,74.34,22.14,0.00,0.00,0.00,0.00,0.00,0.00
26882.50,5.86,733.31,2.00,23.20,74.37,21.68,0.00,0.00,0.00,0.00,0.00,0.00
26888.50,5.86,733.41,2.00,23.23,74.23,22.16,0.00,0.00,0.00,0.00,0.00,0.33
26894.50,5.86,733.05,2.00,23.20,74.18,20.81,0.00,0.00,0.00,0.00,0.00,0.00
26900.50,5.86,732.58,2.00,23.20,74.20,23.08,0.00,0.00,0.00,0.00,0.00,0.00
26906.50,5.86,732.39,2.00,23.20,74.53,21.47,0.00,0.00,0.00,0.00,0.00,0.00
26912.50,5.86,731.81,2.00,23.20,74.72,20.73,0.00,0.00,0.00,0.00,0.00,0.00
26918.50,5.86,731.46,2.00,23.20,74.57,20.97,0.00,0.00,0.00,0.00,0.00,0.00
26924.50,5.86,731.01,2.00,23.20,74.57,20.56,0.00,0.00,0.00,0.00,0.00,0.00
26930.50,5.86,730.73,2.00,23.20,74.50,21.08,0.00,0.00,0.00,0.00,0.00,0.00
26936.50,5.86,730.51,2.00,23.20,74.27,20.45,0.00,0.00,0.00,0.00,0.00,0.00
26942.50,5.85,730.26,2.00,23.20,73.95,22.92,0.00,0.00,0.00,0.00,0.00,0.00
26948.50,5.86,729.99,2.00,23.20,73.93,21.41,0.00,0.00,0.00,0.00,0.00,0.00
26954.50,5.86,729.42,2.00,23.20,73.70,20.53,0.00,0.00,0.00,0.00,0.00,0.00
26960.50,5.85,728.98,2.00,23.20,73.87,21.64,0.00,0.00,0.00,0.00,0.00,0.00
26966.50,5.86,728.67,2.00,23.20,74.08,21.69,0.00,0.00,0.00,0.00,0.00,0.17
26972.50,5.87,728.59,2.00,23.20,74.07,20.98,0.00,0.00,0.00,0.00,0.00,0.00
26978.50,5.86,727.98,2.00,23.20,74.12,19.97,0.00,0.00,0.00,0.00,0.00,0.00
26984.50,5.86,727.58,2.00,23.20,73.98,20.05,0.00,0.00,0.00,0.00,0.00,0.17
26990.50,5.86,727.26,2.00,23.20,73.85,20.85,0.00,0.00,0.00,0.00,0.00,0.00
26996.50,5.85,727.48,2.00,23.20,73.77,21.26,0.00,0.00,0.00,0.00,0.00,0.00
27002.50,5.86,727.31,2.00,23.20,73.92,21.59,0.00,0.00,0.00,0.00,0.00,0.00
27008.50,5.86,727.01,2.00,23.20,74.03,20.20,0.00,0.00,0.00,0.00,0.00,0.00
27014.50,5.86,726.36,2.00,23.20,74.32,21.56,0.00,0.00,0.00,0.00,0.00,0.00
27020.50,5.85,725.91,2.00,23.20,74.28,22.16,0.00,0.00,0.00,0.00,0.00,0.00
27026.50,5.85,725.86,2.00,23.20,74.43,21.24,0.00,0.00,0.00,0.00,0.00,0.00
27032.50,5.84,725.82,2.00,23.20,74.53,22.84,0.00,0.00,0.00,0.00,0.00,0.00
27038.50,5.85,725.84,2.00,23.20,74.82,22.47,0.00,0.00,0.00,0.00,0.00,0.00
27044.50,5.85,725.70,2.00,23.20,74.73,20.54,0.00,0.00,0.00,0.00,0.00,0.00
27050.50,5.85,725.46,2.00,23.20,74.73,21.68,0.00,0.00,0.00,0.00,0.00,0.00
27056.50,5.85,725.23,2.00,23.20,74.96,21.65,0.00,0.00,0.00,0.00,0.00,0.17
27062.50,5.85,725.01,2.00,23.20,74.83,22.08,0.00,0.00,0.00,0.00,0.00,0.00
27068.50,5.85,724.71,2.00,23.20,74.48,21.04,0.00,0.00,0.00,0.00,0.00,0.00
27074.50,5.86,724.14,2.00,23.20,74.38,21.04,0.00,0.00,0.00,0.00,0.00,0.00
27080.50,5.86,723.87,2.00,23.20,74.18,21.94,0.00,0.00,0.00,0.00,0.00,0.00
27086.00,5.85,723.66,2.00,23.20,74.34,21.98,0.00,0.00,0.00,0.00,0.00,0.00
27091.50,5.86,723.36,2.00,23.20,73.87,21.11,0.00,0.00,0.00,0.00,0.00,0.17
27097.50,5.86,723.28,2.00,23.20,74.22,22.53,0.00,0.00,0.00,0.00,0.00,0.00
27103.50,5.86,722.86,2.00,23.20,74.18,20.96,0.00,0.00,0.00,0.00,0.00,0.00
27109.50,5.85,722.57,2.00,23.20,74.03,20.95,0.00,0.00,0.00,0.00,0.00,0.00
27115.50,5.86,722.64,2.00,23.20,74.32,21.27,0.00,0.00,0.00,0.00,0.00,0.00
27121.50,5.85,722.07,2.00,23.20,74.59,21.54,0.00,0.00,0.00,0.00,0.00,0.17
27127.50,5.84,721.44,2.00,23.20,74.43,20.88,0.00,0.00,0.00,0.00,0.00,0.00
27133.50,5.85,721.10,2.00,23.18,74.32,21.68,0.00,0.00,0.00,0.00,0.00,0.00
27139.50,5.85,721.02,2.00,23.20,74.47,23.04,0.00,0.00,0.00,0.00,0.00,0.17
27145.50,5.85,720.81,2.00,23.20,74.73,21.66,0.00,0.00,0.00,0.00,0.00,0.00
27151.50,5.85,720.22,2.00,23.20,74.40,21.75,0.00,0.00,0.00,0.00,0.00,0.00
27157.50,5.85,719.94,2.00,23.20,74.38,21.50,0.00,0.00,0.00,0.00,0.00,0.00
27163.50,5.85,720.08,2.00,23.20,74.40,19.86,0.00,0.00,0.00,0.00,0.00,0.00
27169.50,5.85,719.02,2.00,23.18,74.21,21.48,0.00,0.00,0.00,0.00,0.00,0.17
27175.50,5.85,718.97,2.00,23.17,74.35,21.96,0.00,0.00,0.00,0.00,0.00,0.00
27181.50,5.85,718.73,2.00,23.20,74.27,20.89,0.00,0.00,0.00,0.00,0.00,0.00
27187.50,5.85,718.54,2.00,23.20,74.33,21.54,0.00,0.00,0.00,0.00,0.00,0.00
27193.50,5.85,718.23,2.00,23.20,74.03,21.59,0.00,0.00,0.00,0.00,0.00,0.00
27199.50,5.84,717.93,2.00,23.20,74.12,20.61,0.00,0.00,0.00,0.00,0.00,0.00
27205.50,5.84,717.66,2.00,23.20,74.32,21.32,0.00,0.00,0.00,0.00,0.00,0.00
27211.50,5.85,717.62,2.00,23.20,74.43,21.84,0.00,0.00,0.00,0.00,0.00,0.00
27217.50,5.86,717.26,2.00,23.20,74.52,21.26,0.00,0.00,0.00,0.00,0.00,0.00
27223.50,5.85,717.17,2.00,23.20,74.62,21.17,0.00,0.00,0.00,0.00,0.00,0.00
27229.50,5.85,716.74,2.00,23.20,74.52,22.98,0.00,0.00,0.00,0.00,0.00,0.00
27235.50,5.86,716.46,2.00,23.20,74.58,21.36,0.00,0.00,0.00,0.00,0.00,0.00
27241.50,5.86,716.12,2.00,23.20,74.37,22.02,0.00,0.00,0.00,0.00,0.00,0.00
27247.50,5.86,715.64,2.00,23.20,74.62,21.00,0.00,0.00,0.00,0.00,0.00,0.17
27253.50,5.86,715.15,2.00,23.20,74.60,21.26,0.00,0.00,0.00,0.00,0.00,0.17
27259.50,5.86,714.82,2.00,23.20,74.45,21.95,0.00,0.00,0.00,0.00,0.00,0.00
27265.50,5.86,714.37,2.00,23.20,74.47,21.54,0.00,0.00,0.00,0.00,0.00,0.00
27271.50,5.86,714.23,2.00,23.18,74.80,22.33,0.00,0.00,0.00,0.00,0.00,0.00
27277.50,5.86,714.25,2.00,23.18,74.77,21.95,0.00,0.00,0.00,0.00,0.00,0.17
27283.50,5.86,714.01,2.00,23.20,74.73,22.33,0.00,0.00,0.00,0.00,0.00,0.00
27289.50,5.86,713.64,2.00,23.20,74.58,22.50,0.00,0.00,0.00,0.00,0.00,0.00
27295.50,5.86,713.32,2.00,23.20,74.68,21.10,0.00,0.00,0.00,0.00,0.00,0.00
27301.50,5.86,712.88,2.00,23.18,74.77,21.56,0.00,0.00,0.00,0.00,0.00,0.00
27307.50,5.86,712.28,2.00,23.20,74.77,21.42,0.00,0.00,0.00,0.00,0.00,0.00
27313.50,5.86,711.84,2.00,23.20,75.03,19.95,0.00,0.00,0.00,0.00,0.00,0.17
27319.50,5.86,711.52,2.00,23.20,75.10,21.56,0.00,0.00,0.00,0.00,0.00,0.00
27325.50,5.86,711.36,2.00,23.20,74.80,22.36,0.00,0.00,0.00,0.00,0.00,0.00
27331.50,5.86,711.24,2.00,23.18,74.77,21.81,0.00,0.00,0.00,0.00,0.00,0.00
27337.50,5.86,710.93,2.00,23.18,74.53,20.41,0.00,0.00,0.00,0.00,0.00,0.00
27343.50,5.85,710.58,2.00,23.20,74.38,21.25,0.00,0.00,0.00,0.00,0.00,0.00
27349.50,5.86,710.48,2.00,23.20,74.68,20.49,0.00,0.00,0.00,0.00,0.00,0.00
27355.50,5.86,709.80,2.00,23.20,74.33,23.20,0.00,0.00,0.00,0.00,0.00,0.00
27361.50,5.86,709.43,2.00,23.20,74.27,21.31,0.00,0.00,0.00,0.00,0.00,0.00
27367.50,5.86,709.58,2.00,23.20,74.27,22.20,0.00,0.00,0.00,0.00,0.00,0.00
27373.50,5.86,709.15,2.00,23.20,74.35,22.41,0.00,0.00,0.00,0.00,0.00,0.00
27379.50,5.85,708.87,2.00,23.20,74.88,21.37,0.00,0.00,0.00,0.00,0.00,0.00
27385.50,5.85,708.68,2.00,23.22,74.57,22.30,0.00,0.00,0.00,0.00,0.00,0.00
27391.50,5.86,708.35,2.00,23.22,74.42,21.06,0.00,0.00,0.00,0.00,0.00,0.00
27397.50,5.85,708.61,2.00,23.20,74.28,21.81,0.00,0.00,0.00,0.00,0.00,0.00
27403.50,5.85,708.51,2.00,23.22,74.37,19.92,0.00,0.00,0.00,0.00,0.00,0.17
27409.50,5.85,708.37,2.00,23.22,74.73,20.68,0.00,0.00,0.00,0.00,0.00,0.00
27415.50,5.85,707.71,2.00,23.22,74.75,21.09,0.00,0.00,0.00,0.00,0.00,0.00
27421.50,5.85,707.64,2.00,23.23,74.72,22.89,0.00,0.00,0.00,0.00,0.00,0.00
27427.50,5.85,707.47,2.00,23.27,74.75,21.44,0.00,0.00,0.00,0.00,0.00,0.00
27433.50,5.85,707.00,2.00,23.23,74.37,21.68,0.00,0.00,0.00,0.00,0.00,0.00
27439.50,5.86,706.55,2.00,23.22,74.47,21.99,0.00,0.00,0.00,0.00,0.00,0.00
27445.50,5.85,706.23,2.00,23.25,74.75,21.53,0.00,0.00,0.00,0.00,0.00,0.00
27451.50,5.85,705.93,2.00,23.22,74.70,21.95,0.00,0.00,0.00,0.00,0.00,0.00
27457.50,5.85,705.50,2.00,23.22,74.98,21.02,0.00,0.00,0.00,0.00,0.00,0.33
27463.50,5.84,705.38,2.00,23.20,74.67,21.29,0.00,0.00,0.00,0.00,0.00,0.00
27469.50,5.85,705.19,2.00,23.20,74.20,20.48,0.00,0.00,0.00,0.00,0.00,0.00
27475.50,5.84,705.38,2.00,23.20,74.58,19.89,0.00,0.00,0.00,0.00,0.00,0.00
27481.50,5.85,704.93,2.00,23.20,74.62,22.86,0.00,0.00,0.00,0.00,0.00,0.17
27487.50,5.85,704.76,2.00,23.20,74.23,20.80,0.00,0.00,0.00,0.00,0.00,0.00
27493.50,5.85,704.69,2.00,23.20,74.27,19.87,0.00,0.00,0.00,0.00,0.00,0.17
27499.50,5.85,704.18,2.00,23.20,73.95,21.34,0.00,0.00,0.00,0.00,0.00,0.00
27505.50,5.85,704.20,2.00,23.18,73.90,21.54,0.00,0.00,0.00,0.00,0.00,0.00
27511.50,5.85,703.86,2.00,23.20,74.08,21.38,0.00,0.00,0.00,0.00,0.00,0.00
27517.50,5.85,703.42,2.00,23.20,74.28,22.75,0.00,0.00,0.00,0.00,0.00,0.00
27523.50,5.85,702.75,2.00,23.20,74.17,21.48,0.00,0.00,0.00,0.00,0.00,0.00
27529.50,5.85,702.19,2.00,23.18,74.15,22.04,0.00,0.00,0.00,0.00,0.00,0.00
27535.50,5.85,701.69,2.00,23.20,74.37,22.71,0.00,0.00,0.00,0.00,0.00,0.00
27541.50,5.86,701.28,2.00,23.20,74.58,21.59,0.00,0.00,0.00,0.00,0.00,0.00
27547.50,5.86,700.97,2.00,23.20,74.40,21.94,0.00,0.00,0.00,0.00,0.00,0.00
27553.50,5.86,700.77,2.00,23.20,74.12,21.82,0.00,0.00,0.00,0.00,0.00,0.00
27559.50,5.86,700.84,2.00,23.20,74.00,21.60,0.00,0.00,0.00,0.00,0.00,0.00
27565.50,5.86,700.98,2.00,23.20,74.18,20.91,0.00,0.00,0.00,0.00,0.00,0.00
27571.50,5.86,700.79,2.00,23.20,74.32,21.57,0.00,0.00,0.00,0.00,0.00,0.00
27577.50,5.85,700.76,2.00,23.20,74.25,21.80,0.00,0.00,0.00,0.00,0.00,0.00
27583.50,5.86,700.64,2.00,23.20,74.05,20.74,0.00,0.00,0.00,0.00,0.00,0.00
27589.50,5.86,700.31,2.00,23.20,74.25,20.89,0.00,0.00,0.00,0.00,0.00,0.00
27595.50,5.87,699.89,2.00,23.20,74.30,21.70,0.00,0.00,0.00,0.00,0.00,0.00
27601.50,5.86,699.51,2.00,23.18,74.10,21.26,0.00,0.00,0.00,0.00,0.00,0.00
27607.50,5.86,699.25,2.00,23.18,74.35,20.95,0.00,0.00,0.00,0.00,0.00,0.00
27613.50,5.86,699.06,2.00,23.20,74.50,20.99,0.00,0.00,0.00,0.00,0.00,0.00
27619.50,5.86,698.71,2.00,23.18,74.23,19.96,0.00,0.00,0.00,0.00,0.00,0.17
27625.50,5.86,698.37,2.00,23.17,74.45,21.46,0.00,0.00,0.00,0.00,0.00,0.00
27631.50,5.86,698.39,2.00,23.17,74.20,23.32,0.00,0.00,0.00,0.00,0.00,0.00
27637.50,5.86,698.16,2.00,23.20,74.23,21.32,0.00,0.00,0.00,0.00,0.00,0.00
27643.50,5.86,698.11,2.00,23.20,74.25,20.82,0.00,0.00,0.00,0.00,0.00,0.00
27649.50,5.86,697.99,2.00,23.18,74.10,21.41,0.00,0.00,0.00,0.00,0.00,0.00
27655.50,5.86,697.89,2.00,23.18,74.13,21.70,0.00,0.00,0.00,0.00,0.00,0.00
27661.50,5.86,697.54,2.00,23.20,73.97,22.52,0.00,0.00,0.00,0.00,0.00,0.00
27667.50,5.86,697.47,2.00,23.18,74.32,21.26,0.00,0.00,0.00,0.00,0.00,0.00
27673.50,5.86,697.10,2.00,23.14,74.25,20.77,0.00,0.00,0.00,0.00,0.00,0.17
27679.50,5.86,697.13,2.00,23.13,74.88,22.54,0.00,0.00,0.00,0.00,0.00,0.00
27685.50,5.85,697.12,2.00,23.16,74.52,20.82,0.00,0.00,0.00,0.00,0.00,0.17
27691.50,5.85,696.70,2.00,23.17,74.58,20.64,0.00,0.00,0.00,0.00,0.00,0.00
27697.50,5.86,696.54,2.00,23.13,74.25,21.96,0.00,0.00,0.00,0.00,0.00,0.00
27703.50,5.85,696.47,2.00,23.12,74.33,19.97,0.00,0.00,0.00,0.00,0.00,0.00
27709.50,5.86,696.18,2.00,23.15,74.23,20.41,0.00,0.00,0.00,0.00,0.00,0.00
27715.50,5.86,696.05,2.00,23.17,74.28,20.73,0.00,0.00,0.00,0.00,0.00,0.00
27721.50,5.86,696.00,2.00,23.13,74.18,21.18,0.00,0.00,0.00,0.00,0.00,0.00
27727.50,5.86,695.60,2.00,23.12,74.08,21.49,0.00,0.00,0.00,0.00,0.00,0.00
27733.50,5.86,695.53,2.00,23.12,73.98,21.24,0.00,0.00,0.00,0.00,0.00,0.00
27739.50,5.86,695.40,2.00,23.12,73.85,21.78,0.00,0.00,0.00,0.00,0.00,0.00
27745.50,5.86,695.28,2.00,23.15,73.95,21.92,0.00,0.00,0.00,0.00,0.00,0.00
27751.50,5.86,695.23,2.00,23.16,74.21,19.93,0.00,0.00,0.00,0.00,0.00,0.17
27757.50,5.85,695.31,2.00,23.17,74.18,22.56,0.00,0.00,0.00,0.00,0.00,0.00
27763.50,5.85,695.12,2.00,23.12,74.50,21.75,0.00,0.00,0.00,0.00,0.00,0.00
27769.50,5.86,695.02,2.00,23.12,74.61,21.01,0.00,0.00,0.00,0.00,0.00,0.17
27775.50,5.85,694.83,2.00,23.12,74.55,22.03,0.00,0.00,0.00,0.00,0.00,0.00
27781.50,5.86,694.71,2.00,23.12,74.52,20.66,0.00,0.00,0.00,0.00,0.00,0.17
27787.50,5.86,694.48,2.00,23.10,74.37,22.17,0.00,0.00,0.00,0.00,0.00,0.00
27793.50,5.86,694.25,2.00,23.10,74.25,21.40,0.00,0.00,0.00,0.00,0.00,0.00
27799.50,5.86,693.96,2.00,23.10,74.20,21.77,0.00,0.00,0.00,0.00,0.00,0.00
27805.50,5.86,693.60,2.00,23.10,74.45,23.01,0.00,0.00,0.00,0.00,0.00,0.00
27811.50,5.86,693.22,2.00,23.10,74.23,22.05,0.00,0.00,0.00,0.00,0.00,0.00
27817.50,5.86,693.41,2.00,23.10,74.03,21.72,0.00,0.00,0.00,0.00,0.00,0.00
27823.50,5.85,693.27,2.00,23.10,74.12,22.08,0.00,0.00,0.00,0.00,0.00,0.00
27829.50,5.86,692.89,2.00,23.10,74.37,22.12,0.00,0.00,0.00,0.00,0.00,0.00
27835.50,5.86,692.75,2.00,23.10,74.40,20.84,0.00,0.00,0.00,0.00,0.00,0.00
27841.50,5.85,692.48,2.00,23.10,74.43,20.61,0.00,0.00,0.00,0.00,0.00,0.00
27847.50,5.86,692.25,2.00,23.10,74.52,22.84,0.00,0.00,0.00,0.00,0.00,0.00
27853.50,5.86,691.88,2.00,23.10,74.33,21.36,0.00,0.00,0.00,0.00,0.00,0.00
27859.50,5.86,691.71,2.00,23.10,74.63,20.48,0.00,0.00,0.00,0.00,0.00,0.00
27865.50,5.86,691.57,2.00,23.10,74.60,21.59,0.00,0.00,0.00,0.00,0.00,0.00
27871.50,5.86,691.23,2.00,23.10,74.58,22.49,0.00,0.00,0.00,0.00,0.00,0.17
27877.50,5.86,691.25,2.00,23.10,74.42,21.98,0.00,0.00,0.00,0.00,0.00,0.00
27883.50,5.86,691.26,2.00,23.10,74.37,20.68,0.00,0.00,0.00,0.00,0.00,0.00
27889.50,5.86,691.14,2.00,23.10,74.55,22.32,0.00,0.00,0.00,0.00,0.00,0.00
27895.50,5.86,691.00,2.00,23.10,74.33,21.71,0.00,0.00,0.00,0.00,0.00,0.00
27901.50,5.85,690.55,2.00,23.10,74.17,21.16,0.00,0.00,0.00,0.00,0.00,0.00
27907.50,5.86,690.59,2.00,23.10,74.08,20.87,0.00,0.00,0.00,0.00,0.00,0.00
27913.50,5.85,690.40,2.00,23.10,73.93,22.85,0.00,0.00,0.00,0.00,0.00,0.00
27919.50,5.86,690.38,2.00,23.10,74.08,21.39,0.00,0.00,0.00,0.00,0.00,0.00
27925.50,5.86,690.18,2.00,23.10,74.32,20.73,0.00,0.00,0.00,0.00,0.00,0.00
27931.50,5.86,689.62,2.00,23.10,74.30,20.54,0.00,0.00,0.00,0.00,0.00,0.00
27937.50,5.86,689.40,2.00,23.10,74.17,23.07,0.00,0.00,0.00,0.00,0.00,0.17
27943.50,5.86,689.08,2.00,23.10,74.07,22.17,0.00,0.00,0.00,0.00,0.00,0.00
27949.50,5.86,689.08,2.00,23.10,74.10,21.16,0.00,0.00,0.00,0.00,0.00,0.00
27955.50,5.86,689.00,2.00,23.10,74.23,23.80,0.00,0.00,0.00,0.00,0.00,0.33
27961.50,5.86,688.79,2.00,23.10,74.35,22.14,0.00,0.00,0.00,0.00,0.00,0.00
27967.50,5.86,688.68,2.00,23.10,74.57,23.46,0.00,0.00,0.00,0.00,0.00,0.00
27973.50,5.86,688.50,2.00,23.10,74.55,20.98,0.00,0.00,0.00,0.00,0.00,0.00
27979.50,5.86,688.36,2.00,23.10,74.70,22.29,0.00,0.00,0.00,0.00,0.00,0.00
27985.50,5.86,688.32,2.00,23.10,74.63,20.82,0.00,0.00,0.00,0.00,0.00,0.00
27991.50,5.86,688.05,2.00,23.10,74.68,21.69,0.00,0.00,0.00,0.00,0.00,0.00
27997.50,5.86,687.80,2.00,23.08,74.58,20.95,0.00,0.00,0.00,0.00,0.00,0.00
28003.50,5.86,687.68,2.00,23.10,74.82,20.81,0.00,0.00,0.00,0.00,0.00,0.17
28009.50,5.86,687.52,2.00,23.10,74.72,22.09,0.00,0.00,0.00,0.00,0.00,0.00
28015.50,5.86,687.44,2.00,23.10,74.60,21.10,0.00,0.00,0.00,0.00,0.00,0.00
28021.50,5.86,687.25,2.00,23.10,74.60,21.04,0.00,0.00,0.00,0.00,0.00,0.00
28027.50,5.86,687.08,2.00,23.10,74.58,23.01,0.00,0.00,0.00,0.00,0.00,0.00
28033.50,5.86,686.73,2.00,23.10,74.82,22.33,0.00,0.00,0.00,0.00,0.00,0.00
28039.50,5.86,686.47,2.00,23.10,74.88,21.02,0.00,0.00,0.00,0.00,0.00,0.17
28045.50,5.87,686.35,2.00,23.10,74.72,20.18,0.00,0.00,0.00,0.00,0.00,0.00
28051.50,5.86,686.28,2.00,23.08,74.62,20.45,0.00,0.00,0.00,0.00,0.00,0.00
28057.50,5.87,686.14,2.00,23.10,74.40,20.59,0.00,0.00,0.00,0.00,0.00,0.00
28063.50,5.86,685.93,2.00,23.08,74.50,22.54,0.00,0.00,0.00,0.00,0.00,0.00
28069.50,5.86,685.93,2.00,23.07,74.53,21.77,0.00,0.00,0.00,0.00,0.00,0.00
28075.50,5.87,685.83,2.00,23.10,74.52,21.95,0.00,0.00,0.00,0.00,0.00,0.17
28081.50,5.86,685.79,2.00,23.05,74.42,20.86,0.00,0.00,0.00,0.00,0.00,0.17
28087.50,5.86,685.50,2.00,23.07,74.26,21.34,0.00,0.00,0.00,0.00,0.00,0.17
28093.50,5.86,685.45,2.00,23.08,74.25,20.80,0.00,0.00,0.00,0.00,0.00,0.00
28099.50,5.86,685.28,2.00,23.08,74.58,21.96,0.00,0.00,0.00,0.00,0.00,0.00
28105.50,5.86,684.89,2.00,23.10,74.44,21.69,0.00,0.00,0.00,0.00,0.00,0.17
28111.50,5.87,684.81,2.00,23.10,74.53,21.22,0.00,0.00,0.00,0.00,0.00,0.00
28117.50,5.86,684.31,2.00,23.10,74.50,21.67,0.00,0.00,0.00,0.00,0.00,0.00
28123.50,5.86,684.31,2.00,23.10,74.15,21.22,0.00,0.00,0.00,0.00,0.00,0.00
28129.50,5.86,683.79,2.00,23.10,74.27,21.17,0.00,0.00,0.00,0.00,0.00,0.00
28135.50,5.86,683.66,2.00,23.10,74.14,23.21,0.00,0.00,0.00,0.00,0.00,0.17
28141.50,5.86,683.85,2.00,23.10,74.31,21.58,0.00,0.00,0.00,0.00,0.00,0.17
28147.50,5.85,683.63,2.00,23.10,74.35,21.38,0.00,0.00,0.00,0.00,0.00,0.00
28153.50,5.85,683.53,2.00,23.10,74.60,20.80,0.00,0.00,0.00,0.00,0.00,0.00
28159.50,5.85,683.08,2.00,23.10,74.44,23.66,0.00,0.00,0.00,0.00,0.00,0.17
28165.50,5.86,683.10,2.00,23.10,74.48,21.18,0.00,0.00,0.00,0.00,0.00,0.00
28171.50,5.86,682.80,2.00,23.07,74.23,19.62,0.00,0.00,0.00,0.00,0.00,0.00
28177.50,5.86,682.62,2.00,23.07,74.35,21.94,0.00,0.00,0.00,0.00,0.00,0.00
28183.50,5.86,682.46,2.00,23.08,74.38,22.02,0.00,0.00,0.00,0.00,0.00,0.00
28189.50,5.86,682.22,2.00,23.03,74.24,21.39,0.00,0.00,0.00,0.00,0.00,0.17
28195.50,5.86,681.94,2.00,23.02,74.17,22.73,0.00,0.00,0.00,0.00,0.00,0.00
28201.50,5.86,681.85,2.00,23.02,74.62,21.43,0.00,0.00,0.00,0.00,0.00,0.00
28207.50,5.86,681.61,2.00,23.02,74.43,22.55,0.00,0.00,0.00,0.00,0.00,0.00
28213.50,5.86,681.47,2.00,23.03,74.50,22.06,0.00,0.00,0.00,0.00,0.00,0.00
28219.50,5.86,681.40,2.00,23.07,74.27,21.13,0.00,0.00,0.00,0.00,0.00,0.00
28225.50,5.86,681.20,2.00,23.03,74.17,21.45,0.00,0.00,0.00,0.00,0.00,0.00
28231.50,5.86,680.94,2.00,23.03,74.55,21.12,0.00,0.00,0.00,0.00,0.00,0.00
28237.50,5.86,680.72,2.00,23.04,74.68,20.28,0.00,0.00,0.00,0.00,0.00,0.17
28243.50,5.86,680.72,2.00,23.00,74.52,22.02,0.00,0.00,0.00,0.00,0.00,0.00
28249.50,5.86,680.43,2.00,23.00,74.60,20.07,0.00,0.00,0.00,0.00,0.00,0.00
28255.50,5.86,680.43,2.00,23.04,74.60,23.12,0.00,0.00,0.00,0.00,0.00,0.17
28261.50,5.86,680.23,2.00,23.02,74.65,22.36,0.00,0.00,0.00,0.00,0.00,0.00
28267.50,5.86,679.78,2.00,23.02,74.53,21.69,0.00,0.00,0.00,0.00,0.00,0.00
28273.50,5.87,679.53,2.00,23.02,74.50,23.05,0.00,0.00,0.00,0.00,0.00,0.17
28279.50,5.87,679.02,2.00,23.00,74.32,21.25,0.00,0.00,0.00,0.00,0.00,0.00
28285.50,5.87,679.17,2.00,23.02,74.30,20.71,0.00,0.00,0.00,0.00,0.00,0.00
28291.50,5.86,679.05,2.00,23.03,74.28,20.70,0.00,0.00,0.00,0.00,0.00,0.00
28297.00,5.86,679.04,2.00,23.02,74.32,21.20,0.00,0.00,0.00,0.00,0.00,0.00
28302.50,5.86,679.05,2.00,23.03,74.22,21.54,0.00,0.00,0.00,0.00,0.00,0.00
28308.50,5.86,678.91,2.00,23.10,74.23,20.30,0.00,0.00,0.00,0.00,0.00,0.00
28314.50,5.86,678.91,2.00,23.10,74.70,19.88,0.00,0.00,0.00,0.00,0.00,0.00
28320.50,5.86,678.55,2.00,23.10,74.97,22.36,0.00,0.00,0.00,0.00,0.00,0.17
28326.50,5.86,678.29,2.00,23.10,74.80,20.79,0.00,0.00,0.00,0.00,0.00,0.00
28332.50,5.83,679.42,2.00,23.10,74.88,22.00,0.00,0.00,0.00,0.00,0.00,0.00
28338.50,5.86,678.01,2.00,23.12,74.44,21.96,0.00,0.00,0.00,0.00,0.00,0.33
28344.50,5.86,678.01,2.00,23.20,74.42,21.67,0.00,0.00,0.00,0.00,0.00,0.00
28350.50,5.86,677.56,2.00,23.20,74.22,21.75,0.00,0.00,0.00,0.00,0.00,0.00
28356.50,5.86,677.39,2.00,23.20,73.73,23.18,0.00,0.00,0.00,0.00,0.00,0.00
28362.50,5.86,677.61,2.00,23.20,73.67,21.12,0.00,0.00,0.00,0.00,0.00,0.00
28368.50,5.86,677.68,2.00,23.20,73.48,21.42,0.00,0.00,0.00,0.00,0.00,0.17
28374.50,5.86,678.00,2.00,23.20,73.30,20.42,0.00,0.00,0.00,0.00,0.00,0.00
28380.50,5.86,677.86,2.00,23.20,73.12,21.21,0.00,0.00,0.00,0.00,0.00,0.00
28386.50,5.86,677.90,2.00,23.20,72.99,21.79,0.00,0.00,0.00,0.00,0.00,0.17
28392.50,5.85,677.89,2.00,23.18,72.83,19.57,0.00,0.00,0.00,0.00,0.00,0.00
28398.50,5.85,677.86,2.00,23.18,72.88,21.58,0.00,0.00,0.00,0.00,0.00,0.00
28404.50,5.85,677.74,2.00,23.15,72.82,22.47,0.00,0.00,0.00,0.00,0.00,0.00
28410.50,5.86,677.20,2.00,23.15,72.83,20.93,0.00,0.00,0.00,0.00,0.00,0.00
28416.50,5.86,676.74,2.00,23.12,73.18,21.34,0.00,0.00,0.00,0.00,0.00,0.00
28422.00,5.85,676.57,2.00,23.10,73.14,21.19,0.00,0.00,0.00,0.00,0.00,0.00
28427.50,5.86,675.94,2.00,23.12,72.87,22.23,0.00,0.00,0.00,0.00,0.00,0.00
28433.50,5.86,675.64,2.00,23.10,72.90,21.99,0.00,0.00,0.00,0.00,0.00,0.00
28439.50,5.85,675.68,2.00,23.10,73.07,19.89,0.00,0.00,0.00,0.00,0.00,0.00
28445.50,5.86,675.51,2.00,23.10,72.90,21.68,0.00,0.00,0.00,0.00,0.00,0.00
28451.50,5.86,675.40,2.00,23.12,72.98,20.47,0.00,0.00,0.00,0.00,0.00,0.17
28457.50,5.86,674.95,2.00,23.10,73.06,19.60,0.00,0.00,0.00,0.00,0.00,0.17
28463.50,5.86,674.73,2.00,23.12,72.95,21.74,0.00,0.00,0.00,0.00,0.00,0.00
28469.50,5.86,674.68,2.00,23.13,72.98,20.14,0.00,0.00,0.00,0.00,0.00,0.00
28475.50,5.86,674.44,2.00,23.10,73.08,21.67,0.00,0.00,0.00,0.00,0.00,0.33
28481.50,5.86,674.05,2.00,23.10,73.58,23.15,0.00,0.00,0.00,0.00,0.00,0.17
28487.50,5.86,674.24,2.00,23.15,73.92,21.60,0.00,0.00,0.00,0.00,0.00,0.00
28493.50,5.85,674.40,2.00,23.17,73.85,22.00,0.00,0.00,0.00,0.00,0.00,0.00
28499.50,5.86,674.29,2.00,23.20,73.97,22.25,0.00,0.00,0.00,0.00,0.00,0.00
28505.50,5.86,674.00,2.00,23.25,73.66,21.63,0.00,0.00,0.00,0.00,0.00,0.17
28511.50,5.86,673.67,2.00,23.30,73.93,22.61,0.00,0.00,0.00,0.00,0.00,0.00
28517.50,5.86,673.60,2.00,23.30,73.40,22.73,0.00,0.00,0.00,0.00,0.00,0.00
28523.50,5.85,673.76,2.00,23.30,74.03,22.01,0.00,0.00,0.00,0.00,0.00,0.00
28529.50,5.85,673.71,2.00,23.40,74.63,22.76,0.00,0.00,0.00,0.00,0.00,0.00
28535.50,5.91,670.13,2.00,23.40,75.02,23.07,0.00,0.00,0.00,0.00,0.00,0.00
28541.50,5.86,668.87,2.00,23.42,75.02,20.10,0.00,0.00,0.00,0.00,0.00,0.00
28547.50,5.97,662.50,2.00,23.50,75.58,21.02,0.00,0.00,0.00,0.00,0.00,0.00
28553.50,5.96,662.71,2.00,23.50,75.15,22.16,0.00,0.00,0.00,0.00,0.00,0.00
28559.50,5.94,665.41,2.00,23.58,75.60,20.87,0.00,0.00,0.00,0.00,0.00,0.00
28565.50,5.93,667.93,2.00,23.60,75.32,21.76,0.00,0.00,0.00,0.00,0.00,0.00
28571.50,5.93,669.25,2.00,23.60,75.07,21.65,0.00,0.00,0.00,0.00,0.00,0.00
28577.50,5.93,669.49,2.00,23.60,74.42,21.28,0.00,0.00,0.00,0.00,0.00,0.17
28583.00,5.93,669.78,2.00,23.66,74.04,23.06,0.00,0.00,0.00,0.00,0.00,0.00
28589.00,5.93,669.89,2.00,23.70,73.94,22.05,0.00,0.00,0.00,0.00,0.00,0.14
28595.50,5.89,668.90,2.00,23.70,73.70,22.33,0.00,0.00,0.00,0.00,0.00,0.00
28601.50,6.01,663.00,2.00,23.75,73.60,23.78,0.00,0.00,0.00,0.00,0.00,0.00
28607.50,5.98,663.76,2.00,23.78,73.40,20.62,0.00,0.00,0.00,0.00,0.00,0.00
28613.50,5.95,667.39,2.00,23.80,73.25,22.86,0.00,0.00,0.00,0.00,0.00,0.00
28619.50,5.98,668.93,2.00,23.80,73.28,21.76,0.00,0.00,0.00,0.00,0.00,0.00
28625.50,6.00,666.39,2.00,23.80,73.85,22.19,0.00,0.00,0.00,0.00,0.00,0.00
28631.50,5.91,666.74,2.00,23.88,72.82,21.01,0.00,0.00,0.00,0.00,0.00,0.00
28637.50,5.98,660.42,2.00,23.88,72.87,22.39,0.00,0.00,0.00,0.00,0.00,0.00
28643.00,6.01,743.42,2.00,23.90,72.78,20.69,0.00,0.00,0.20,0.00,0.00,0.20
28648.50,6.02,813.83,2.00,23.90,73.17,20.26,0.00,0.00,0.00,0.00,0.00,0.00
28654.50,6.21,875.85,2.00,23.90,73.88,21.31,0.00,0.00,0.00,0.00,0.00,0.00
28660.50,6.14,1088.58,2.00,23.90,74.28,20.71,0.00,0.00,0.00,0.00,0.00,0.00
28666.50,6.11,1095.27,2.00,23.83,74.68,20.25,0.00,0.00,0.00,0.00,0.00,0.00
28672.50,6.11,1100.77,2.00,23.80,76.13,21.70,0.00,0.00,0.00,0.00,0.00,0.00
28678.50,6.07,1107.35,2.00,23.80,76.65,20.97,0.00,0.00,0.00,0.00,0.00,0.00
28684.50,6.04,1111.86,2.00,23.80,76.37,22.03,0.00,0.00,0.00,0.00,0.00,0.00
28690.50,6.03,1115.49,2.00,23.80,75.23,21.25,0.00,0.00,0.00,0.00,0.00,0.00
28696.50,5.98,1119.90,2.00,23.80,76.75,22.22,0.00,0.00,0.00,0.00,0.00,0.00
28702.50,5.96,1169.79,2.00,23.80,77.02,22.04,0.00,0.00,0.00,0.00,0.00,0.00
28707.50,5.92,1125.71,2.00,23.80,76.89,21.50,0.00,0.00,0.00,0.00,0.00,0.25
28712.50,5.91,1128.74,2.00,23.80,76.57,21.79,0.00,0.00,0.00,0.00,0.00,0.00
28718.50,5.89,1130.85,2.00,23.80,75.33,21.75,0.00,0.00,0.00,0.00,0.00,0.00
28724.50,5.88,1132.86,2.00,23.80,75.93,21.63,0.00,0.00,0.00,0.00,0.00,0.00
28730.50,5.86,1134.75,2.00,23.80,76.55,20.63,0.00,0.00,0.00,0.00,0.00,0.00
28736.50,5.86,1136.11,2.00,23.80,75.38,20.98,0.00,0.00,0.00,0.00,0.00,0.00
28742.50,5.85,1137.67,2.00,23.80,75.65,21.94,0.00,0.00,0.00,0.00,0.00,0.00
28748.50,5.84,1138.81,2.00,23.80,76.10,20.08,0.00,0.00,0.00,0.00,0.00,0.00
28754.00,5.83,1140.06,2.00,23.80,75.34,21.32,0.00,0.00,0.00,0.00,0.00,0.00
28760.00,5.83,1141.34,2.00,23.80,75.61,22.29,0.00,0.00,0.00,0.00,0.00,0.00
28766.50,5.82,1142.34,2.00,23.80,76.13,21.57,0.00,0.00,0.00,0.00,0.00,0.00
28772.50,5.82,1143.38,2.00,23.80,75.32,22.75,0.00,0.00,0.00,0.00,0.00,0.00
28778.50,5.81,1144.39,2.00,23.78,75.29,20.47,0.00,0.00,0.00,0.00,0.00,0.17
28784.50,5.81,1145.30,2.00,23.80,75.58,21.34,0.00,0.00,0.00,0.00,0.00,0.00
28789.50,5.79,1146.22,2.00,23.80,74.88,22.93,0.00,0.00,0.00,0.00,0.00,0.00
28793.50,5.80,1146.95,2.00,23.80,75.15,22.90,0.00,0.00,0.00,0.00,0.00,0.00
28798.50,5.79,1148.03,2.00,23.80,74.85,23.07,0.00,0.00,0.00,0.00,0.00,0.00
28804.50,5.78,1148.98,2.00,23.80,75.15,22.61,0.00,0.00,0.00,0.00,0.00,0.00
28810.50,5.77,1149.63,2.00,23.82,75.59,21.52,0.00,0.00,0.00,0.00,0.00,0.17
28816.00,5.77,1150.41,2.00,23.80,75.48,21.30,0.00,0.00,0.00,0.00,0.00,0.20
28821.50,5.77,1151.11,2.00,23.80,75.05,20.91,0.00,0.00,0.00,0.00,0.00,0.00
28827.50,5.76,1151.88,2.00,23.80,75.80,20.84,0.00,0.00,0.00,0.00,0.00,0.00
28833.50,5.76,1152.53,2.00,23.80,75.55,21.18,0.00,0.00,0.00,0.00,0.00,0.00
28839.50,5.76,1153.23,2.00,23.80,74.60,22.91,0.00,0.00,0.00,0.00,0.00,0.00
28845.50,5.75,1153.87,2.00,23.77,75.50,21.32,0.00,0.00,0.00,0.00,0.00,0.00
28851.50,5.75,1154.29,2.00,23.72,75.70,22.78,0.00,0.00,0.00,0.00,0.00,0.00
28857.50,5.75,1155.02,2.00,23.70,75.70,21.52,0.00,0.00,0.00,0.00,0.00,0.00
28863.50,5.74,1155.57,2.00,23.70,76.17,21.07,0.00,0.00,0.00,0.00,0.00,0.00
28869.50,5.74,1156.21,2.00,23.70,76.60,21.34,0.00,0.00,0.00,0.00,0.00,0.00
28875.50,5.74,1156.62,2.00,23.70,76.65,22.05,0.00,0.00,0.00,0.00,0.00,0.00
28881.50,5.73,1157.21,2.00,23.70,76.75,22.09,0.00,0.00,0.00,0.00,0.00,0.00
28887.50,5.72,1158.03,2.00,23.70,76.43,21.83,0.00,0.00,0.00,0.00,0.00,0.00
28893.50,5.73,1158.27,2.00,23.70,75.70,21.68,0.00,0.00,0.00,0.00,0.00,0.00
28899.50,5.73,1158.79,2.00,23.70,76.42,22.93,0.00,0.00,0.00,0.00,0.00,0.00
28905.50,5.71,1159.41,2.00,23.70,75.57,21.18,0.00,0.00,0.00,0.00,0.00,0.00
28911.50,5.72,1159.71,2.00,23.70,74.35,21.26,0.00,0.00,0.00,0.00,0.00,0.00
28917.50,5.72,1160.21,2.00,23.68,74.75,22.21,0.00,0.00,0.00,0.00,0.00,0.00
28923.50,5.71,1160.65,2.00,23.68,73.87,20.18,0.00,0.00,0.00,0.00,0.00,0.00
28929.50,5.71,1161.10,2.00,23.70,75.33,20.97,0.00,0.00,0.00,0.00,0.00,0.00
28935.50,5.70,1161.67,2.00,23.70,74.52,20.65,0.00,0.00,0.00,0.00,0.00,0.00
28941.50,5.71,1162.07,2.00,23.70,76.33,21.45,0.00,0.00,0.00,0.00,0.00,0.00
28947.50,5.71,1162.31,2.00,23.68,75.75,20.76,0.00,0.00,0.00,0.00,0.00,0.00
28953.50,5.70,1162.64,2.00,23.68,76.07,21.36,0.00,0.00,0.00,0.00,0.00,0.00
28959.50,5.70,1163.02,2.00,23.70,76.22,22.94,0.00,0.00,0.00,0.00,0.00,0.00
28965.50,5.70,1163.44,2.00,23.65,76.55,21.75,0.00,0.00,0.00,0.00,0.00,0.00
28971.50,5.70,1163.77,2.00,23.67,76.57,20.76,0.00,0.00,0.00,0.00,0.00,0.00
28977.50,5.70,1164.13,2.00,23.67,76.53,21.10,0.00,0.00,0.00,0.00,0.00,0.00
28983.50,5.69,1164.46,2.00,23.62,75.78,21.49,0.00,0.00,0.00,0.00,0.00,0.00
28989.50,5.69,1164.82,2.00,23.63,75.85,23.23,0.00,0.00,0.00,0.00,0.00,0.00
28995.50,5.69,1165.19,2.00,23.60,76.12,21.41,0.00,0.00,0.00,0.00,0.00,0.00
29001.50,5.68,1165.65,2.00,23.62,75.93,21.48,0.00,0.00,0.00,0.00,0.00,0.00
29007.50,5.68,1166.02,2.00,23.60,75.38,20.79,0.00,0.00,0.00,0.00,0.00,0.00
29013.50,5.68,1166.12,2.00,23.60,76.60,21.43,0.00,0.00,0.00,0.00,0.00,0.00
29019.50,5.68,1166.71,2.00,23.62,75.78,23.21,0.00,0.00,0.00,0.00,0.00,0.00
29025.50,5.68,1167.00,2.00,23.60,74.60,21.71,0.00,0.00,0.00,0.00,0.00,0.00
29031.50,5.67,1167.25,2.00,23.60,75.08,22.27,0.00,0.00,0.00,0.00,0.00,0.00
29037.50,5.68,1167.49,2.00,23.60,75.78,19.93,0.00,0.00,0.00,0.00,0.00,0.00
29043.00,5.67,1167.83,2.00,23.62,76.16,19.51,0.00,0.00,0.00,0.00,0.00,0.00
29048.50,5.67,1168.23,2.00,23.60,74.25,20.86,0.00,0.00,0.00,0.00,0.00,0.00
29054.50,5.67,1168.52,2.00,23.62,74.10,21.08,0.00,0.00,0.00,0.00,0.00,0.00
29060.50,5.67,1168.78,2.00,23.68,74.65,21.55,0.00,0.00,0.00,0.00,0.00,0.17
29066.50,5.67,1169.02,2.00,23.63,74.08,21.86,0.00,0.00,0.00,0.00,0.00,0.00
29072.50,5.66,1169.44,2.00,23.65,73.93,21.78,0.00,0.00,0.00,0.00,0.00,0.00
29078.50,5.67,1169.51,2.00,23.68,74.32,21.35,0.00,0.00,0.00,0.00,0.00,0.00
29084.50,5.66,1169.75,2.00,23.68,74.32,21.31,0.00,0.00,0.00,0.00,0.00,0.17
29090.50,5.66,1170.33,2.00,23.67,74.18,20.36,0.00,0.00,0.00,0.00,0.00,0.00
29096.00,5.66,1170.36,2.00,23.70,74.38,22.06,0.00,0.00,0.00,0.00,0.00,0.00
29102.00,5.66,1170.66,2.00,23.70,75.00,21.54,0.00,0.00,0.00,0.00,0.00,0.00
29108.50,5.65,1170.94,2.00,23.70,75.57,21.03,0.00,0.00,0.00,0.00,0.00,0.00
29114.50,5.66,1171.26,2.00,23.70,74.95,20.93,0.00,0.00,0.00,0.00,0.00,0.00
29120.50,5.66,1171.39,2.00,23.70,75.78,22.49,0.00,0.00,0.00,0.00,0.00,0.00
29126.50,5.66,1171.69,2.00,23.70,76.38,22.05,0.00,0.00,0.00,0.00,0.00,0.00
29132.50,5.65,1172.02,2.00,23.70,76.30,21.72,0.00,0.00,0.00,0.00,0.00,0.00
29138.50,5.65,1172.17,2.00,23.70,76.19,22.47,0.00,0.00,0.00,0.00,0.00,0.17
29144.50,5.65,1172.55,2.00,23.70,74.47,23.39,0.00,0.00,0.00,0.00,0.00,0.17
29150.50,5.65,1172.69,2.00,23.70,74.47,21.15,0.00,0.00,0.00,0.00,0.00,0.00
29156.50,5.65,1172.99,2.00,23.70,74.12,21.67,0.00,0.00,0.00,0.00,0.00,0.17
29162.00,5.64,1173.12,2.00,23.70,73.98,21.43,0.00,0.00,0.00,0.00,0.00,0.00
29168.00,5.65,1173.42,2.00,23.70,73.51,20.90,0.00,0.00,0.00,0.00,0.00,0.00
29174.50,5.65,1173.69,2.00,23.70,73.88,22.13,0.00,0.00,0.00,0.00,0.00,0.00
29180.50,5.65,1173.89,2.00,23.70,73.43,20.04,0.00,0.00,0.00,0.00,0.00,0.17
29186.50,5.64,1174.25,2.00,23.70,73.48,22.16,0.00,0.00,0.00,0.00,0.00,0.00
29192.50,5.64,1174.39,2.00,23.70,74.78,20.85,0.00,0.00,0.00,0.00,0.00,0.17
29198.50,5.65,1174.88,2.00,23.70,74.62,19.96,0.00,0.00,0.00,0.00,0.00,0.00
29204.50,5.64,1174.98,2.00,23.72,73.77,20.00,0.00,0.00,0.00,0.00,0.00,0.00
29210.00,5.65,1175.16,2.00,23.74,73.98,20.33,0.00,0.00,0.00,0.00,0.00,0.00
29216.00,5.64,1175.51,2.00,23.76,74.59,22.25,0.00,0.00,0.00,0.00,0.00,0.14
29222.50,5.64,1175.63,2.00,23.80,73.45,21.24,0.00,0.00,0.00,0.00,0.00,0.00
29228.50,5.64,1175.82,2.00,23.80,73.92,21.56,0.00,0.00,0.00,0.00,0.00,0.00
29234.50,5.64,1176.08,2.00,23.80,73.28,22.02,0.00,0.00,0.00,0.00,0.00,0.00
29239.50,5.64,1176.34,2.00,23.80,73.67,21.54,0.00,0.00,0.00,0.00,0.00,0.00
29241.25,5.64,1176.34,2.00,23.80,74.34,20.82,0.00,0.00,0.00,0.00,0.00,0.00
29243.00,5.65,1176.34,2.00,23.80,75.00,20.11,0.00,0.00,0.00,0.00,0.00,0.00
29243.00,5.65,1177.08,2.00,23.80,75.00,20.11,0.00,0.00,0.00,0.00,0.00,0.00
29243.00,5.65,1177.82,2.00,23.80,75.01,20.11,0.00,0.00,0.00,0.00,0.00,0.00
29243.00,5.65,1178.56,2.00,23.80,75.01,20.11,0.00,0.00,0.00,0.00,0.00,0.00
29243.01,5.65,1179.29,2.00,23.80,75.02,20.11,0.00,0.00,0.00,0.00,0.00,0.00
29243.01,5.65,1180.03,2.00,23.80,75.02,20.11,0.00,0.00,0.00,0.00,0.00,0.00
29243.01,5.65,1180.77,2.00,23.80,75.02,20.11,0.00,0.00,0.00,0.00,0.00,0.00
29243.01,5.65,1181.51,2.00,23.80,75.03,20.11,0.00,0.00,0.00,0.00,0.00,0.00
29243.01,5.65,1182.25,2.00,23.80,75.03,20.11,0.00,0.00,0.00,0.00,0.00,0.00
29243.01,5.65,1182.99,2.00,23.80,75.04,20.11,0.00,0.00,0.00,0.00,0.00,0.00
29243.01,5.65,1183.72,2.00,23.80,75.04,20.11,0.00,0.00,0.00,0.00,0.00,0.00
29243.01,5.65,1184.46,2.00,23.80,75.05,20.11,0.00,0.00,0.00,0.00,0.00,0.00
29243.02,5.65,1185.20,2.00,23.80,75.05,20.11,0.00,0.00,0.00,0.00,0.00,0.00
29243.02,5.65,1185.94,2.00,23.80,75.05,20.11,0.00,0.00,0.00,0.00,0.00,0.00
29243.02,5.65,1186.68,2.00,23.80,75.06,20.11,0.00,0.00,0.00,0.00,0.00,0.00
29243.02,5.65,1187.42,2.00,23.80,75.06,20.11,0.00,0.00,0.00,0.00,0.00,0.00
29243.02,5.65,1188.15,2.00,23.80,75.07,20.10,0.00,0.00,0.00,0.00,0.00,0.00
29243.02,5.66,1188.89,2.00,23.80,75.07,20.10,0.00,0.00,0.00,0.00,0.00,0.00
29243.02,5.66,1189.63,2.00,23.80,75.07,20.10,0.00,0.00,0.00,0.00,0.00,0.00
29243.03,5.66,1190.37,2.00,23.80,75.08,20.10,0.00,0.00,0.00,0.00,0.00,0.00
29243.03,5.66,1191.11,2.00,23.80,75.08,20.10,0.00,0.00,0.00,0.00,0.00,0.00
29243.03,5.66,1191.85,2.00,23.80,75.09,20.10,0.00,0.00,0.00,0.00,0.00,0.00
29243.03,5.66,1192.58,2.00,23.80,75.09,20.10,0.00,0.00,0.00,0.00,0.00,0.00
29243.03,5.66,1193.32,2.00,23.80,75.09,20.10,0.00,0.00,0.00,0.00,0.00,0.00
29243.03,5.66,1194.06,2.00,23.80,75.10,20.10,0.00,0.00,0.00,0.00,0.00,0.00
29243.03,5.66,1194.80,2.00,23.79,75.10,20.10,0.00,0.00,0.00,0.00,0.00,0.00
29243.04,5.66,1195.54,2.00,23.79,75.11,20.10,0.00,0.00,0.00,0.00,0.00,0.00
29243.04,5.66,1196.28,2.00,23.79,75.11,20.10,0.00,0.00,0.00,0.00,0.00,0.00
29243.04,5.66,1197.01,2.00,23.79,75.12,20.10,0.00,0.00,0.00,0.00,0.00,0.00
29243.04,5.66,1197.75,2.00,23.79,75.12,20.10,0.00,0.00,0.00,0.00,0.00,0.00
29243.04,5.66,1198.49,2.00,23.79,75.12,20.10,0.00,0.00,0.00,0.00,0.00,0.00
29243.04,5.66,1199.23,2.00,23.79,75.13,20.10,0.00,0.00,0.00,0.00,0.00,0.00
29243.04,5.66,1199.97,2.00,23.79,75.13,20.10,0.00,0.00,0.00,0.00,0.00,0.00
29243.04,5.66,1200.71,2.00,23.79,75.14,20.10,0.00,0.00,0.00,0.00,0.00,0.00
29243.05,5.66,1201.44,2.00,23.79,75.14,20.10,0.00,0.00,0.00,0.00,0.00,0.00
29243.05,5.66,1202.18,2.00,23.79,75.14,20.10,0.00,0.00,0.00,0.00,0.00,0.00
29243.05,5.66,1202.92,2.00,23.79,75.15,20.10,0.00,0.00,0.00,0.00,0.00,0.00
29243.05,5.67,1203.66,2.00,23.79,75.15,20.10,0.00,0.00,0.00,0.00,0.00,0.00
29243.05,5.67,1204.40,2.00,23.79,75.16,20.10,0.00,0.00,0.00,0.00,0.00,0.00
29243.05,5.67,1205.14,2.00,23.79,75.16,20.10,0.00,0.00,0.00,0.00,0.00,0.00
29243.05,5.67,1205.87,2.00,23.79,75.16,20.10,0.00,0.00,0.00,0.00,0.00,0.00
29243.06,5.67,1206.61,2.00,23.79,75.17,20.10,0.00,0.00,0.00,0.00,0.00,0.00
29243.06,5.67,1207.35,2.00,23.79,75.17,20.10,0.00,0.00,0.00,0.00,0.00,0.00
29243.06,5.67,1208.09,2.00,23.79,75.18,20.10,0.00,0.00,0.00,0.00,0.00,0.00
29243.06,5.67,1208.83,2.00,23.79,75.18,20.10,0.00,0.00,0.00,0.00,0.00,0.00
29243.06,5.67,1209.57,2.00,23.79,75.19,20.10,0.00,0.00,0.00,0.00,0.00,0.00
29243.06,5.67,1210.30,2.00,23.79,75.19,20.10,0.00,0.00,0.00,0.00,0.00,0.00
29243.06,5.67,1211.04,2.00,23.79,75.19,20.10,0.00,0.00,0.00,0.00,0.00,0.00
29243.06,5.67,1211.78,2.00,23.79,75.20,20.10,0.00,0.00,0.00,0.00,0.00,0.00
29243.07,5.67,1212.52,2.00,23.79,75.20,20.10,0.00,0.00,0.00,0.00,0.00,0.00
29243.07,5.67,1213.26,2.00,23.79,75.21,20.10,0.00,0.00,0.00,0.00,0.00,0.00
29243.07,5.67,1214.00,2.00,23.79,75.21,20.10,0.00,0.00,0.00,0.00,0.00,0.00
29243.07,5.67,1214.73,2.00,23.79,75.21,20.10,0.00,0.00,0.00,0.00,0.00,0.00
29243.07,5.67,1215.47,2.00,23.79,75.22,20.10,0.00,0.00,0.00,0.00,0.00,0.00
29243.07,5.67,1216.21,2.00,23.79,75.22,20.10,0.00,0.00,0.00,0.00,0.00,0.00
29243.07,5.67,1216.95,2.00,23.79,75.23,20.10,0.00,0.00,0.00,0.00,0.00,0.00
29243.08,5.67,1217.69,2.00,23.79,75.23,20.10,0.00,0.00,0.00,0.00,0.00,0.00
29243.08,5.68,1218.43,2.00,23.79,75.23,20.10,0.00,0.00,0.00,0.00,0.00,0.00
29243.08,5.68,1219.16,2.00,23.79,75.24,20.10,0.00,0.00,0.00,0.00,0.00,0.00
29243.08,5.68,1219.90,2.00,23.79,75.24,20.10,0.00,0.00,0.00,0.00,0.00,0.00
29243.08,5.68,1220.64,2.00,23.79,75.25,20.10,0.00,0.00,0.00,0.00,0.00,0.00
29243.08,5.68,1221.38,2.00,23.79,75.25,20.10,0.00,0.00,0.00,0.00,0.00,0.00
29243.08,5.68,1222.12,2.00,23.79,75.26,20.10,0.00,0.00,0.00,0.00,0.00,0.00
29243.08,5.68,1222.86,2.00,23.79,75.26,20.10,0.00,0.00,0.00,0.00,0.00,0.00
29243.09,5.68,1223.59,2.00,23.79,75.26,20.10,0.00,0.00,0.00,0.00,0.00,0.00
29243.09,5.68,1224.33,2.00,23.79,75.27,20.10,0.00,0.00,0.00,0.00,0.00,0.00
29243.09,5.68,1225.07,2.00,23.79,75.27,20.10,0.00,0.00,0.00,0.00,0.00,0.00
29243.09,5.68,1225.81,2.00,23.79,75.28,20.10,0.00,0.00,0.00,0.00,0.00,0.00
29243.09,5.68,1226.55,2.00,23.79,75.28,20.10,0.00,0.00,0.00,0.00,0.00,0.00
29243.09,5.68,1227.29,2.00,23.79,75.28,20.10,0.00,0.00,0.00,0.00,0.00,0.00
29243.09,5.68,1228.02,2.00,23.79,75.29,20.10,0.00,0.00,0.00,0.00,0.00,0.00
29243.10,5.68,1228.76,2.00,23.79,75.29,20.10,0.00,0.00,0.00,0.00,0.00,0.00
29243.10,5.68,1229.50,2.00,23.79,75.30,20.10,0.00,0.00,0.00,0.00,0.00,0.00
29243.10,5.68,1230.24,2.00,23.79,75.30,20.10,0.00,0.00,0.00,0.00,0.00,0.00
29243.10,5.68,1230.98,2.00,23.79,75.30,20.10,0.00,0.00,0.00,0.00,0.00,0.00
29243.10,5.68,1231.72,2.00,23.78,75.31,20.10,0.00,0.00,0.00,0.00,0.00,0.00
29243.10,5.68,1232.45,2.00,23.78,75.31,20.10,0.00,0.00,0.00,0.00,0.00,0.00
29243.10,5.69,1233.19,2.00,23.78,75.32,20.10,0.00,0.00,0.00,0.00,0.00,0.00
29243.11,5.69,1233.93,2.00,23.78,75.32,20.10,0.00,0.00,0.00,0.00,0.00,0.00
29243.11,5.69,1234.67,2.00,23.78,75.32,20.10,0.00,0.00,0.00,0.00,0.00,0.00
29243.11,5.69,1235.41,2.00,23.78,75.33,20.10,0.00,0.00,0.00,0.00,0.00,0.00
29243.11,5.69,1236.15,2.00,23.78,75.33,20.10,0.00,0.00,0.00,0.00,0.00,0.00
29243.11,5.69,1236.88,2.00,23.78,75.34,20.10,0.00,0.00,0.00,0.00,0.00,0.00
29243.11,5.69,1237.62,2.00,23.78,75.34,20.10,0.00,0.00,0.00,0.00,0.00,0.00
29243.11,5.69,1238.36,2.00,23.78,75.35,20.10,0.00,0.00,0.00,0.00,0.00,0.00
29243.11,5.69,1239.10,2.00,23.78,75.35,20.10,0.00,0.00,0.00,0.00,0.00,0.00
29243.12,5.69,1239.84,2.00,23.78,75.35,20.10,0.00,0.00,0.00,0.00,0.00,0.00
29243.12,5.69,1240.58,2.00,23.78,75.36,20.10,0.00,0.00,0.00,0.00,0.00,0.00
29243.12,5.69,1241.31,2.00,23.78,75.36,20.10,0.00,0.00,0.00,0.00,0.00,0.00
29243.12,5.69,1242.05,2.00,23.78,75.37,20.10,0.00,0.00,0.00,0.00,0.00,0.00
29243.12,5.69,1242.79,2.00,23.78,75.37,20.10,0.00,0.00,0.00,0.00,0.00,0.00
29243.12,5.69,1243.53,2.00,23.78,75.37,20.10,0.00,0.00,0.00,0.00,0.00,0.00
29243.12,5.69,1244.27,2.00,23.78,75.38,20.10,0.00,0.00,0.00,0.00,0.00,0.00
29243.13,5.69,1245.01,2.00,23.78,75.38,20.10,0.00,0.00,0.00,0.00,0.00,0.00
29243.13,5.69,1245.74,2.00,23.78,75.39,20.10,0.00,0.00,0.00,0.00,0.00,0.00
29243.13,5.69,1246.48,2.00,23.78,75.39,20.10,0.00,0.00,0.00,0.00,0.00,0.00
29243.13,5.69,1247.22,2.00,23.78,75.39,20.10,0.00,0.00,0.00,0.00,0.00,0.00
29243.13,5.70,1247.96,2.00,23.78,75.40,20.10,0.00,0.00,0.00,0.00,0.00,0.00
29243.13,5.70,1248.70,2.00,23.78,75.40,20.10,0.00,0.00,0.00,0.00,0.00,0.00
29243.13,5.70,1249.44,2.00,23.78,75.41,20.10,0.00,0.00,0.00,0.00,0.00,0.00
29243.13,5.70,1250.17,2.00,23.78,75.41,20.10,0.00,0.00,0.00,0.00,0.00,0.00
29243.14,5.70,1250.91,2.00,23.78,75.42,20.10,0.00,0.00,0.00,0.00,0.00,0.00
29243.14,5.70,1251.65,2.00,23.78,75.42,20.10,0.00,0.00,0.00,0.00,0.00,0.00
29243.14,5.70,1252.39,2.00,23.78,75.42,20.10,0.00,0.00,0.00,0.00,0.00,0.00
29243.14,5.70,1253.13,2.00,23.78,75.43,20.10,0.00,0.00,0.00,0.00,0.00,0.00
29243.14,5.70,1253.87,2.00,23.78,75.43,20.10,0.00,0.00,0.00,0.00,0.00,0.00
29243.14,5.70,1254.60,2.00,23.78,75.44,20.10,0.00,0.00,0.00,0.00,0.00,0.00
29243.14,5.70,1255.34,2.00,23.78,75.44,20.10,0.00,0.00,0.00,0.00,0.00,0.00
29243.15,5.70,1256.08,2.00,23.78,75.44,20.10,0.00,0.00,0.00,0.00,0.00,0.00
29243.15,5.70,1256.82,2.00,23.78,75.45,20.10,0.00,0.00,0.00,0.00,0.00,0.00
29243.15,5.70,1257.56,2.00,23.78,75.45,20.10,0.00,0.00,0.00,0.00,0.00,0.00
29243.15,5.70,1258.30,2.00,23.78,75.46,20.09,0.00,0.00,0.00,0.00,0.00,0.00
29243.15,5.70,1259.03,2.00,23.78,75.46,20.09,0.00,0.00,0.00,0.00,0.00,0.00
29243.15,5.70,1259.77,2.00,23.78,75.46,20.09,0.00,0.00,0.00,0.00,0.00,0.00
29243.15,5.70,1260.51,2.00,23.78,75.47,20.09,0.00,0.00,0.00,0.00,0.00,0.00
29243.16,5.70,1261.25,2.00,23.78,75.47,20.09,0.00,0.00,0.00,0.00,0.00,0.00
29243.16,5.70,1261.99,2.00,23.78,75.48,20.09,0.00,0.00,0.00,0.00,0.00,0.00
29243.16,5.71,1262.73,2.00,23.78,75.48,20.09,0.00,0.00,0.00,0.00,0.00,0.00
29243.16,5.71,1263.46,2.00,23.78,75.49,20.09,0.00,0.00,0.00,0.00,0.00,0.00
29243.16,5.71,1264.20,2.00,23.78,75.49,20.09,0.00,0.00,0.00,0.00,0.00,0.00
29243.16,5.71,1264.94,2.00,23.78,75.49,20.09,0.00,0.00,0.00,0.00,0.00,0.00
29243.16,5.71,1265.68,2.00,23.78,75.50,20.09,0.00,0.00,0.00,0.00,0.00,0.00
29243.16,5.71,1266.42,2.00,23.78,75.50,20.09,0.00,0.00,0.00,0.00,0.00,0.00
29243.17,5.71,1267.16,2.00,23.78,75.51,20.09,0.00,0.00,0.00,0.00,0.00,0.00
29243.17,5.71,1267.89,2.00,23.77,75.51,20.09,0.00,0.00,0.00,0.00,0.00,0.00
29243.17,5.71,1268.63,2.00,23.77,75.51,20.09,0.00,0.00,0.00,0.00,0.00,0.00
29243.17,5.71,1269.37,2.00,23.77,75.52,20.09,0.00,0.00,0.00,0.00,0.00,0.00
29243.17,5.71,1270.11,2.00,23.77,75.52,20.09,0.00,0.00,0.00,0.00,0.00,0.00
29243.17,5.71,1270.85,2.00,23.77,75.53,20.09,0.00,0.00,0.00,0.00,0.00,0.00
29243.17,5.71,1271.59,2.00,23.77,75.53,20.09,0.00,0.00,0.00,0.00,0.00,0.00
29243.18,5.71,1272.32,2.00,23.77,75.53,20.09,0.00,0.00,0.00,0.00,0.00,0.00
29243.18,5.71,1273.06,2.00,23.77,75.54,20.09,0.00,0.00,0.00,0.00,0.00,0.00
29243.18,5.71,1273.80,2.00,23.77,75.54,20.09,0.00,0.00,0.00,0.00,0.00,0.00
29243.18,5.71,1274.54,2.00,23.77,75.55,20.09,0.00,0.00,0.00,0.00,0.00,0.00
29243.18,5.71,1275.28,2.00,23.77,75.55,20.09,0.00,0.00,0.00,0.00,0.00,0.00
29243.18,5.71,1276.02,2.00,23.77,75.56,20.09,0.00,0.00,0.00,0.00,0.00,0.00
29243.18,5.71,1276.75,2.00,23.77,75.56,20.09,0.00,0.00,0.00,0.00,0.00,0.00
29243.18,5.72,1277.49,2.00,23.77,75.56,20.09,0.00,0.00,0.00,0.00,0.00,0.00
29243.19,5.72,1278.23,2.00,23.77,75.57,20.09,0.00,0.00,0.00,0.00,0.00,0.00
29243.19,5.72,1278.97,2.00,23.77,75.57,20.09,0.00,0.00,0.00,0.00,0.00,0.00
29243.19,5.72,1279.71,2.00,23.77,75.58,20.09,0.00,0.00,0.00,0.00,0.00,0.00
29243.19,5.72,1280.45,2.00,23.77,75.58,20.09,0.00,0.00,0.00,0.00,0.00,0.00
29243.19,5.72,1281.18,2.00,23.77,75.58,20.09,0.00,0.00,0.00,0.00,0.00,0.00
29243.19,5.72,1281.92,2.00,23.77,75.59,20.09,0.00,0.00,0.00,0.00,0.00,0.00
29243.19,5.72,1282.66,2.00,23.77,75.59,20.09,0.00,0.00,0.00,0.00,0.00,0.00
29243.20,5.72,1283.40,2.00,23.77,75.60,20.09,0.00,0.00,0.00,0.00,0.00,0.00
29243.20,5.72,1284.14,2.00,23.77,75.60,20.09,0.00,0.00,0.00,0.00,0.00,0.00
29243.20,5.72,1284.88,2.00,23.77,75.60,20.09,0.00,0.00,0.00,0.00,0.00,0.00
29243.20,5.72,1285.61,2.00,23.77,75.61,20.09,0.00,0.00,0.00,0.00,0.00,0.00
29243.20,5.72,1286.35,2.00,23.77,75.61,20.09,0.00,0.00,0.00,0.00,0.00,0.00
29243.20,5.72,1287.09,2.00,23.77,75.62,20.09,0.00,0.00,0.00,0.00,0.00,0.00
29243.20,5.72,1287.83,2.00,23.77,75.62,20.09,0.00,0.00,0.00,0.00,0.00,0.00
29243.20,5.72,1288.57,2.00,23.77,75.63,20.09,0.00,0.00,0.00,0.00,0.00,0.00
29243.21,5.72,1289.31,2.00,23.77,75.63,20.09,0.00,0.00,0.00,0.00,0.00,0.00
29243.21,5.72,1290.04,2.00,23.77,75.63,20.09,0.00,0.00,0.00,0.00,0.00,0.00
29243.21,5.72,1290.78,2.00,23.77,75.64,20.09,0.00,0.00,0.00,0.00,0.00,0.00
29243.21,5.72,1291.52,2.00,23.77,75.64,20.09,0.00,0.00,0.00,0.00,0.00,0.00
29243.21,5.73,1292.26,2.00,23.77,75.65,20.09,0.00,0.00,0.00,0.00,0.00,0.00
29243.21,5.73,1293.00,2.00,23.77,75.65,20.09,0.00,0.00,0.00,0.00,0.00,0.00
29243.21,5.73,1293.74,2.00,23.77,75.65,20.09,0.00,0.00,0.00,0.00,0.00,0.00
29243.22,5.73,1294.47,2.00,23.77,75.66,20.09,0.00,0.00,0.00,0.00,0.00,0.00
29243.22,5.73,1295.21,2.00,23.77,75.66,20.09,0.00,0.00,0.00,0.00,0.00,0.00
29243.22,5.73,1295.95,2.00,23.77,75.67,20.09,0.00,0.00,0.00,0.00,0.00,0.00
29243.22,5.73,1296.69,2.00,23.77,75.67,20.09,0.00,0.00,0.00,0.00,0.00,0.00
29243.22,5.73,1297.43,2.00,23.77,75.67,20.09,0.00,0.00,0.00,0.00,0.00,0.00
29243.22,5.73,1298.17,2.00,23.77,75.68,20.09,0.00,0.00,0.00,0.00,0.00,0.00
29243.22,5.73,1298.90,2.00,23.77,75.68,20.09,0.00,0.00,0.00,0.00,0.00,0.00
29243.23,5.73,1299.64,2.00,23.77,75.69,20.09,0.00,0.00,0.00,0.00,0.00,0.00
29243.23,5.73,1300.38,2.00,23.77,75.69,20.09,0.00,0.00,0.00,0.00,0.00,0.00
29243.23,5.73,1301.12,2.00,23.77,75.70,20.09,0.00,0.00,0.00,0.00,0.00,0.00
29243.23,5.73,1301.86,2.00,23.77,75.70,20.09,0.00,0.00,0.00,0.00,0.00,0.00
29243.23,5.73,1302.60,2.00,23.77,75.70,20.09,0.00,0.00,0.00,0.00,0.00,0.00
29243.23,5.73,1303.33,2.00,23.77,75.71,20.09,0.00,0.00,0.00,0.00,0.00,0.00
29243.23,5.73,1304.07,2.00,23.77,75.71,20.09,0.00,0.00,0.00,0.00,0.00,0.00
29243.23,5.73,1304.81,2.00,23.76,75.72,20.09,0.00,0.00,0.00,0.00,0.00,0.00
29243.24,5.73,1305.55,2.00,23.76,75.72,20.09,0.00,0.00,0.00,0.00,0.00,0.00
29243.24,5.73,1306.29,2.00,23.76,75.72,20.09,0.00,0.00,0.00,0.00,0.00,0.00
29243.24,5.74,1307.03,2.00,23.76,75.73,20.09,0.00,0.00,0.00,0.00,0.00,0.00
29243.24,5.74,1307.76,2.00,23.76,75.73,20.09,0.00,0.00,0.00,0.00,0.00,0.00
29243.24,5.74,1308.50,2.00,23.76,75.74,20.09,0.00,0.00,0.00,0.00,0.00,0.00
29243.24,5.74,1309.24,2.00,23.76,75.74,20.09,0.00,0.00,0.00,0.00,0.00,0.00
29243.24,5.74,1309.98,2.00,23.76,75.74,20.09,0.00,0.00,0.00,0.00,0.00,0.00
29243.25,5.74,1310.72,2.00,23.76,75.75,20.09,0.00,0.00,0.00,0.00,0.00,0.00
29243.25,5.74,1311.46,2.00,23.76,75.75,20.09,0.00,0.00,0.00,0.00,0.00,0.00
29243.25,5.74,1312.19,2.00,23.76,75.76,20.09,0.00,0.00,0.00,0.00,0.00,0.00
29243.25,5.74,1312.93,2.00,23.76,75.76,20.09,0.00,0.00,0.00,0.00,0.00,0.00
29243.25,5.74,1313.67,2.00,23.76,75.77,20.09,0.00,0.00,0.00,0.00,0.00,0.00
29243.25,5.74,1314.41,2.00,23.76,75.77,20.09,0.00,0.00,0.00,0.00,0.00,0.00
29243.25,5.74,1315.15,2.00,23.76,75.77,20.09,0.00,0.00,0.00,0.00,0.00,0.00
29243.25,5.74,1315.89,2.00,23.76,75.78,20.09,0.00,0.00,0.00,0.00,0.00,0.00
29243.26,5.74,1316.62,2.00,23.76,75.78,20.09,0.00,0.00,0.00,0.00,0.00,0.00
29243.26,5.74,1317.36,2.00,23.76,75.79,20.09,0.00,0.00,0.00,0.00,0.00,0.00
29243.26,5.74,1318.10,2.00,23.76,75.79,20.09,0.00,0.00,0.00,0.00,0.00,0.00
29243.26,5.74,1318.84,2.00,23.76,75.79,20.09,0.00,0.00,0.00,0.00,0.00,0.00
29243.26,5.74,1319.58,2.00,23.76,75.80,20.09,0.00,0.00,0.00,0.00,0.00,0.00
29243.26,5.74,1320.32,2.00,23.76,75.80,20.09,0.00,0.00,0.00,0.00,0.00,0.00
29243.26,5.74,1321.05,2.00,23.76,75.81,20.09,0.00,0.00,0.00,0.00,0.00,0.00
29243.27,5.75,1321.79,2.00,23.76,75.81,20.09,0.00,0.00,0.00,0.00,0.00,0.00
29243.27,5.75,1322.53,2.00,23.76,75.81,20.09,0.00,0.00,0.00,0.00,0.00,0.00
29243.27,5.75,1323.27,2.00,23.76,75.82,20.09,0.00,0.00,0.00,0.00,0.00,0.00
29243.27,5.75,1324.01,2.00,23.76,75.82,20.09,0.00,0.00,0.00,0.00,0.00,0.00
29243.27,5.75,1324.75,2.00,23.76,75.83,20.09,0.00,0.00,0.00,0.00,0.00,0.00
29243.27,5.75,1325.48,2.00,23.76,75.83,20.09,0.00,0.00,0.00,0.00,0.00,0.00
29243.27,5.75,1326.22,2.00,23.76,75.83,20.09,0.00,0.00,0.00,0.00,0.00,0.00
29243.28,5.75,1326.96,2.00,23.76,75.84,20.09,0.00,0.00,0.00,0.00,0.00,0.00
29243.28,5.75,1327.70,2.00,23.76,75.84,20.09,0.00,0.00,0.00,0.00,0.00,0.00
29243.28,5.75,1328.44,2.00,23.76,75.85,20.08,0.00,0.00,0.00,0.00,0.00,0.00
29243.28,5.75,1329.18,2.00,23.76,75.85,20.08,0.00,0.00,0.00,0.00,0.00,0.00
29243.28,5.75,1329.91,2.00,23.76,75.86,20.08,0.00,0.00,0.00,0.00,0.00,0.00
29243.28,5.75,1330.65,2.00,23.76,75.86,20.08,0.00,0.00,0.00,0.00,0.00,0.00
29243.28,5.75,1331.39,2.00,23.76,75.86,20.08,0.00,0.00,0.00,0.00,0.00,0.00
29243.28,5.75,1332.13,2.00,23.76,75.87,20.08,0.00,0.00,0.00,0.00,0.00,0.00
29243.29,5.75,1332.87,2.00,23.76,75.87,20.08,0.00,0.00,0.00,0.00,0.00,0.00
29243.29,5.75,1333.61,2.00,23.76,75.88,20.08,0.00,0.00,0.00,0.00,0.00,0.00
29243.29,5.75,1334.34,2.00,23.76,75.88,20.08,0.00,0.00,0.00,0.00,0.00,0.00
29243.29,5.75,1335.08,2.00,23.76,75.88,20.08,0.00,0.00,0.00,0.00,0.00,0.00
29243.29,5.75,1335.82,2.00,23.76,75.89,20.08,0.00,0.00,0.00,0.00,0.00,0.00
29243.29,5.76,1336.56,2.00,23.76,75.89,20.08,0.00,0.00,0.00,0.00,0.00,0.00
29243.29,5.76,1337.30,2.00,23.76,75.90,20.08,0.00,0.00,0.00,0.00,0.00,0.00
29243.30,5.76,1338.04,2.00,23.76,75.90,20.08,0.00,0.00,0.00,0.00,0.00,0.00
29243.30,5.76,1338.77,2.00,23.76,75.90,20.08,0.00,0.00,0.00,0.00,0.00,0.00
29243.30,5.76,1339.51,2.00,23.76,75.91,20.08,0.00,0.00,0.00,0.00,0.00,0.00
29243.30,5.76,1340.25,2.00,23.76,75.91,20.08,0.00,0.00,0.00,0.00,0.00,0.00
29243.30,5.76,1340.99,2.00,23.75,75.92,20.08,0.00,0.00,0.00,0.00,0.00,0.00
29243.30,5.76,1341.73,2.00,23.75,75.92,20.08,0.00,0.00,0.00,0.00,0.00,0.00
29243.30,5.76,1342.47,2.00,23.75,75.93,20.08,0.00,0.00,0.00,0.00,0.00,0.00
29243.30,5.76,1343.20,2.00,23.75,75.93,20.08,0.00,0.00,0.00,0.00,0.00,0.00
29243.31,5.76,1343.94,2.00,23.75,75.93,20.08,0.00,0.00,0.00,0.00,0.00,0.00
29243.31,5.76,1344.68,2.00,23.75,75.94,20.08,0.00,0.00,0.00,0.00,0.00,0.00
29243.31,5.76,1345.42,2.00,23.75,75.94,20.08,0.00,0.00,0.00,0.00,0.00,0.00
29243.31,5.76,1346.16,2.00,23.75,75.95,20.08,0.00,0.00,0.00,0.00,0.00,0.00
29243.31,5.76,1346.90,2.00,23.75,75.95,20.08,0.00,0.00,0.00,0.00,0.00,0.00
29243.31,5.76,1347.63,2.00,23.75,75.95,20.08,0.00,0.00,0.00,0.00,0.00,0.00
29243.31,5.76,1348.37,2.00,23.75,75.96,20.08,0.00,0.00,0.00,0.00,0.00,0.00
29243.32,5.76,1349.11,2.00,23.75,75.96,20.08,0.00,0.00,0.00,0.00,0.00,0.00
29243.32,5.76,1349.85,2.00,23.75,75.97,20.08,0.00,0.00,0.00,0.00,0.00,0.00
29243.32,5.76,1350.59,2.00,23.75,75.97,20.08,0.00,0.00,0.00,0.00,0.00,0.00
29243.32,5.77,1351.33,2.00,23.75,75.97,20.08,0.00,0.00,0.00,0.00,0.00,0.00
29243.32,5.77,1352.06,2.00,23.75,75.98,20.08,0.00,0.00,0.00,0.00,0.00,0.00
29243.32,5.77,1352.80,2.00,23.75,75.98,20.08,0.00,0.00,0.00,0.00,0.00,0.00
29243.32,5.77,1353.54,2.00,23.75,75.99,20.08,0.00,0.00,0.00,0.00,0.00,0.00
29243.33,5.77,1354.28,2.00,23.75,75.99,20.08,0.00,0.00,0.00,0.00,0.00,0.00
29243.33,5.77,1355.02,2.00,23.75,76.00,20.08,0.00,0.00,0.00,0.00,0.00,0.00
29243.33,5.77,1355.76,2.00,23.75,76.00,20.08,0.00,0.00,0.00,0.00,0.00,0.00
29243.33,5.77,1356.49,2.00,23.75,76.00,20.08,0.00,0.00,0.00,0.00,0.00,0.00
29243.33,5.77,1357.23,2.00,23.75,76.01,20.08,0.00,0.00,0.00,0.00,0.00,0.00
29243.33,5.77,1357.97,2.00,23.75,76.01,20.08,0.00,0.00,0.00,0.00,0.00,0.00
29243.33,5.77,1358.71,2.00,23.75,76.02,20.08,0.00,0.00,0.00,0.00,0.00,0.00
29243.33,5.77,1359.45,2.00,23.75,76.02,20.08,0.00,0.00,0.00,0.00,0.00,0.00
29243.34,5.77,1360.19,2.00,23.75,76.02,20.08,0.00,0.00,0.00,0.00,0.00,0.00
29243.34,5.77,1360.92,2.00,23.75,76.03,20.08,0.00,0.00,0.00,0.00,0.00,0.00
29243.34,5.77,1361.66,2.00,23.75,76.03,20.08,0.00,0.00,0.00,0.00,0.00,0.00
29243.34,5.77,1362.40,2.00,23.75,76.04,20.08,0.00,0.00,0.00,0.00,0.00,0.00
29243.34,5.77,1363.14,2.00,23.75,76.04,20.08,0.00,0.00,0.00,0.00,0.00,0.00
29243.34,5.77,1363.88,2.00,23.75,76.04,20.08,0.00,0.00,0.00,0.00,0.00,0.00
29243.34,5.77,1364.62,2.00,23.75,76.05,20.08,0.00,0.00,0.00,0.00,0.00,0.00
29243.35,5.77,1365.35,2.00,23.75,76.05,20.08,0.00,0.00,0.00,0.00,0.00,0.00
29243.35,5.78,1366.09,2.00,23.75,76.06,20.08,0.00,0.00,0.00,0.00,0.00,0.00
29243.35,5.78,1366.83,2.00,23.75,76.06,20.08,0.00,0.00,0.00,0.00,0.00,0.00
29243.35,5.78,1367.57,2.00,23.75,76.07,20.08,0.00,0.00,0.00,0.00,0.00,0.00
29243.35,5.78,1368.31,2.00,23.75,76.07,20.08,0.00,0.00,0.00,0.00,0.00,0.00
29243.35,5.78,1369.05,2.00,23.75,76.07,20.08,0.00,0.00,0.00,0.00,0.00,0.00
29243.35,5.78,1369.78,2.00,23.75,76.08,20.08,0.00,0.00,0.00,0.00,0.00,0.00
29243.35,5.78,1370.52,2.00,23.75,76.08,20.08,0.00,0.00,0.00,0.00,0.00,0.00
29243.36,5.78,1371.26,2.00,23.75,76.09,20.08,0.00,0.00,0.00,0.00,0.00,0.00
29243.36,5.78,1372.00,2.00,23.75,76.09,20.08,0.00,0.00,0.00,0.00,0.00,0.00
29243.36,5.78,1372.74,2.00,23.75,76.09,20.08,0.00,0.00,0.00,0.00,0.00,0.00
29243.36,5.78,1373.48,2.00,23.75,76.10,20.08,0.00,0.00,0.00,0.00,0.00,0.00
29243.36,5.78,1374.21,2.00,23.75,76.10,20.08,0.00,0.00,0.00,0.00,0.00,0.00
29243.36,5.78,1374.95,2.00,23.75,76.11,20.08,0.00,0.00,0.00,0.00,0.00,0.00
29243.36,5.78,1375.69,2.00,23.75,76.11,20.08,0.00,0.00,0.00,0.00,0.00,0.00
29243.37,5.78,1376.43,2.00,23.75,76.11,20.08,0.00,0.00,0.00,0.00,0.00,0.00
29243.37,5.78,1377.17,2.00,23.74,76.12,20.08,0.00,0.00,0.00,0.00,0.00,0.00
29243.37,5.78,1377.91,2.00,23.74,76.12,20.08,0.00,0.00,0.00,0.00,0.00,0.00
29243.37,5.78,1378.64,2.00,23.74,76.13,20.08,0.00,0.00,0.00,0.00,0.00,0.00
29243.37,5.78,1379.38,2.00,23.74,76.13,20.08,0.00,0.00,0.00,0.00,0.00,0.00
29243.37,5.79,1380.12,2.00,23.74,76.14,20.08,0.00,0.00,0.00,0.00,0.00,0.00
29243.37,5.79,1380.86,2.00,23.74,76.14,20.08,0.00,0.00,0.00,0.00,0.00,0.00
29243.37,5.79,1381.60,2.00,23.74,76.14,20.08,0.00,0.00,0.00,0.00,0.00,0.00
29243.38,5.79,1382.34,2.00,23.74,76.15,20.08,0.00,0.00,0.00,0.00,0.00,0.00
29243.38,5.79,1383.07,2.00,23.74,76.15,20.08,0.00,0.00,0.00,0.00,0.00,0.00
29243.38,5.79,1383.81,2.00,23.74,76.16,20.08,0.00,0.00,0.00,0.00,0.00,0.00
29243.38,5.79,1384.55,2.00,23.74,76.16,20.08,0.00,0.00,0.00,0.00,0.00,0.00
29243.38,5.79,1385.29,2.00,23.74,76.16,20.08,0.00,0.00,0.00,0.00,0.00,0.00
29243.38,5.79,1386.03,2.00,23.74,76.17,20.08,0.00,0.00,0.00,0.00,0.00,0.00
29243.38,5.79,1386.77,2.00,23.74,76.17,20.08,0.00,0.00,0.00,0.00,0.00,0.00
29243.39,5.79,1387.50,2.00,23.74,76.18,20.08,0.00,0.00,0.00,0.00,0.00,0.00
29243.39,5.79,1388.24,2.00,23.74,76.18,20.08,0.00,0.00,0.00,0.00,0.00,0.00
29243.39,5.79,1388.98,2.00,23.74,76.18,20.08,0.00,0.00,0.00,0.00,0.00,0.00
29243.39,5.79,1389.72,2.00,23.74,76.19,20.08,0.00,0.00,0.00,0.00,0.00,0.00
29243.39,5.79,1390.46,2.00,23.74,76.19,20.08,0.00,0.00,0.00,0.00,0.00,0.00
29243.39,5.79,1391.20,2.00,23.74,76.20,20.08,0.00,0.00,0.00,0.00,0.00,0.00
29243.39,5.79,1391.93,2.00,23.74,76.20,20.08,0.00,0.00,0.00,0.00,0.00,0.00
29243.40,5.79,1392.67,2.00,23.74,76.21,20.08,0.00,0.00,0.00,0.00,0.00,0.00
29243.40,5.79,1393.41,2.00,23.74,76.21,20.08,0.00,0.00,0.00,0.00,0.00,0.00
29243.40,5.79,1394.15,2.00,23.74,76.21,20.08,0.00,0.00,0.00,0.00,0.00,0.00
29243.40,5.80,1394.89,2.00,23.74,76.22,20.08,0.00,0.00,0.00,0.00,0.00,0.00
29243.40,5.80,1395.63,2.00,23.74,76.22,20.08,0.00,0.00,0.00,0.00,0.00,0.00
29243.40,5.80,1396.36,2.00,23.74,76.23,20.08,0.00,0.00,0.00,0.00,0.00,0.00
29243.40,5.80,1397.10,2.00,23.74,76.23,20.08,0.00,0.00,0.00,0.00,0.00,0.00
29243.40,5.80,1397.84,2.00,23.74,76.23,20.07,0.00,0.00,0.00,0.00,0.00,0.00
29243.41,5.80,1398.58,2.00,23.74,76.24,20.07,0.00,0.00,0.00,0.00,0.00,0.00
29243.41,5.80,1399.32,2.00,23.74,76.24,20.07,0.00,0.00,0.00,0.00,0.00,0.00
29243.41,5.80,1400.06,2.00,23.74,76.25,20.07,0.00,0.00,0.00,0.00,0.00,0.00
29243.41,5.80,1400.79,2.00,23.74,76.25,20.07,0.00,0.00,0.00,0.00,0.00,0.00
29243.41,5.80,1401.53,2.00,23.74,76.25,20.07,0.00,0.00,0.00,0.00,0.00,0.00
29243.41,5.80,1402.27,2.00,23.74,76.26,20.07,0.00,0.00,0.00,0.00,0.00,0.00
29243.41,5.80,1403.01,2.00,23.74,76.26,20.07,0.00,0.00,0.00,0.00,0.00,0.00
29243.42,5.80,1403.75,2.00,23.74,76.27,20.07,0.00,0.00,0.00,0.00,0.00,0.00
29243.42,5.80,1404.49,2.00,23.74,76.27,20.07,0.00,0.00,0.00,0.00,0.00,0.00
29243.42,5.80,1405.22,2.00,23.74,76.28,20.07,0.00,0.00,0.00,0.00,0.00,0.00
29243.42,5.80,1405.96,2.00,23.74,76.28,20.07,0.00,0.00,0.00,0.00,0.00,0.00
29243.42,5.80,1406.70,2.00,23.74,76.28,20.07,0.00,0.00,0.00,0.00,0.00,0.00
29243.42,5.80,1407.44,2.00,23.74,76.29,20.07,0.00,0.00,0.00,0.00,0.00,0.00
29243.42,5.80,1408.18,2.00,23.74,76.29,20.07,0.00,0.00,0.00,0.00,0.00,0.00
29243.42,5.80,1408.92,2.00,23.74,76.30,20.07,0.00,0.00,0.00,0.00,0.00,0.00
29243.43,5.81,1409.65,2.00,23.74,76.30,20.07,0.00,0.00,0.00,0.00,0.00,0.00
29243.43,5.81,1410.39,2.00,23.74,76.30,20.07,0.00,0.00,0.00,0.00,0.00,0.00
29243.43,5.81,1411.13,2.00,23.74,76.31,20.07,0.00,0.00,0.00,0.00,0.00,0.00
29243.43,5.81,1411.87,2.00,23.74,76.31,20.07,0.00,0.00,0.00,0.00,0.00,0.00
29243.43,5.81,1412.61,2.00,23.74,76.32,20.07,0.00,0.00,0.00,0.00,0.00,0.00
29243.43,5.81,1413.35,2.00,23.74,76.32,20.07,0.00,0.00,0.00,0.00,0.00,0.00
29243.43,5.81,1414.08,2.00,23.73,76.32,20.07,0.00,0.00,0.00,0.00,0.00,0.00
29243.44,5.81,1414.82,2.00,23.73,76.33,20.07,0.00,0.00,0.00,0.00,0.00,0.00
29243.44,5.81,1415.56,2.00,23.73,76.33,20.07,0.00,0.00,0.00,0.00,0.00,0.00
29243.44,5.81,1416.30,2.00,23.73,76.34,20.07,0.00,0.00,0.00,0.00,0.00,0.00
29243.44,5.81,1417.04,2.00,23.73,76.34,20.07,0.00,0.00,0.00,0.00,0.00,0.00
29243.44,5.81,1417.78,2.00,23.73,76.35,20.07,0.00,0.00,0.00,0.00,0.00,0.00
29243.44,5.81,1418.51,2.00,23.73,76.35,20.07,0.00,0.00,0.00,0.00,0.00,0.00
29243.44,5.81,1419.25,2.00,23.73,76.35,20.07,0.00,0.00,0.00,0.00,0.00,0.00
29243.45,5.81,1419.99,2.00,23.73,76.36,20.07,0.00,0.00,0.00,0.00,0.00,0.00
29243.45,5.81,1420.73,2.00,23.73,76.36,20.07,0.00,0.00,0.00,0.00,0.00,0.00
29243.45,5.81,1421.47,2.00,23.73,76.37,20.07,0.00,0.00,0.00,0.00,0.00,0.00
29243.45,5.81,1422.21,2.00,23.73,76.37,20.07,0.00,0.00,0.00,0.00,0.00,0.00
29243.45,5.81,1422.94,2.00,23.73,76.37,20.07,0.00,0.00,0.00,0.00,0.00,0.00
29243.45,5.81,1423.68,2.00,23.73,76.38,20.07,0.00,0.00,0.00,0.00,0.00,0.00
29243.45,5.82,1424.42,2.00,23.73,76.38,20.07,0.00,0.00,0.00,0.00,0.00,0.00
29243.45,5.82,1425.16,2.00,23.73,76.39,20.07,0.00,0.00,0.00,0.00,0.00,0.00
29243.46,5.82,1425.90,2.00,23.73,76.39,20.07,0.00,0.00,0.00,0.00,0.00,0.00
29243.46,5.82,1426.64,2.00,23.73,76.39,20.07,0.00,0.00,0.00,0.00,0.00,0.00
29243.46,5.82,1427.37,2.00,23.73,76.40,20.07,0.00,0.00,0.00,0.00,0.00,0.00
29243.46,5.82,1428.11,2.00,23.73,76.40,20.07,0.00,0.00,0.00,0.00,0.00,0.00
29243.46,5.82,1428.85,2.00,23.73,76.41,20.07,0.00,0.00,0.00,0.00,0.00,0.00
29243.46,5.82,1429.59,2.00,23.73,76.41,20.07,0.00,0.00,0.00,0.00,0.00,0.00
29243.46,5.82,1430.33,2.00,23.73,76.41,20.07,0.00,0.00,0.00,0.00,0.00,0.00
29243.47,5.82,1431.07,2.00,23.73,76.42,20.07,0.00,0.00,0.00,0.00,0.00,0.00
29243.47,5.82,1431.80,2.00,23.73,76.42,20.07,0.00,0.00,0.00,0.00,0.00,0.00
29243.47,5.82,1432.54,2.00,23.73,76.43,20.07,0.00,0.00,0.00,0.00,0.00,0.00
29243.47,5.82,1433.28,2.00,23.73,76.43,20.07,0.00,0.00,0.00,0.00,0.00,0.00
29243.47,5.82,1434.02,2.00,23.73,76.44,20.07,0.00,0.00,0.00,0.00,0.00,0.00
29243.47,5.82,1434.76,2.00,23.73,76.44,20.07,0.00,0.00,0.00,0.00,0.00,0.00
29243.47,5.82,1435.50,2.00,23.73,76.44,20.07,0.00,0.00,0.00,0.00,0.00,0.00
29243.47,5.82,1436.23,2.00,23.73,76.45,20.07,0.00,0.00,0.00,0.00,0.00,0.00
29243.48,5.82,1436.97,2.00,23.73,76.45,20.07,0.00,0.00,0.00,0.00,0.00,0.00
29243.48,5.82,1437.71,2.00,23.73,76.46,20.07,0.00,0.00,0.00,0.00,0.00,0.00
29243.48,5.82,1438.45,2.00,23.73,76.46,20.07,0.00,0.00,0.00,0.00,0.00,0.00
29243.48,5.83,1439.19,2.00,23.73,76.46,20.07,0.00,0.00,0.00,0.00,0.00,0.00
29243.48,5.83,1439.93,2.00,23.73,76.47,20.07,0.00,0.00,0.00,0.00,0.00,0.00
29243.48,5.83,1440.66,2.00,23.73,76.47,20.07,0.00,0.00,0.00,0.00,0.00,0.00
29243.48,5.83,1441.40,2.00,23.73,76.48,20.07,0.00,0.00,0.00,0.00,0.00,0.00
29243.49,5.83,1442.14,2.00,23.73,76.48,20.07,0.00,0.00,0.00,0.00,0.00,0.00
29243.49,5.83,1442.88,2.00,23.73,76.48,20.07,0.00,0.00,0.00,0.00,0.00,0.00
29243.49,5.83,1443.62,2.00,23.73,76.49,20.07,0.00,0.00,0.00,0.00,0.00,0.00
29243.49,5.83,1444.36,2.00,23.73,76.49,20.07,0.00,0.00,0.00,0.00,0.00,0.00
29243.49,5.83,1445.09,2.00,23.73,76.50,20.07,0.00,0.00,0.00,0.00,0.00,0.00
29243.49,5.83,1445.83,2.00,23.73,76.50,20.07,0.00,0.00,0.00,0.00,0.00,0.00
29243.49,5.83,1446.57,2.00,23.73,76.51,20.07,0.00,0.00,0.00,0.00,0.00,0.00
29243.49,5.83,1447.31,2.00,23.73,76.51,20.07,0.00,0.00,0.00,0.00,0.00,0.00
29243.50,5.83,1448.05,2.00,23.73,76.51,20.07,0.00,0.00,0.00,0.00,0.00,0.00
29243.50,5.83,1448.79,2.00,23.73,76.52,20.07,0.00,0.00,0.00,0.00,0.00,0.00
29243.50,5.83,1449.52,2.00,23.73,76.52,20.07,0.00,0.00,0.00,0.00,0.00,0.00
29243.50,5.83,1450.26,2.00,23.72,76.53,20.07,0.00,0.00,0.00,0.00,0.00,0.00
29243.50,5.83,1451.00,2.00,23.72,76.53,20.07,0.00,0.00,0.00,0.00,0.00,0.00
29243.50,5.83,1451.74,2.00,23.72,76.53,20.07,0.00,0.00,0.00,0.00,0.00,0.00
29243.50,5.83,1452.48,2.00,23.72,76.54,20.07,0.00,0.00,0.00,0.00,0.00,0.00
29243.51,5.83,1453.22,2.00,23.72,76.54,20.07,0.00,0.00,0.00,0.00,0.00,0.00
29243.51,5.84,1453.95,2.00,23.72,76.55,20.07,0.00,0.00,0.00,0.00,0.00,0.00
29243.51,5.84,1454.69,2.00,23.72,76.55,20.07,0.00,0.00,0.00,0.00,0.00,0.00
29243.51,5.84,1455.43,2.00,23.72,76.55,20.07,0.00,0.00,0.00,0.00,0.00,0.00
29243.51,5.84,1456.17,2.00,23.72,76.56,20.07,0.00,0.00,0.00,0.00,0.00,0.00
29243.51,5.84,1456.91,2.00,23.72,76.56,20.07,0.00,0.00,0.00,0.00,0.00,0.00
29243.51,5.84,1457.65,2.00,23.72,76.57,20.07,0.00,0.00,0.00,0.00,0.00,0.00
29243.52,5.84,1458.38,2.00,23.72,76.57,20.07,0.00,0.00,0.00,0.00,0.00,0.00
29243.52,5.84,1459.12,2.00,23.72,76.58,20.07,0.00,0.00,0.00,0.00,0.00,0.00
29243.52,5.84,1459.86,2.00,23.72,76.58,20.07,0.00,0.00,0.00,0.00,0.00,0.00
29243.52,5.84,1460.60,2.00,23.72,76.58,20.07,0.00,0.00,0.00,0.00,0.00,0.00
29243.52,5.84,1461.34,2.00,23.72,76.59,20.07,0.00,0.00,0.00,0.00,0.00,0.00
29243.52,5.84,1462.08,2.00,23.72,76.59,20.07,0.00,0.00,0.00,0.00,0.00,0.00
29243.52,5.84,1462.81,2.00,23.72,76.60,20.07,0.00,0.00,0.00,0.00,0.00,0.00
29243.52,5.84,1463.55,2.00,23.72,76.60,20.07,0.00,0.00,0.00,0.00,0.00,0.00
29243.53,5.84,1464.29,2.00,23.72,76.60,20.07,0.00,0.00,0.00,0.00,0.00,0.00
29243.53,5.84,1465.03,2.00,23.72,76.61,20.07,0.00,0.00,0.00,0.00,0.00,0.00
29243.53,5.84,1465.77,2.00,23.72,76.61,20.07,0.00,0.00,0.00,0.00,0.00,0.00
29243.53,5.84,1466.51,2.00,23.72,76.62,20.07,0.00,0.00,0.00,0.00,0.00,0.00
29243.53,5.84,1467.24,2.00,23.72,76.62,20.07,0.00,0.00,0.00,0.00,0.00,0.00
29243.53,5.84,1467.98,2.00,23.72,76.62,20.06,0.00,0.00,0.00,0.00,0.00,0.00
29243.53,5.85,1468.72,2.00,23.72,76.63,20.06,0.00,0.00,0.00,0.00,0.00,0.00
29243.54,5.85,1469.46,2.00,23.72,76.63,20.06,0.00,0.00,0.00,0.00,0.00,0.00
29243.54,5.85,1470.20,2.00,23.72,76.64,20.06,0.00,0.00,0.00,0.00,0.00,0.00
29243.54,5.85,1470.94,2.00,23.72,76.64,20.06,0.00,0.00,0.00,0.00,0.00,0.00
29243.54,5.85,1471.67,2.00,23.72,76.65,20.06,0.00,0.00,0.00,0.00,0.00,0.00
29243.54,5.85,1472.41,2.00,23.72,76.65,20.06,0.00,0.00,0.00,0.00,0.00,0.00
29243.54,5.85,1473.15,2.00,23.72,76.65,20.06,0.00,0.00,0.00,0.00,0.00,0.00
29243.54,5.85,1473.89,2.00,23.72,76.66,20.06,0.00,0.00,0.00,0.00,0.00,0.00
29243.54,5.85,1474.63,2.00,23.72,76.66,20.06,0.00,0.00,0.00,0.00,0.00,0.00
29243.55,5.85,1475.37,2.00,23.72,76.67,20.06,0.00,0.00,0.00,0.00,0.00,0.00
29243.55,5.85,1476.10,2.00,23.72,76.67,20.06,0.00,0.00,0.00,0.00,0.00,0.00
29243.55,5.85,1476.84,2.00,23.72,76.67,20.06,0.00,0.00,0.00,0.00,0.00,0.00
29243.55,5.85,1477.58,2.00,23.72,76.68,20.06,0.00,0.00,0.00,0.00,0.00,0.00
29243.55,5.85,1478.32,2.00,23.72,76.68,20.06,0.00,0.00,0.00,0.00,0.00,0.00
29243.55,5.85,1479.06,2.00,23.72,76.69,20.06,0.00,0.00,0.00,0.00,0.00,0.00
29243.55,5.85,1479.80,2.00,23.72,76.69,20.06,0.00,0.00,0.00,0.00,0.00,0.00
29243.56,5.85,1480.53,2.00,23.72,76.69,20.06,0.00,0.00,0.00,0.00,0.00,0.00
29243.56,5.85,1481.27,2.00,23.72,76.70,20.06,0.00,0.00,0.00,0.00,0.00,0.00
29243.56,5.85,1482.01,2.00,23.72,76.70,20.06,0.00,0.00,0.00,0.00,0.00,0.00
29243.56,5.85,1482.75,2.00,23.72,76.71,20.06,0.00,0.00,0.00,0.00,0.00,0.00
29243.56,5.86,1483.49,2.00,23.72,76.71,20.06,0.00,0.00,0.00,0.00,0.00,0.00
29243.56,5.86,1484.23,2.00,23.72,76.72,20.06,0.00,0.00,0.00,0.00,0.00,0.00
29243.56,5.86,1484.96,2.00,23.72,76.72,20.06,0.00,0.00,0.00,0.00,0.00,0.00
29243.57,5.86,1485.70,2.00,23.72,76.72,20.06,0.00,0.00,0.00,0.00,0.00,0.00
29243.57,5.86,1486.44,2.00,23.72,76.73,20.06,0.00,0.00,0.00,0.00,0.00,0.00
29243.57,5.86,1487.18,2.00,23.71,76.73,20.06,0.00,0.00,0.00,0.00,0.00,0.00
29243.57,5.86,1487.92,2.00,23.71,76.74,20.06,0.00,0.00,0.00,0.00,0.00,0.00
29243.57,5.86,1488.66,2.00,23.71,76.74,20.06,0.00,0.00,0.00,0.00,0.00,0.00
29243.57,5.86,1489.39,2.00,23.71,76.74,20.06,0.00,0.00,0.00,0.00,0.00,0.00
29243.57,5.86,1490.13,2.00,23.71,76.75,20.06,0.00,0.00,0.00,0.00,0.00,0.00
29243.57,5.86,1490.87,2.00,23.71,76.75,20.06,0.00,0.00,0.00,0.00,0.00,0.00
29243.58,5.86,1491.61,2.00,23.71,76.76,20.06,0.00,0.00,0.00,0.00,0.00,0.00
29243.58,5.86,1492.35,2.00,23.71,76.76,20.06,0.00,0.00,0.00,0.00,0.00,0.00
29243.58,5.86,1493.09,2.00,23.71,76.76,20.06,0.00,0.00,0.00,0.00,0.00,0.00
29243.58,5.86,1493.82,2.00,23.71,76.77,20.06,0.00,0.00,0.00,0.00,0.00,0.00
29243.58,5.86,1494.56,2.00,23.71,76.77,20.06,0.00,0.00,0.00,0.00,0.00,0.00
29243.58,5.86,1495.30,2.00,23.71,76.78,20.06,0.00,0.00,0.00,0.00,0.00,0.00
29243.58,5.86,1496.04,2.00,23.71,76.78,20.06,0.00,0.00,0.00,0.00,0.00,0.00
29243.59,5.86,1496.78,2.00,23.71,76.79,20.06,0.00,0.00,0.00,0.00,0.00,0.00
29243.59,5.86,1497.52,2.00,23.71,76.79,20.06,0.00,0.00,0.00,0.00,0.00,0.00
29243.59,5.87,1498.25,2.00,23.71,76.79,20.06,0.00,0.00,0.00,0.00,0.00,0.00
29243.59,5.87,1498.99,2.00,23.71,76.80,20.06,0.00,0.00,0.00,0.00,0.00,0.00
29243.59,5.87,1499.73,2.00,23.71,76.80,20.06,0.00,0.00,0.00,0.00,0.00,0.00
29243.59,5.87,1500.47,2.00,23.71,76.81,20.06,0.00,0.00,0.00,0.00,0.00,0.00
29243.59,5.87,1501.21,2.00,23.71,76.81,20.06,0.00,0.00,0.00,0.00,0.00,0.00
29243.59,5.87,1501.95,2.00,23.71,76.81,20.06,0.00,0.00,0.00,0.00,0.00,0.00
29243.60,5.87,1502.68,2.00,23.71,76.82,20.06,0.00,0.00,0.00,0.00,0.00,0.00
29243.60,5.87,1503.42,2.00,23.71,76.82,20.06,0.00,0.00,0.00,0.00,0.00,0.00
29243.60,5.87,1504.16,2.00,23.71,76.83,20.06,0.00,0.00,0.00,0.00,0.00,0.00
29243.60,5.87,1504.90,2.00,23.71,76.83,20.06,0.00,0.00,0.00,0.00,0.00,0.00
29243.60,5.87,1505.64,2.00,23.71,76.83,20.06,0.00,0.00,0.00,0.00,0.00,0.00
29243.60,5.87,1506.38,2.00,23.71,76.84,20.06,0.00,0.00,0.00,0.00,0.00,0.00
29243.60,5.87,1507.11,2.00,23.71,76.84,20.06,0.00,0.00,0.00,0.00,0.00,0.00
29243.61,5.87,1507.85,2.00,23.71,76.85,20.06,0.00,0.00,0.00,0.00,0.00,0.00
29243.61,5.87,1508.59,2.00,23.71,76.85,20.06,0.00,0.00,0.00,0.00,0.00,0.00
29243.61,5.87,1509.33,2.00,23.71,76.86,20.06,0.00,0.00,0.00,0.00,0.00,0.00
29243.61,5.87,1510.07,2.00,23.71,76.86,20.06,0.00,0.00,0.00,0.00,0.00,0.00
29243.61,5.87,1510.81,2.00,23.71,76.86,20.06,0.00,0.00,0.00,0.00,0.00,0.00
29243.61,5.87,1511.54,2.00,23.71,76.87,20.06,0.00,0.00,0.00,0.00,0.00,0.00
29243.61,5.87,1512.28,2.00,23.71,76.87,20.06,0.00,0.00,0.00,0.00,0.00,0.00
29243.61,5.88,1513.02,2.00,23.71,76.88,20.06,0.00,0.00,0.00,0.00,0.00,0.00
29243.62,5.88,1513.76,2.00,23.71,76.88,20.06,0.00,0.00,0.00,0.00,0.00,0.00
29243.62,5.88,1514.50,2.00,23.71,76.88,20.06,0.00,0.00,0.00,0.00,0.00,0.00
29243.62,5.88,1515.24,2.00,23.71,76.89,20.06,0.00,0.00,0.00,0.00,0.00,0.00
29243.62,5.88,1515.97,2.00,23.71,76.89,20.06,0.00,0.00,0.00,0.00,0.00,0.00
29243.62,5.88,1516.71,2.00,23.71,76.90,20.06,0.00,0.00,0.00,0.00,0.00,0.00
29243.62,5.88,1517.45,2.00,23.71,76.90,20.06,0.00,0.00,0.00,0.00,0.00,0.00
29243.62,5.88,1518.19,2.00,23.71,76.90,20.06,0.00,0.00,0.00,0.00,0.00,0.00
29243.63,5.88,1518.93,2.00,23.71,76.91,20.06,0.00,0.00,0.00,0.00,0.00,0.00
29243.63,5.88,1519.67,2.00,23.71,76.91,20.06,0.00,0.00,0.00,0.00,0.00,0.00
29243.63,5.88,1520.40,2.00,23.71,76.92,20.06,0.00,0.00,0.00,0.00,0.00,0.00
29243.63,5.88,1521.14,2.00,23.71,76.92,20.06,0.00,0.00,0.00,0.00,0.00,0.00
29243.63,5.88,1521.88,2.00,23.71,76.93,20.06,0.00,0.00,0.00,0.00,0.00,0.00
29243.63,5.88,1522.62,2.00,23.71,76.93,20.06,0.00,0.00,0.00,0.00,0.00,0.00
29243.63,5.88,1523.36,2.00,23.70,76.93,20.06,0.00,0.00,0.00,0.00,0.00,0.00
29243.64,5.88,1524.10,2.00,23.70,76.94,20.06,0.00,0.00,0.00,0.00,0.00,0.00
29243.64,5.88,1524.83,2.00,23.70,76.94,20.06,0.00,0.00,0.00,0.00,0.00,0.00
29243.64,5.88,1525.57,2.00,23.70,76.95,20.06,0.00,0.00,0.00,0.00,0.00,0.00
29243.64,5.88,1526.31,2.00,23.70,76.95,20.06,0.00,0.00,0.00,0.00,0.00,0.00
29243.64,5.88,1527.05,2.00,23.70,76.95,20.06,0.00,0.00,0.00,0.00,0.00,0.00
29243.64,5.89,1527.79,2.00,23.70,76.96,20.06,0.00,0.00,0.00,0.00,0.00,0.00
29243.64,5.89,1528.53,2.00,23.70,76.96,20.06,0.00,0.00,0.00,0.00,0.00,0.00
29243.64,5.89,1529.26,2.00,23.70,76.97,20.06,0.00,0.00,0.00,0.00,0.00,0.00
29243.65,5.89,1530.00,2.00,23.70,76.97,20.06,0.00,0.00,0.00,0.00,0.00,0.00
29243.65,5.89,1530.74,2.00,23.70,76.97,20.06,0.00,0.00,0.00,0.00,0.00,0.00
29243.65,5.89,1531.48,2.00,23.70,76.98,20.06,0.00,0.00,0.00,0.00,0.00,0.00
29243.65,5.89,1532.22,2.00,23.70,76.98,20.06,0.00,0.00,0.00,0.00,0.00,0.00
29243.65,5.89,1532.96,2.00,23.70,76.99,20.06,0.00,0.00,0.00,0.00,0.00,0.00
29243.65,5.89,1533.69,2.00,23.70,76.99,20.06,0.00,0.00,0.00,0.00,0.00,0.00
29243.65,5.89,1534.43,2.00,23.70,76.99,20.06,0.00,0.00,0.00,0.00,0.00,0.00
29243.66,5.89,1535.17,2.00,23.70,77.00,20.06,0.00,0.00,0.00,0.00,0.00,0.00
29243.66,5.89,1535.91,2.00,23.70,77.00,20.06,0.00,0.00,0.00,0.00,0.00,0.00
29243.66,5.89,1536.65,2.00,23.70,77.01,20.06,0.00,0.00,0.00,0.00,0.00,0.00
29243.66,5.89,1537.39,2.00,23.70,77.01,20.06,0.00,0.00,0.00,0.00,0.00,0.00
29243.66,5.89,1538.12,2.00,23.70,77.02,20.05,0.00,0.00,0.00,0.00,0.00,0.00
29243.66,5.89,1538.86,2.00,23.70,77.02,20.05,0.00,0.00,0.00,0.00,0.00,0.00
29243.66,5.89,1539.60,2.00,23.70,77.02,20.05,0.00,0.00,0.00,0.00,0.00,0.00
29243.66,5.89,1540.34,2.00,23.70,77.03,20.05,0.00,0.00,0.00,0.00,0.00,0.00
29243.67,5.89,1541.08,2.00,23.70,77.03,20.05,0.00,0.00,0.00,0.00,0.00,0.00
29243.67,5.89,1541.82,2.00,23.70,77.04,20.05,0.00,0.00,0.00,0.00,0.00,0.00
29243.67,5.90,1542.55,2.00,23.70,77.04,20.05,0.00,0.00,0.00,0.00,0.00,0.00
29243.67,5.90,1543.29,2.00,23.70,77.04,20.05,0.00,0.00,0.00,0.00,0.00,0.00
29243.67,5.90,1544.03,2.00,23.70,77.05,20.05,0.00,0.00,0.00,0.00,0.00,0.00
29243.67,5.90,1544.77,2.00,23.70,77.05,20.05,0.00,0.00,0.00,0.00,0.00,0.00
29243.67,5.90,1545.51,2.00,23.70,77.06,20.05,0.00,0.00,0.00,0.00,0.00,0.00
29243.68,5.90,1546.25,2.00,23.70,77.06,20.05,0.00,0.00,0.00,0.00,0.00,0.00
29243.68,5.90,1546.98,2.00,23.70,77.06,20.05,0.00,0.00,0.00,0.00,0.00,0.00
29243.68,5.90,1547.72,2.00,23.70,77.07,20.05,0.00,0.00,0.00,0.00,0.00,0.00
29243.68,5.90,1548.46,2.00,23.70,77.07,20.05,0.00,0.00,0.00,0.00,0.00,0.00
29243.68,5.90,1549.20,2.00,23.70,77.08,20.05,0.00,0.00,0.00,0.00,0.00,0.00
29243.68,5.90,1549.94,2.00,23.70,77.08,20.05,0.00,0.00,0.00,0.00,0.00,0.00
29243.68,5.90,1550.68,2.00,23.70,77.09,20.05,0.00,0.00,0.00,0.00,0.00,0.00
29243.69,5.90,1551.41,2.00,23.70,77.09,20.05,0.00,0.00,0.00,0.00,0.00,0.00
29243.69,5.90,1552.15,2.00,23.70,77.09,20.05,0.00,0.00,0.00,0.00,0.00,0.00
29243.69,5.90,1552.89,2.00,23.70,77.10,20.05,0.00,0.00,0.00,0.00,0.00,0.00
29243.69,5.90,1553.63,2.00,23.70,77.10,20.05,0.00,0.00,0.00,0.00,0.00,0.00
29243.69,5.90,1554.37,2.00,23.70,77.11,20.05,0.00,0.00,0.00,0.00,0.00,0.00
29243.69,5.90,1555.11,2.00,23.70,77.11,20.05,0.00,0.00,0.00,0.00,0.00,0.00
29243.69,5.90,1555.84,2.00,23.70,77.11,20.05,0.00,0.00,0.00,0.00,0.00,0.00
29243.69,5.90,1556.58,2.00,23.70,77.12,20.05,0.00,0.00,0.00,0.00,0.00,0.00
29243.70,5.91,1557.32,2.00,23.70,77.12,20.05,0.00,0.00,0.00,0.00,0.00,0.00
29243.70,5.91,1558.06,2.00,23.70,77.13,20.05,0.00,0.00,0.00,0.00,0.00,0.00
29243.70,5.91,1558.80,2.00,23.70,77.13,20.05,0.00,0.00,0.00,0.00,0.00,0.00
29243.70,5.91,1559.54,2.00,23.70,77.13,20.05,0.00,0.00,0.00,0.00,0.00,0.00
29243.70,5.91,1560.27,2.00,23.69,77.14,20.05,0.00,0.00,0.00,0.00,0.00,0.00
29243.70,5.91,1561.01,2.00,23.69,77.14,20.05,0.00,0.00,0.00,0.00,0.00,0.00
29243.70,5.91,1561.75,2.00,23.69,77.15,20.05,0.00,0.00,0.00,0.00,0.00,0.00
29243.71,5.91,1562.49,2.00,23.69,77.15,20.05,0.00,0.00,0.00,0.00,0.00,0.00
29243.71,5.91,1563.23,2.00,23.69,77.16,20.05,0.00,0.00,0.00,0.00,0.00,0.00
29243.71,5.91,1563.97,2.00,23.69,77.16,20.05,0.00,0.00,0.00,0.00,0.00,0.00
29243.71,5.91,1564.70,2.00,23.69,77.16,20.05,0.00,0.00,0.00,0.00,0.00,0.00
29243.71,5.91,1565.44,2.00,23.69,77.17,20.05,0.00,0.00,0.00,0.00,0.00,0.00
29243.71,5.91,1566.18,2.00,23.69,77.17,20.05,0.00,0.00,0.00,0.00,0.00,0.00
29243.71,5.91,1566.92,2.00,23.69,77.18,20.05,0.00,0.00,0.00,0.00,0.00,0.00
29243.71,5.91,1567.66,2.00,23.69,77.18,20.05,0.00,0.00,0.00,0.00,0.00,0.00
29243.72,5.91,1568.40,2.00,23.69,77.18,20.05,0.00,0.00,0.00,0.00,0.00,0.00
29243.72,5.91,1569.13,2.00,23.69,77.19,20.05,0.00,0.00,0.00,0.00,0.00,0.00
29243.72,5.91,1569.87,2.00,23.69,77.19,20.05,0.00,0.00,0.00,0.00,0.00,0.00
29243.72,5.91,1570.61,2.00,23.69,77.20,20.05,0.00,0.00,0.00,0.00,0.00,0.00
29243.72,5.91,1571.35,2.00,23.69,77.20,20.05,0.00,0.00,0.00,0.00,0.00,0.00
29243.72,5.92,1572.09,2.00,23.69,77.20,20.05,0.00,0.00,0.00,0.00,0.00,0.00
29243.72,5.92,1572.83,2.00,23.69,77.21,20.05,0.00,0.00,0.00,0.00,0.00,0.00
29243.73,5.92,1573.56,2.00,23.69,77.21,20.05,0.00,0.00,0.00,0.00,0.00,0.00
29243.73,5.92,1574.30,2.00,23.69,77.22,20.05,0.00,0.00,0.00,0.00,0.00,0.00
29243.73,5.92,1575.04,2.00,23.69,77.22,20.05,0.00,0.00,0.00,0.00,0.00,0.00
29243.73,5.92,1575.78,2.00,23.69,77.23,20.05,0.00,0.00,0.00,0.00,0.00,0.00
29243.73,5.92,1576.52,2.00,23.69,77.23,20.05,0.00,0.00,0.00,0.00,0.00,0.00
29243.73,5.92,1577.26,2.00,23.69,77.23,20.05,0.00,0.00,0.00,0.00,0.00,0.00
29243.73,5.92,1577.99,2.00,23.69,77.24,20.05,0.00,0.00,0.00,0.00,0.00,0.00
29243.73,5.92,1578.73,2.00,23.69,77.24,20.05,0.00,0.00,0.00,0.00,0.00,0.00
29243.74,5.92,1579.47,2.00,23.69,77.25,20.05,0.00,0.00,0.00,0.00,0.00,0.00
29243.74,5.92,1580.21,2.00,23.69,77.25,20.05,0.00,0.00,0.00,0.00,0.00,0.00
29243.74,5.92,1580.95,2.00,23.69,77.25,20.05,0.00,0.00,0.00,0.00,0.00,0.00
29243.74,5.92,1581.69,2.00,23.69,77.26,20.05,0.00,0.00,0.00,0.00,0.00,0.00
29243.74,5.92,1582.42,2.00,23.69,77.26,20.05,0.00,0.00,0.00,0.00,0.00,0.00
29243.74,5.92,1583.16,2.00,23.69,77.27,20.05,0.00,0.00,0.00,0.00,0.00,0.00
29243.74,5.92,1583.90,2.00,23.69,77.27,20.05,0.00,0.00,0.00,0.00,0.00,0.00
29243.75,5.92,1584.64,2.00,23.69,77.27,20.05,0.00,0.00,0.00,0.00,0.00,0.00
29243.75,5.92,1585.38,2.00,23.69,77.28,20.05,0.00,0.00,0.00,0.00,0.00,0.00
29243.75,5.92,1586.12,2.00,23.69,77.28,20.05,0.00,0.00,0.00,0.00,0.00,0.00
29243.75,5.93,1586.85,2.00,23.69,77.29,20.05,0.00,0.00,0.00,0.00,0.00,0.00
29243.75,5.93,1587.59,2.00,23.69,77.29,20.05,0.00,0.00,0.00,0.00,0.00,0.00
29243.75,5.93,1588.33,2.00,23.69,77.30,20.05,0.00,0.00,0.00,0.00,0.00,0.00
29243.75,5.93,1589.07,2.00,23.69,77.30,20.05,0.00,0.00,0.00,0.00,0.00,0.00
29243.76,5.93,1589.81,2.00,23.69,77.30,20.05,0.00,0.00,0.00,0.00,0.00,0.00
29243.76,5.93,1590.55,2.00,23.69,77.31,20.05,0.00,0.00,0.00,0.00,0.00,0.00
29243.76,5.93,1591.28,2.00,23.69,77.31,20.05,0.00,0.00,0.00,0.00,0.00,0.00
29243.76,5.93,1592.02,2.00,23.69,77.32,20.05,0.00,0.00,0.00,0.00,0.00,0.00
29243.76,5.93,1592.76,2.00,23.69,77.32,20.05,0.00,0.00,0.00,0.00,0.00,0.00
29243.76,5.93,1593.50,2.00,23.69,77.32,20.05,0.00,0.00,0.00,0.00,0.00,0.00
29243.76,5.93,1594.24,2.00,23.69,77.33,20.05,0.00,0.00,0.00,0.00,0.00,0.00
29243.76,5.93,1594.98,2.00,23.69,77.33,20.05,0.00,0.00,0.00,0.00,0.00,0.00
29243.77,5.93,1595.71,2.00,23.69,77.34,20.05,0.00,0.00,0.00,0.00,0.00,0.00
29243.77,5.93,1596.45,2.00,23.68,77.34,20.05,0.00,0.00,0.00,0.00,0.00,0.00
29243.77,5.93,1597.19,2.00,23.68,77.34,20.05,0.00,0.00,0.00,0.00,0.00,0.00
29243.77,5.93,1597.93,2.00,23.68,77.35,20.05,0.00,0.00,0.00,0.00,0.00,0.00
29243.77,5.93,1598.67,2.00,23.68,77.35,20.05,0.00,0.00,0.00,0.00,0.00,0.00
29243.77,5.93,1599.41,2.00,23.68,77.36,20.05,0.00,0.00,0.00,0.00,0.00,0.00
29243.77,5.93,1600.14,2.00,23.68,77.36,20.05,0.00,0.00,0.00,0.00,0.00,0.00
29243.78,5.93,1600.88,2.00,23.68,77.37,20.05,0.00,0.00,0.00,0.00,0.00,0.00
29243.78,5.94,1601.62,2.00,23.68,77.37,20.05,0.00,0.00,0.00,0.00,0.00,0.00
29243.78,5.94,1602.36,2.00,23.68,77.37,20.05,0.00,0.00,0.00,0.00,0.00,0.00
29243.78,5.94,1603.10,2.00,23.68,77.38,20.05,0.00,0.00,0.00,0.00,0.00,0.00
29243.78,5.94,1603.84,2.00,23.68,77.38,20.05,0.00,0.00,0.00,0.00,0.00,0.00
29243.78,5.94,1604.57,2.00,23.68,77.39,20.05,0.00,0.00,0.00,0.00,0.00,0.00
29243.78,5.94,1605.31,2.00,23.68,77.39,20.05,0.00,0.00,0.00,0.00,0.00,0.00
29243.78,5.94,1606.05,2.00,23.68,77.39,20.05,0.00,0.00,0.00,0.00,0.00,0.00
29243.79,5.94,1606.79,2.00,23.68,77.40,20.05,0.00,0.00,0.00,0.00,0.00,0.00
29243.79,5.94,1607.53,2.00,23.68,77.40,20.04,0.00,0.00,0.00,0.00,0.00,0.00
29243.79,5.94,1608.27,2.00,23.68,77.41,20.04,0.00,0.00,0.00,0.00,0.00,0.00
29243.79,5.94,1609.00,2.00,23.68,77.41,20.04,0.00,0.00,0.00,0.00,0.00,0.00
29243.79,5.94,1609.74,2.00,23.68,77.41,20.04,0.00,0.00,0.00,0.00,0.00,0.00
29243.79,5.94,1610.48,2.00,23.68,77.42,20.04,0.00,0.00,0.00,0.00,0.00,0.00
29243.79,5.94,1611.22,2.00,23.68,77.42,20.04,0.00,0.00,0.00,0.00,0.00,0.00
29243.80,5.94,1611.96,2.00,23.68,77.43,20.04,0.00,0.00,0.00,0.00,0.00,0.00
29243.80,5.94,1612.70,2.00,23.68,77.43,20.04,0.00,0.00,0.00,0.00,0.00,0.00
29243.80,5.94,1613.43,2.00,23.68,77.44,20.04,0.00,0.00,0.00,0.00,0.00,0.00
29243.80,5.94,1614.17,2.00,23.68,77.44,20.04,0.00,0.00,0.00,0.00,0.00,0.00
29243.80,5.94,1614.91,2.00,23.68,77.44,20.04,0.00,0.00,0.00,0.00,0.00,0.00
29243.80,5.94,1615.65,2.00,23.68,77.45,20.04,0.00,0.00,0.00,0.00,0.00,0.00
29243.80,5.95,1616.39,2.00,23.68,77.45,20.04,0.00,0.00,0.00,0.00,0.00,0.00
29243.81,5.95,1617.13,2.00,23.68,77.46,20.04,0.00,0.00,0.00,0.00,0.00,0.00
29243.81,5.95,1617.86,2.00,23.68,77.46,20.04,0.00,0.00,0.00,0.00,0.00,0.00
29243.81,5.95,1618.60,2.00,23.68,77.46,20.04,0.00,0.00,0.00,0.00,0.00,0.00
29243.81,5.95,1619.34,2.00,23.68,77.47,20.04,0.00,0.00,0.00,0.00,0.00,0.00
29243.81,5.95,1620.08,2.00,23.68,77.47,20.04,0.00,0.00,0.00,0.00,0.00,0.00
29243.81,5.95,1620.82,2.00,23.68,77.48,20.04,0.00,0.00,0.00,0.00,0.00,0.00
29243.81,5.95,1621.56,2.00,23.68,77.48,20.04,0.00,0.00,0.00,0.00,0.00,0.00
29243.81,5.95,1622.29,2.00,23.68,77.48,20.04,0.00,0.00,0.00,0.00,0.00,0.00
29243.82,5.95,1623.03,2.00,23.68,77.49,20.04,0.00,0.00,0.00,0.00,0.00,0.00
29243.82,5.95,1623.77,2.00,23.68,77.49,20.04,0.00,0.00,0.00,0.00,0.00,0.00
29243.82,5.95,1624.51,2.00,23.68,77.50,20.04,0.00,0.00,0.00,0.00,0.00,0.00
29243.82,5.95,1625.25,2.00,23.68,77.50,20.04,0.00,0.00,0.00,0.00,0.00,0.00
29243.82,5.95,1625.99,2.00,23.68,77.50,20.04,0.00,0.00,0.00,0.00,0.00,0.00
29243.82,5.95,1626.72,2.00,23.68,77.51,20.04,0.00,0.00,0.00,0.00,0.00,0.00
29243.82,5.95,1627.46,2.00,23.68,77.51,20.04,0.00,0.00,0.00,0.00,0.00,0.00
29243.83,5.95,1628.20,2.00,23.68,77.52,20.04,0.00,0.00,0.00,0.00,0.00,0.00
29243.83,5.95,1628.94,2.00,23.68,77.52,20.04,0.00,0.00,0.00,0.00,0.00,0.00
29243.83,5.95,1629.68,2.00,23.68,77.53,20.04,0.00,0.00,0.00,0.00,0.00,0.00
29243.83,5.95,1630.42,2.00,23.68,77.53,20.04,0.00,0.00,0.00,0.00,0.00,0.00
29243.83,5.96,1631.15,2.00,23.68,77.53,20.04,0.00,0.00,0.00,0.00,0.00,0.00
29243.83,5.96,1631.89,2.00,23.68,77.54,20.04,0.00,0.00,0.00,0.00,0.00,0.00
29243.83,5.96,1632.63,2.00,23.67,77.54,20.04,0.00,0.00,0.00,0.00,0.00,0.00
29243.83,5.96,1633.37,2.00,23.67,77.55,20.04,0.00,0.00,0.00,0.00,0.00,0.00
29243.84,5.96,1634.11,2.00,23.67,77.55,20.04,0.00,0.00,0.00,0.00,0.00,0.00
29243.84,5.96,1634.85,2.00,23.67,77.55,20.04,0.00,0.00,0.00,0.00,0.00,0.00
29243.84,5.96,1635.58,2.00,23.67,77.56,20.04,0.00,0.00,0.00,0.00,0.00,0.00
29243.84,5.96,1636.32,2.00,23.67,77.56,20.04,0.00,0.00,0.00,0.00,0.00,0.00
29243.84,5.96,1637.06,2.00,23.67,77.57,20.04,0.00,0.00,0.00,0.00,0.00,0.00
29243.84,5.96,1637.80,2.00,23.67,77.57,20.04,0.00,0.00,0.00,0.00,0.00,0.00
29243.84,5.96,1638.54,2.00,23.67,77.57,20.04,0.00,0.00,0.00,0.00,0.00,0.00
29243.85,5.96,1639.28,2.00,23.67,77.58,20.04,0.00,0.00,0.00,0.00,0.00,0.00
29243.85,5.96,1640.01,2.00,23.67,77.58,20.04,0.00,0.00,0.00,0.00,0.00,0.00
29243.85,5.96,1640.75,2.00,23.67,77.59,20.04,0.00,0.00,0.00,0.00,0.00,0.00
29243.85,5.96,1641.49,2.00,23.67,77.59,20.04,0.00,0.00,0.00,0.00,0.00,0.00
29243.85,5.96,1642.23,2.00,23.67,77.60,20.04,0.00,0.00,0.00,0.00,0.00,0.00
29243.85,5.96,1642.97,2.00,23.67,77.60,20.04,0.00,0.00,0.00,0.00,0.00,0.00
29243.85,5.96,1643.71,2.00,23.67,77.60,20.04,0.00,0.00,0.00,0.00,0.00,0.00
29243.86,5.96,1644.44,2.00,23.67,77.61,20.04,0.00,0.00,0.00,0.00,0.00,0.00
29243.86,5.96,1645.18,2.00,23.67,77.61,20.04,0.00,0.00,0.00,0.00,0.00,0.00
29243.86,5.97,1645.92,2.00,23.67,77.62,20.04,0.00,0.00,0.00,0.00,0.00,0.00
29243.86,5.97,1646.66,2.00,23.67,77.62,20.04,0.00,0.00,0.00,0.00,0.00,0.00
29243.86,5.97,1647.40,2.00,23.67,77.62,20.04,0.00,0.00,0.00,0.00,0.00,0.00
29243.86,5.97,1648.14,2.00,23.67,77.63,20.04,0.00,0.00,0.00,0.00,0.00,0.00
29243.86,5.97,1648.87,2.00,23.67,77.63,20.04,0.00,0.00,0.00,0.00,0.00,0.00
29243.86,5.97,1649.61,2.00,23.67,77.64,20.04,0.00,0.00,0.00,0.00,0.00,0.00
29243.87,5.97,1650.35,2.00,23.67,77.64,20.04,0.00,0.00,0.00,0.00,0.00,0.00
29243.87,5.97,1651.09,2.00,23.67,77.64,20.04,0.00,0.00,0.00,0.00,0.00,0.00
29243.87,5.97,1651.83,2.00,23.67,77.65,20.04,0.00,0.00,0.00,0.00,0.00,0.00
29243.87,5.97,1652.57,2.00,23.67,77.65,20.04,0.00,0.00,0.00,0.00,0.00,0.00
29243.87,5.97,1653.30,2.00,23.67,77.66,20.04,0.00,0.00,0.00,0.00,0.00,0.00
29243.87,5.97,1654.04,2.00,23.67,77.66,20.04,0.00,0.00,0.00,0.00,0.00,0.00
29243.87,5.97,1654.78,2.00,23.67,77.67,20.04,0.00,0.00,0.00,0.00,0.00,0.00
29243.88,5.97,1655.52,2.00,23.67,77.67,20.04,0.00,0.00,0.00,0.00,0.00,0.00
29243.88,5.97,1656.26,2.00,23.67,77.67,20.04,0.00,0.00,0.00,0.00,0.00,0.00
29243.88,5.97,1657.00,2.00,23.67,77.68,20.04,0.00,0.00,0.00,0.00,0.00,0.00
29243.88,5.97,1657.73,2.00,23.67,77.68,20.04,0.00,0.00,0.00,0.00,0.00,0.00
29243.88,5.97,1658.47,2.00,23.67,77.69,20.04,0.00,0.00,0.00,0.00,0.00,0.00
29243.88,5.97,1659.21,2.00,23.67,77.69,20.04,0.00,0.00,0.00,0.00,0.00,0.00
29243.88,5.97,1659.95,2.00,23.67,77.69,20.04,0.00,0.00,0.00,0.00,0.00,0.00
29243.88,5.98,1660.69,2.00,23.67,77.70,20.04,0.00,0.00,0.00,0.00,0.00,0.00
29243.89,5.98,1661.43,2.00,23.67,77.70,20.04,0.00,0.00,0.00,0.00,0.00,0.00
29243.89,5.98,1662.16,2.00,23.67,77.71,20.04,0.00,0.00,0.00,0.00,0.00,0.00
29243.89,5.98,1662.90,2.00,23.67,77.71,20.04,0.00,0.00,0.00,0.00,0.00,0.00
29243.89,5.98,1663.64,2.00,23.67,77.71,20.04,0.00,0.00,0.00,0.00,0.00,0.00
29243.89,5.98,1664.38,2.00,23.67,77.72,20.04,0.00,0.00,0.00,0.00,0.00,0.00
29243.89,5.98,1665.12,2.00,23.67,77.72,20.04,0.00,0.00,0.00,0.00,0.00,0.00
29243.89,5.98,1665.86,2.00,23.67,77.73,20.04,0.00,0.00,0.00,0.00,0.00,0.00
29243.90,5.98,1666.59,2.00,23.67,77.73,20.04,0.00,0.00,0.00,0.00,0.00,0.00
29243.90,5.98,1667.33,2.00,23.67,77.74,20.04,0.00,0.00,0.00,0.00,0.00,0.00
29243.90,5.98,1668.07,2.00,23.67,77.74,20.04,0.00,0.00,0.00,0.00,0.00,0.00
29243.90,5.98,1668.81,2.00,23.67,77.74,20.04,0.00,0.00,0.00,0.00,0.00,0.00
29243.90,5.98,1669.55,2.00,23.66,77.75,20.04,0.00,0.00,0.00,0.00,0.00,0.00
29243.90,5.98,1670.29,2.00,23.66,77.75,20.04,0.00,0.00,0.00,0.00,0.00,0.00
29243.90,5.98,1671.02,2.00,23.66,77.76,20.04,0.00,0.00,0.00,0.00,0.00,0.00
29243.90,5.98,1671.76,2.00,23.66,77.76,20.04,0.00,0.00,0.00,0.00,0.00,0.00
29243.91,5.98,1672.50,2.00,23.66,77.76,20.04,0.00,0.00,0.00,0.00,0.00,0.00
29243.91,5.98,1673.24,2.00,23.66,77.77,20.04,0.00,0.00,0.00,0.00,0.00,0.00
29243.91,5.98,1673.98,2.00,23.66,77.77,20.04,0.00,0.00,0.00,0.00,0.00,0.00
29243.91,5.99,1674.72,2.00,23.66,77.78,20.04,0.00,0.00,0.00,0.00,0.00,0.00
29243.91,5.99,1675.45,2.00,23.66,77.78,20.04,0.00,0.00,0.00,0.00,0.00,0.00
29243.91,5.99,1676.19,2.00,23.66,77.78,20.04,0.00,0.00,0.00,0.00,0.00,0.00
29243.91,5.99,1676.93,2.00,23.66,77.79,20.04,0.00,0.00,0.00,0.00,0.00,0.00
29243.92,5.99,1677.67,2.00,23.66,77.79,20.03,0.00,0.00,0.00,0.00,0.00,0.00
29243.92,5.99,1678.41,2.00,23.66,77.80,20.03,0.00,0.00,0.00,0.00,0.00,0.00
29243.92,5.99,1679.15,2.00,23.66,77.80,20.03,0.00,0.00,0.00,0.00,0.00,0.00
29243.92,5.99,1679.88,2.00,23.66,77.81,20.03,0.00,0.00,0.00,0.00,0.00,0.00
29243.92,5.99,1680.62,2.00,23.66,77.81,20.03,0.00,0.00,0.00,0.00,0.00,0.00
29243.92,5.99,1681.36,2.00,23.66,77.81,20.03,0.00,0.00,0.00,0.00,0.00,0.00
29243.92,5.99,1682.10,2.00,23.66,77.82,20.03,0.00,0.00,0.00,0.00,0.00,0.00
29243.93,5.99,1682.84,2.00,23.66,77.82,20.03,0.00,0.00,0.00,0.00,0.00,0.00
29243.93,5.99,1683.58,2.00,23.66,77.83,20.03,0.00,0.00,0.00,0.00,0.00,0.00
29243.93,5.99,1684.31,2.00,23.66,77.83,20.03,0.00,0.00,0.00,0.00,0.00,0.00
29243.93,5.99,1685.05,2.00,23.66,77.83,20.03,0.00,0.00,0.00,0.00,0.00,0.00
29243.93,5.99,1685.79,2.00,23.66,77.84,20.03,0.00,0.00,0.00,0.00,0.00,0.00
29243.93,5.99,1686.53,2.00,23.66,77.84,20.03,0.00,0.00,0.00,0.00,0.00,0.00
29243.93,5.99,1687.27,2.00,23.66,77.85,20.03,0.00,0.00,0.00,0.00,0.00,0.00
29243.93,5.99,1688.01,2.00,23.66,77.85,20.03,0.00,0.00,0.00,0.00,0.00,0.00
29243.94,5.99,1688.74,2.00,23.66,77.85,20.03,0.00,0.00,0.00,0.00,0.00,0.00
29243.94,6.00,1689.48,2.00,23.66,77.86,20.03,0.00,0.00,0.00,0.00,0.00,0.00
29243.94,6.00,1690.22,2.00,23.66,77.86,20.03,0.00,0.00,0.00,0.00,0.00,0.00
29243.94,6.00,1690.96,2.00,23.66,77.87,20.03,0.00,0.00,0.00,0.00,0.00,0.00
29243.94,6.00,1691.70,2.00,23.66,77.87,20.03,0.00,0.00,0.00,0.00,0.00,0.00
29243.94,6.00,1692.44,2.00,23.66,77.88,20.03,0.00,0.00,0.00,0.00,0.00,0.00
29243.94,6.00,1693.17,2.00,23.66,77.88,20.03,0.00,0.00,0.00,0.00,0.00,0.00
29243.95,6.00,1693.91,2.00,23.66,77.88,20.03,0.00,0.00,0.00,0.00,0.00,0.00
29243.95,6.00,1694.65,2.00,23.66,77.89,20.03,0.00,0.00,0.00,0.00,0.00,0.00
29243.95,6.00,1695.39,2.00,23.66,77.89,20.03,0.00,0.00,0.00,0.00,0.00,0.00
29243.95,6.00,1696.13,2.00,23.66,77.90,20.03,0.00,0.00,0.00,0.00,0.00,0.00
29243.95,6.00,1696.87,2.00,23.66,77.90,20.03,0.00,0.00,0.00,0.00,0.00,0.00
29243.95,6.00,1697.60,2.00,23.66,77.90,20.03,0.00,0.00,0.00,0.00,0.00,0.00
29243.95,6.00,1698.34,2.00,23.66,77.91,20.03,0.00,0.00,0.00,0.00,0.00,0.00
29243.95,6.00,1699.08,2.00,23.66,77.91,20.03,0.00,0.00,0.00,0.00,0.00,0.00
29243.96,6.00,1699.82,2.00,23.66,77.92,20.03,0.00,0.00,0.00,0.00,0.00,0.00
29243.96,6.00,1700.56,2.00,23.66,77.92,20.03,0.00,0.00,0.00,0.00,0.00,0.00
29243.96,6.00,1701.30,2.00,23.66,77.92,20.03,0.00,0.00,0.00,0.00,0.00,0.00
29243.96,6.00,1702.03,2.00,23.66,77.93,20.03,0.00,0.00,0.00,0.00,0.00,0.00
29243.96,6.00,1702.77,2.00,23.66,77.93,20.03,0.00,0.00,0.00,0.00,0.00,0.00
29243.96,6.00,1703.51,2.00,23.66,77.94,20.03,0.00,0.00,0.00,0.00,0.00,0.00
29243.96,6.01,1704.25,2.00,23.66,77.94,20.03,0.00,0.00,0.00,0.00,0.00,0.00
29243.97,6.01,1704.99,2.00,23.66,77.95,20.03,0.00,0.00,0.00,0.00,0.00,0.00
29243.97,6.01,1705.73,2.00,23.65,77.95,20.03,0.00,0.00,0.00,0.00,0.00,0.00
29243.97,6.01,1706.46,2.00,23.65,77.95,20.03,0.00,0.00,0.00,0.00,0.00,0.00
29243.97,6.01,1707.20,2.00,23.65,77.96,20.03,0.00,0.00,0.00,0.00,0.00,0.00
29243.97,6.01,1707.94,2.00,23.65,77.96,20.03,0.00,0.00,0.00,0.00,0.00,0.00
29243.97,6.01,1708.68,2.00,23.65,77.97,20.03,0.00,0.00,0.00,0.00,0.00,0.00
29243.97,6.01,1709.42,2.00,23.65,77.97,20.03,0.00,0.00,0.00,0.00,0.00,0.00
29243.98,6.01,1710.16,2.00,23.65,77.97,20.03,0.00,0.00,0.00,0.00,0.00,0.00
29243.98,6.01,1710.89,2.00,23.65,77.98,20.03,0.00,0.00,0.00,0.00,0.00,0.00
29243.98,6.01,1711.63,2.00,23.65,77.98,20.03,0.00,0.00,0.00,0.00,0.00,0.00
29243.98,6.01,1712.37,2.00,23.65,77.99,20.03,0.00,0.00,0.00,0.00,0.00,0.00
29243.98,6.01,1713.11,2.00,23.65,77.99,20.03,0.00,0.00,0.00,0.00,0.00,0.00
29243.98,6.01,1713.85,2.00,23.65,77.99,20.03,0.00,0.00,0.00,0.00,0.00,0.00
29243.98,6.01,1714.59,2.00,23.65,78.00,20.03,0.00,0.00,0.00,0.00,0.00,0.00
29243.98,6.01,1715.32,2.00,23.65,78.00,20.03,0.00,0.00,0.00,0.00,0.00,0.00
29243.99,6.01,1716.06,2.00,23.65,78.01,20.03,0.00,0.00,0.00,0.00,0.00,0.00
29243.99,6.01,1716.80,2.00,23.65,78.01,20.03,0.00,0.00,0.00,0.00,0.00,0.00
29243.99,6.01,1717.54,2.00,23.65,78.02,20.03,0.00,0.00,0.00,0.00,0.00,0.00
29243.99,6.01,1718.28,2.00,23.65,78.02,20.03,0.00,0.00,0.00,0.00,0.00,0.00
29243.99,6.02,1719.02,2.00,23.65,78.02,20.03,0.00,0.00,0.00,0.00,0.00,0.00
29243.99,6.02,1719.75,2.00,23.65,78.03,20.03,0.00,0.00,0.00,0.00,0.00,0.00
29243.99,6.02,1720.49,2.00,23.65,78.03,20.03,0.00,0.00,0.00,0.00,0.00,0.00
29244.00,6.02,1721.23,2.00,23.65,78.04,20.03,0.00,0.00,0.00,0.00,0.00,0.00
29244.00,6.02,1721.97,2.00,23.65,78.04,20.03,0.00,0.00,0.00,0.00,0.00,0.00
29244.00,6.02,1722.71,2.00,23.65,78.04,20.03,0.00,0.00,0.00,0.00,0.00,0.00
29244.00,6.02,1723.45,2.00,23.65,78.05,20.03,0.00,0.00,0.00,0.00,0.00,0.00
29244.00,6.02,1724.18,2.00,23.65,78.05,20.03,0.00,0.00,0.00,0.00,0.00,0.00
29244.00,6.02,1724.92,2.00,23.65,78.06,20.03,0.00,0.00,0.00,0.00,0.00,0.00
29244.00,6.02,1725.66,2.00,23.65,78.06,20.03,0.00,0.00,0.00,0.00,0.00,0.00
29244.00,6.02,1726.40,2.00,23.65,78.06,20.03,0.00,0.00,0.00,0.00,0.00,0.00
29244.01,6.02,1727.14,2.00,23.65,78.07,20.03,0.00,0.00,0.00,0.00,0.00,0.00
29244.01,6.02,1727.88,2.00,23.65,78.07,20.03,0.00,0.00,0.00,0.00,0.00,0.00
29244.01,6.02,1728.61,2.00,23.65,78.08,20.03,0.00,0.00,0.00,0.00,0.00,0.00
29244.01,6.02,1729.35,2.00,23.65,78.08,20.03,0.00,0.00,0.00,0.00,0.00,0.00
29244.01,6.02,1730.09,2.00,23.65,78.08,20.03,0.00,0.00,0.00,0.00,0.00,0.00
29244.01,6.02,1730.83,2.00,23.65,78.09,20.03,0.00,0.00,0.00,0.00,0.00,0.00
29244.01,6.02,1731.57,2.00,23.65,78.09,20.03,0.00,0.00,0.00,0.00,0.00,0.00
29244.02,6.02,1732.31,2.00,23.65,78.10,20.03,0.00,0.00,0.00,0.00,0.00,0.00
29244.02,6.02,1733.04,2.00,23.65,78.10,20.03,0.00,0.00,0.00,0.00,0.00,0.00
29244.02,6.03,1733.78,2.00,23.65,78.11,20.03,0.00,0.00,0.00,0.00,0.00,0.00
29244.02,6.03,1734.52,2.00,23.65,78.11,20.03,0.00,0.00,0.00,0.00,0.00,0.00
29244.02,6.03,1735.26,2.00,23.65,78.11,20.03,0.00,0.00,0.00,0.00,0.00,0.00
29244.02,6.03,1736.00,2.00,23.65,78.12,20.03,0.00,0.00,0.00,0.00,0.00,0.00
29244.02,6.03,1736.74,2.00,23.65,78.12,20.03,0.00,0.00,0.00,0.00,0.00,0.00
29244.02,6.03,1737.47,2.00,23.65,78.13,20.03,0.00,0.00,0.00,0.00,0.00,0.00
29244.03,6.03,1738.21,2.00,23.65,78.13,20.03,0.00,0.00,0.00,0.00,0.00,0.00
29244.03,6.03,1738.95,2.00,23.65,78.13,20.03,0.00,0.00,0.00,0.00,0.00,0.00
29244.03,6.03,1739.69,2.00,23.65,78.14,20.03,0.00,0.00,0.00,0.00,0.00,0.00
29244.03,6.03,1740.43,2.00,23.65,78.14,20.03,0.00,0.00,0.00,0.00,0.00,0.00
29244.03,6.03,1741.17,2.00,23.65,78.15,20.03,0.00,0.00,0.00,0.00,0.00,0.00
29244.03,6.03,1741.90,2.00,23.65,78.15,20.03,0.00,0.00,0.00,0.00,0.00,0.00
29244.03,6.03,1742.64,2.00,23.64,78.15,20.03,0.00,0.00,0.00,0.00,0.00,0.00
29244.04,6.03,1743.38,2.00,23.64,78.16,20.03,0.00,0.00,0.00,0.00,0.00,0.00
29244.04,6.03,1744.12,2.00,23.64,78.16,20.03,0.00,0.00,0.00,0.00,0.00,0.00
29244.04,6.03,1744.86,2.00,23.64,78.17,20.03,0.00,0.00,0.00,0.00,0.00,0.00
29244.04,6.03,1745.60,2.00,23.64,78.17,20.03,0.00,0.00,0.00,0.00,0.00,0.00
29244.04,6.03,1746.33,2.00,23.64,78.18,20.03,0.00,0.00,0.00,0.00,0.00,0.00
29244.04,6.03,1747.07,2.00,23.64,78.18,20.03,0.00,0.00,0.00,0.00,0.00,0.00
29244.04,6.03,1747.81,2.00,23.64,78.18,20.02,0.00,0.00,0.00,0.00,0.00,0.00
29244.05,6.04,1748.55,2.00,23.64,78.19,20.02,0.00,0.00,0.00,0.00,0.00,0.00
29244.05,6.04,1749.29,2.00,23.64,78.19,20.02,0.00,0.00,0.00,0.00,0.00,0.00
29244.05,6.04,1750.03,2.00,23.64,78.20,20.02,0.00,0.00,0.00,0.00,0.00,0.00
29244.05,6.04,1750.76,2.00,23.64,78.20,20.02,0.00,0.00,0.00,0.00,0.00,0.00
29244.05,6.04,1751.50,2.00,23.64,78.20,20.02,0.00,0.00,0.00,0.00,0.00,0.00
29244.05,6.04,1752.24,2.00,23.64,78.21,20.02,0.00,0.00,0.00,0.00,0.00,0.00
29244.05,6.04,1752.98,2.00,23.64,78.21,20.02,0.00,0.00,0.00,0.00,0.00,0.00
29244.05,6.04,1753.72,2.00,23.64,78.22,20.02,0.00,0.00,0.00,0.00,0.00,0.00
29244.06,6.04,1754.46,2.00,23.64,78.22,20.02,0.00,0.00,0.00,0.00,0.00,0.00
29244.06,6.04,1755.19,2.00,23.64,78.22,20.02,0.00,0.00,0.00,0.00,0.00,0.00
29244.06,6.04,1755.93,2.00,23.64,78.23,20.02,0.00,0.00,0.00,0.00,0.00,0.00
29244.06,6.04,1756.67,2.00,23.64,78.23,20.02,0.00,0.00,0.00,0.00,0.00,0.00
29244.06,6.04,1757.41,2.00,23.64,78.24,20.02,0.00,0.00,0.00,0.00,0.00,0.00
29244.06,6.04,1758.15,2.00,23.64,78.24,20.02,0.00,0.00,0.00,0.00,0.00,0.00
29244.06,6.04,1758.89,2.00,23.64,78.25,20.02,0.00,0.00,0.00,0.00,0.00,0.00
29244.07,6.04,1759.62,2.00,23.64,78.25,20.02,0.00,0.00,0.00,0.00,0.00,0.00
29244.07,6.04,1760.36,2.00,23.64,78.25,20.02,0.00,0.00,0.00,0.00,0.00,0.00
29244.07,6.04,1761.10,2.00,23.64,78.26,20.02,0.00,0.00,0.00,0.00,0.00,0.00
29244.07,6.04,1761.84,2.00,23.64,78.26,20.02,0.00,0.00,0.00,0.00,0.00,0.00
29244.07,6.04,1762.58,2.00,23.64,78.27,20.02,0.00,0.00,0.00,0.00,0.00,0.00
29244.07,6.05,1763.32,2.00,23.64,78.27,20.02,0.00,0.00,0.00,0.00,0.00,0.00
29244.07,6.05,1764.05,2.00,23.64,78.27,20.02,0.00,0.00,0.00,0.00,0.00,0.00
29244.07,6.05,1764.79,2.00,23.64,78.28,20.02,0.00,0.00,0.00,0.00,0.00,0.00
29244.08,6.05,1765.53,2.00,23.64,78.28,20.02,0.00,0.00,0.00,0.00,0.00,0.00
29244.08,6.05,1766.27,2.00,23.64,78.29,20.02,0.00,0.00,0.00,0.00,0.00,0.00
29244.08,6.05,1767.01,2.00,23.64,78.29,20.02,0.00,0.00,0.00,0.00,0.00,0.00
29244.08,6.05,1767.75,2.00,23.64,78.29,20.02,0.00,0.00,0.00,0.00,0.00,0.00
29244.08,6.05,1768.48,2.00,23.64,78.30,20.02,0.00,0.00,0.00,0.00,0.00,0.00
29244.08,6.05,1769.22,2.00,23.64,78.30,20.02,0.00,0.00,0.00,0.00,0.00,0.00
29244.08,6.05,1769.96,2.00,23.64,78.31,20.02,0.00,0.00,0.00,0.00,0.00,0.00
29244.09,6.05,1770.70,2.00,23.64,78.31,20.02,0.00,0.00,0.00,0.00,0.00,0.00
29244.09,6.05,1771.44,2.00,23.64,78.32,20.02,0.00,0.00,0.00,0.00,0.00,0.00
29244.09,6.05,1772.18,2.00,23.64,78.32,20.02,0.00,0.00,0.00,0.00,0.00,0.00
29244.09,6.05,1772.91,2.00,23.64,78.32,20.02,0.00,0.00,0.00,0.00,0.00,0.00
29244.09,6.05,1773.65,2.00,23.64,78.33,20.02,0.00,0.00,0.00,0.00,0.00,0.00
29244.09,6.05,1774.39,2.00,23.64,78.33,20.02,0.00,0.00,0.00,0.00,0.00,0.00
29244.09,6.05,1775.13,2.00,23.64,78.34,20.02,0.00,0.00,0.00,0.00,0.00,0.00
29244.10,6.05,1775.87,2.00,23.64,78.34,20.02,0.00,0.00,0.00,0.00,0.00,0.00
29244.10,6.05,1776.61,2.00,23.64,78.34,20.02,0.00,0.00,0.00,0.00,0.00,0.00
29244.10,6.05,1777.34,2.00,23.64,78.35,20.02,0.00,0.00,0.00,0.00,0.00,0.00
29244.10,6.06,1778.08,2.00,23.64,78.35,20.02,0.00,0.00,0.00,0.00,0.00,0.00
29244.10,6.06,1778.82,2.00,23.63,78.36,20.02,0.00,0.00,0.00,0.00,0.00,0.00
29244.10,6.06,1779.56,2.00,23.63,78.36,20.02,0.00,0.00,0.00,0.00,0.00,0.00
29244.10,6.06,1780.30,2.00,23.63,78.36,20.02,0.00,0.00,0.00,0.00,0.00,0.00
29244.10,6.06,1781.04,2.00,23.63,78.37,20.02,0.00,0.00,0.00,0.00,0.00,0.00
29244.11,6.06,1781.77,2.00,23.63,78.37,20.02,0.00,0.00,0.00,0.00,0.00,0.00
29244.11,6.06,1782.51,2.00,23.63,78.38,20.02,0.00,0.00,0.00,0.00,0.00,0.00
29244.11,6.06,1783.25,2.00,23.63,78.38,20.02,0.00,0.00,0.00,0.00,0.00,0.00
29244.11,6.06,1783.99,2.00,23.63,78.39,20.02,0.00,0.00,0.00,0.00,0.00,0.00
29244.11,6.06,1784.73,2.00,23.63,78.39,20.02,0.00,0.00,0.00,0.00,0.00,0.00
29244.11,6.06,1785.47,2.00,23.63,78.39,20.02,0.00,0.00,0.00,0.00,0.00,0.00
29244.11,6.06,1786.20,2.00,23.63,78.40,20.02,0.00,0.00,0.00,0.00,0.00,0.00
29244.12,6.06,1786.94,2.00,23.63,78.40,20.02,0.00,0.00,0.00,0.00,0.00,0.00
29244.12,6.06,1787.68,2.00,23.63,78.41,20.02,0.00,0.00,0.00,0.00,0.00,0.00
29244.12,6.06,1788.42,2.00,23.63,78.41,20.02,0.00,0.00,0.00,0.00,0.00,0.00
29244.12,6.06,1789.16,2.00,23.63,78.41,20.02,0.00,0.00,0.00,0.00,0.00,0.00
29244.12,6.06,1789.90,2.00,23.63,78.42,20.02,0.00,0.00,0.00,0.00,0.00,0.00
29244.12,6.06,1790.63,2.00,23.63,78.42,20.02,0.00,0.00,0.00,0.00,0.00,0.00
29244.12,6.06,1791.37,2.00,23.63,78.43,20.02,0.00,0.00,0.00,0.00,0.00,0.00
29244.12,6.06,1792.11,2.00,23.63,78.43,20.02,0.00,0.00,0.00,0.00,0.00,0.00
29244.13,6.07,1792.85,2.00,23.63,78.43,20.02,0.00,0.00,0.00,0.00,0.00,0.00
29244.13,6.07,1793.59,2.00,23.63,78.44,20.02,0.00,0.00,0.00,0.00,0.00,0.00
29244.13,6.07,1794.33,2.00,23.63,78.44,20.02,0.00,0.00,0.00,0.00,0.00,0.00
29244.13,6.07,1795.06,2.00,23.63,78.45,20.02,0.00,0.00,0.00,0.00,0.00,0.00
29244.13,6.07,1795.80,2.00,23.63,78.45,20.02,0.00,0.00,0.00,0.00,0.00,0.00
29244.13,6.07,1796.54,2.00,23.63,78.46,20.02,0.00,0.00,0.00,0.00,0.00,0.00
29244.13,6.07,1797.28,2.00,23.63,78.46,20.02,0.00,0.00,0.00,0.00,0.00,0.00
29244.14,6.07,1798.02,2.00,23.63,78.46,20.02,0.00,0.00,0.00,0.00,0.00,0.00
29244.14,6.07,1798.76,2.00,23.63,78.47,20.02,0.00,0.00,0.00,0.00,0.00,0.00
29244.14,6.07,1799.49,2.00,23.63,78.47,20.02,0.00,0.00,0.00,0.00,0.00,0.00
29244.14,6.07,1800.23,2.00,23.63,78.48,20.02,0.00,0.00,0.00,0.00,0.00,0.00
29244.14,6.07,1800.97,2.00,23.63,78.48,20.02,0.00,0.00,0.00,0.00,0.00,0.00
29244.14,6.07,1801.71,2.00,23.63,78.48,20.02,0.00,0.00,0.00,0.00,0.00,0.00
29244.14,6.07,1802.45,2.00,23.63,78.49,20.02,0.00,0.00,0.00,0.00,0.00,0.00
29244.14,6.07,1803.19,2.00,23.63,78.49,20.02,0.00,0.00,0.00,0.00,0.00,0.00
29244.15,6.07,1803.92,2.00,23.63,78.50,20.02,0.00,0.00,0.00,0.00,0.00,0.00
29244.15,6.07,1804.66,2.00,23.63,78.50,20.02,0.00,0.00,0.00,0.00,0.00,0.00
29244.15,6.07,1805.40,2.00,23.63,78.50,20.02,0.00,0.00,0.00,0.00,0.00,0.00
29244.15,6.07,1806.14,2.00,23.63,78.51,20.02,0.00,0.00,0.00,0.00,0.00,0.00
29244.15,6.07,1806.88,2.00,23.63,78.51,20.02,0.00,0.00,0.00,0.00,0.00,0.00
29244.15,6.08,1807.62,2.00,23.63,78.52,20.02,0.00,0.00,0.00,0.00,0.00,0.00
29244.15,6.08,1808.35,2.00,23.63,78.52,20.02,0.00,0.00,0.00,0.00,0.00,0.00
29244.16,6.08,1809.09,2.00,23.63,78.53,20.02,0.00,0.00,0.00,0.00,0.00,0.00
29244.16,6.08,1809.83,2.00,23.63,78.53,20.02,0.00,0.00,0.00,0.00,0.00,0.00
29244.16,6.08,1810.57,2.00,23.63,78.53,20.02,0.00,0.00,0.00,0.00,0.00,0.00
29244.16,6.08,1811.31,2.00,23.63,78.54,20.02,0.00,0.00,0.00,0.00,0.00,0.00
29244.16,6.08,1812.05,2.00,23.63,78.54,20.02,0.00,0.00,0.00,0.00,0.00,0.00
29244.16,6.08,1812.78,2.00,23.63,78.55,20.02,0.00,0.00,0.00,0.00,0.00,0.00
29244.16,6.08,1813.52,2.00,23.63,78.55,20.02,0.00,0.00,0.00,0.00,0.00,0.00
29244.17,6.08,1814.26,2.00,23.63,78.55,20.02,0.00,0.00,0.00,0.00,0.00,0.00
29244.17,6.08,1815.00,2.00,23.63,78.56,20.02,0.00,0.00,0.00,0.00,0.00,0.00
29244.17,6.08,1815.74,2.00,23.62,78.56,20.02,0.00,0.00,0.00,0.00,0.00,0.00
29244.17,6.08,1816.48,2.00,23.62,78.57,20.02,0.00,0.00,0.00,0.00,0.00,0.00
29244.17,6.08,1817.21,2.00,23.62,78.57,20.01,0.00,0.00,0.00,0.00,0.00,0.00
29244.17,6.08,1817.95,2.00,23.62,78.57,20.01,0.00,0.00,0.00,0.00,0.00,0.00
29244.17,6.08,1818.69,2.00,23.62,78.58,20.01,0.00,0.00,0.00,0.00,0.00,0.00
29244.17,6.08,1819.43,2.00,23.62,78.58,20.01,0.00,0.00,0.00,0.00,0.00,0.00
29244.18,6.08,1820.17,2.00,23.62,78.59,20.01,0.00,0.00,0.00,0.00,0.00,0.00
29244.18,6.08,1820.91,2.00,23.62,78.59,20.01,0.00,0.00,0.00,0.00,0.00,0.00
29244.18,6.08,1821.64,2.00,23.62,78.60,20.01,0.00,0.00,0.00,0.00,0.00,0.00
29244.18,6.09,1822.38,2.00,23.62,78.60,20.01,0.00,0.00,0.00,0.00,0.00,0.00
29244.18,6.09,1823.12,2.00,23.62,78.60,20.01,0.00,0.00,0.00,0.00,0.00,0.00
29244.18,6.09,1823.86,2.00,23.62,78.61,20.01,0.00,0.00,0.00,0.00,0.00,0.00
29244.18,6.09,1824.60,2.00,23.62,78.61,20.01,0.00,0.00,0.00,0.00,0.00,0.00
29244.19,6.09,1825.34,2.00,23.62,78.62,20.01,0.00,0.00,0.00,0.00,0.00,0.00
29244.19,6.09,1826.07,2.00,23.62,78.62,20.01,0.00,0.00,0.00,0.00,0.00,0.00
29244.19,6.09,1826.81,2.00,23.62,78.62,20.01,0.00,0.00,0.00,0.00,0.00,0.00
29244.19,6.09,1827.55,2.00,23.62,78.63,20.01,0.00,0.00,0.00,0.00,0.00,0.00
29244.19,6.09,1828.29,2.00,23.62,78.63,20.01,0.00,0.00,0.00,0.00,0.00,0.00
29244.19,6.09,1829.03,2.00,23.62,78.64,20.01,0.00,0.00,0.00,0.00,0.00,0.00
29244.19,6.09,1829.77,2.00,23.62,78.64,20.01,0.00,0.00,0.00,0.00,0.00,0.00
29244.19,6.09,1830.50,2.00,23.62,78.64,20.01,0.00,0.00,0.00,0.00,0.00,0.00
29244.20,6.09,1831.24,2.00,23.62,78.65,20.01,0.00,0.00,0.00,0.00,0.00,0.00
29244.20,6.09,1831.98,2.00,23.62,78.65,20.01,0.00,0.00,0.00,0.00,0.00,0.00
29244.20,6.09,1832.72,2.00,23.62,78.66,20.01,0.00,0.00,0.00,0.00,0.00,0.00
29244.20,6.09,1833.46,2.00,23.62,78.66,20.01,0.00,0.00,0.00,0.00,0.00,0.00
29244.20,6.09,1834.20,2.00,23.62,78.66,20.01,0.00,0.00,0.00,0.00,0.00,0.00
29244.20,6.09,1834.93,2.00,23.62,78.67,20.01,0.00,0.00,0.00,0.00,0.00,0.00
29244.20,6.09,1835.67,2.00,23.62,78.67,20.01,0.00,0.00,0.00,0.00,0.00,0.00
29244.21,6.09,1836.41,2.00,23.62,78.68,20.01,0.00,0.00,0.00,0.00,0.00,0.00
29244.21,6.10,1837.15,2.00,23.62,78.68,20.01,0.00,0.00,0.00,0.00,0.00,0.00
29244.21,6.10,1837.89,2.00,23.62,78.69,20.01,0.00,0.00,0.00,0.00,0.00,0.00
29244.21,6.10,1838.63,2.00,23.62,78.69,20.01,0.00,0.00,0.00,0.00,0.00,0.00
29244.21,6.10,1839.36,2.00,23.62,78.69,20.01,0.00,0.00,0.00,0.00,0.00,0.00
29244.21,6.10,1840.10,2.00,23.62,78.70,20.01,0.00,0.00,0.00,0.00,0.00,0.00
29244.21,6.10,1840.84,2.00,23.62,78.70,20.01,0.00,0.00,0.00,0.00,0.00,0.00
29244.22,6.10,1841.58,2.00,23.62,78.71,20.01,0.00,0.00,0.00,0.00,0.00,0.00
29244.22,6.10,1842.32,2.00,23.62,78.71,20.01,0.00,0.00,0.00,0.00,0.00,0.00
29244.22,6.10,1843.06,2.00,23.62,78.71,20.01,0.00,0.00,0.00,0.00,0.00,0.00
29244.22,6.10,1843.79,2.00,23.62,78.72,20.01,0.00,0.00,0.00,0.00,0.00,0.00
29244.22,6.10,1844.53,2.00,23.62,78.72,20.01,0.00,0.00,0.00,0.00,0.00,0.00
29244.22,6.10,1845.27,2.00,23.62,78.73,20.01,0.00,0.00,0.00,0.00,0.00,0.00
29244.22,6.10,1846.01,2.00,23.62,78.73,20.01,0.00,0.00,0.00,0.00,0.00,0.00
29244.22,6.10,1846.75,2.00,23.62,78.73,20.01,0.00,0.00,0.00,0.00,0.00,0.00
29244.23,6.10,1847.49,2.00,23.62,78.74,20.01,0.00,0.00,0.00,0.00,0.00,0.00
29244.23,6.10,1848.22,2.00,23.62,78.74,20.01,0.00,0.00,0.00,0.00,0.00,0.00
29244.23,6.10,1848.96,2.00,23.62,78.75,20.01,0.00,0.00,0.00,0.00,0.00,0.00
29244.23,6.10,1849.70,2.00,23.62,78.75,20.01,0.00,0.00,0.00,0.00,0.00,0.00
29244.23,6.10,1850.44,2.00,23.62,78.76,20.01,0.00,0.00,0.00,0.00,0.00,0.00
29244.23,6.10,1851.18,2.00,23.62,78.76,20.01,0.00,0.00,0.00,0.00,0.00,0.00
29244.23,6.11,1851.92,2.00,23.61,78.76,20.01,0.00,0.00,0.00,0.00,0.00,0.00
29244.24,6.11,1852.65,2.00,23.61,78.77,20.01,0.00,0.00,0.00,0.00,0.00,0.00
29244.24,6.11,1853.39,2.00,23.61,78.77,20.01,0.00,0.00,0.00,0.00,0.00,0.00
29244.24,6.11,1854.13,2.00,23.61,78.78,20.01,0.00,0.00,0.00,0.00,0.00,0.00
29244.24,6.11,1854.87,2.00,23.61,78.78,20.01,0.00,0.00,0.00,0.00,0.00,0.00
29244.24,6.11,1855.61,2.00,23.61,78.78,20.01,0.00,0.00,0.00,0.00,0.00,0.00
29244.24,6.11,1856.35,2.00,23.61,78.79,20.01,0.00,0.00,0.00,0.00,0.00,0.00
29244.24,6.11,1857.08,2.00,23.61,78.79,20.01,0.00,0.00,0.00,0.00,0.00,0.00
29244.24,6.11,1857.82,2.00,23.61,78.80,20.01,0.00,0.00,0.00,0.00,0.00,0.00
29244.25,6.11,1858.56,2.00,23.61,78.80,20.01,0.00,0.00,0.00,0.00,0.00,0.00
29244.25,6.11,1859.30,2.00,23.61,78.80,20.01,0.00,0.00,0.00,0.00,0.00,0.00
29244.25,6.11,1860.04,2.00,23.61,78.81,20.01,0.00,0.00,0.00,0.00,0.00,0.00
29244.25,6.11,1860.78,2.00,23.61,78.81,20.01,0.00,0.00,0.00,0.00,0.00,0.00
29244.25,6.11,1861.51,2.00,23.61,78.82,20.01,0.00,0.00,0.00,0.00,0.00,0.00
29244.25,6.11,1862.25,2.00,23.61,78.82,20.01,0.00,0.00,0.00,0.00,0.00,0.00
29244.25,6.11,1862.99,2.00,23.61,78.83,20.01,0.00,0.00,0.00,0.00,0.00,0.00
29244.26,6.11,1863.73,2.00,23.61,78.83,20.01,0.00,0.00,0.00,0.00,0.00,0.00
29244.26,6.11,1864.47,2.00,23.61,78.83,20.01,0.00,0.00,0.00,0.00,0.00,0.00
29244.26,6.11,1865.21,2.00,23.61,78.84,20.01,0.00,0.00,0.00,0.00,0.00,0.00
29244.26,6.11,1865.94,2.00,23.61,78.84,20.01,0.00,0.00,0.00,0.00,0.00,0.00
29244.26,6.12,1866.68,2.00,23.61,78.85,20.01,0.00,0.00,0.00,0.00,0.00,0.00
29244.26,6.12,1867.42,2.00,23.61,78.85,20.01,0.00,0.00,0.00,0.00,0.00,0.00
29244.26,6.12,1868.16,2.00,23.61,78.85,20.01,0.00,0.00,0.00,0.00,0.00,0.00
29244.27,6.12,1868.90,2.00,23.61,78.86,20.01,0.00,0.00,0.00,0.00,0.00,0.00
29244.27,6.12,1869.64,2.00,23.61,78.86,20.01,0.00,0.00,0.00,0.00,0.00,0.00
29244.27,6.12,1870.37,2.00,23.61,78.87,20.01,0.00,0.00,0.00,0.00,0.00,0.00
29244.27,6.12,1871.11,2.00,23.61,78.87,20.01,0.00,0.00,0.00,0.00,0.00,0.00
29244.27,6.12,1871.85,2.00,23.61,78.87,20.01,0.00,0.00,0.00,0.00,0.00,0.00
29244.27,6.12,1872.59,2.00,23.61,78.88,20.01,0.00,0.00,0.00,0.00,0.00,0.00
29244.27,6.12,1873.33,2.00,23.61,78.88,20.01,0.00,0.00,0.00,0.00,0.00,0.00
29244.27,6.12,1874.07,2.00,23.61,78.89,20.01,0.00,0.00,0.00,0.00,0.00,0.00
29244.28,6.12,1874.80,2.00,23.61,78.89,20.01,0.00,0.00,0.00,0.00,0.00,0.00
29244.28,6.12,1875.54,2.00,23.61,78.90,20.01,0.00,0.00,0.00,0.00,0.00,0.00
29244.28,6.12,1876.28,2.00,23.61,78.90,20.01,0.00,0.00,0.00,0.00,0.00,0.00
29244.28,6.12,1877.02,2.00,23.61,78.90,20.01,0.00,0.00,0.00,0.00,0.00,0.00
29244.28,6.12,1877.76,2.00,23.61,78.91,20.01,0.00,0.00,0.00,0.00,0.00,0.00
29244.28,6.12,1878.50,2.00,23.61,78.91,20.01,0.00,0.00,0.00,0.00,0.00,0.00
29244.28,6.12,1879.23,2.00,23.61,78.92,20.01,0.00,0.00,0.00,0.00,0.00,0.00
29244.29,6.12,1879.97,2.00,23.61,78.92,20.01,0.00,0.00,0.00,0.00,0.00,0.00
29244.29,6.12,1880.71,2.00,23.61,78.92,20.01,0.00,0.00,0.00,0.00,0.00,0.00
29244.29,6.13,1881.45,2.00,23.61,78.93,20.01,0.00,0.00,0.00,0.00,0.00,0.00
29244.29,6.13,1882.19,2.00,23.61,78.93,20.01,0.00,0.00,0.00,0.00,0.00,0.00
29244.29,6.13,1882.93,2.00,23.61,78.94,20.01,0.00,0.00,0.00,0.00,0.00,0.00
29244.29,6.13,1883.66,2.00,23.61,78.94,20.01,0.00,0.00,0.00,0.00,0.00,0.00
29244.29,6.13,1884.40,2.00,23.61,78.94,20.01,0.00,0.00,0.00,0.00,0.00,0.00
29244.29,6.13,1885.14,2.00,23.61,78.95,20.01,0.00,0.00,0.00,0.00,0.00,0.00
29244.30,6.13,1885.88,2.00,23.61,78.95,20.01,0.00,0.00,0.00,0.00,0.00,0.00
29244.30,6.13,1886.62,2.00,23.61,78.96,20.01,0.00,0.00,0.00,0.00,0.00,0.00
29244.30,6.13,1887.36,2.00,23.61,78.96,20.00,0.00,0.00,0.00,0.00,0.00,0.00
29244.30,6.13,1888.09,2.00,23.60,78.97,20.00,0.00,0.00,0.00,0.00,0.00,0.00
29244.30,6.13,1888.83,2.00,23.60,78.97,20.00,0.00,0.00,0.00,0.00,0.00,0.00
29244.30,6.13,1889.57,2.00,23.60,78.97,20.00,0.00,0.00,0.00,0.00,0.00,0.00
29244.30,6.13,1890.31,2.00,23.60,78.98,20.00,0.00,0.00,0.00,0.00,0.00,0.00
29244.31,6.13,1891.05,2.00,23.60,78.98,20.00,0.00,0.00,0.00,0.00,0.00,0.00
29244.31,6.13,1891.79,2.00,23.60,78.99,20.00,0.00,0.00,0.00,0.00,0.00,0.00
29244.31,6.13,1892.52,2.00,23.60,78.99,20.00,0.00,0.00,0.00,0.00,0.00,0.00
29244.31,6.13,1893.26,2.00,23.60,78.99,20.00,0.00,0.00,0.00,0.00,0.00,0.00
29244.31,6.13,1894.00,2.00,23.60,79.00,20.00,0.00,0.00,0.00,0.00,0.00,0.00
29244.31,6.13,1894.74,2.00,23.60,79.00,20.00,0.00,0.00,0.00,0.00,0.00,0.00
29244.31,6.13,1895.48,2.00,23.60,79.01,20.00,0.00,0.00,0.00,0.00,0.00,0.00
29244.31,6.14,1896.22,2.00,23.60,79.01,20.00,0.00,0.00,0.00,0.00,0.00,0.00
29244.32,6.14,1896.95,2.00,23.60,79.01,20.00,0.00,0.00,0.00,0.00,0.00,0.00
29244.32,6.14,1897.69,2.00,23.60,79.02,20.00,0.00,0.00,0.00,0.00,0.00,0.00
29244.32,6.14,1898.43,2.00,23.60,79.02,20.00,0.00,0.00,0.00,0.00,0.00,0.00
29244.32,6.14,1899.17,2.00,23.60,79.03,20.00,0.00,0.00,0.00,0.00,0.00,0.00
29244.32,6.14,1899.91,2.00,23.60,79.03,20.00,0.00,0.00,0.00,0.00,0.00,0.00
29244.32,6.14,1900.65,2.00,23.60,79.04,20.00,0.00,0.00,0.00,0.00,0.00,0.00
29244.32,6.14,1901.38,2.00,23.60,79.04,20.00,0.00,0.00,0.00,0.00,0.00,0.00
29244.33,6.14,1902.12,2.00,23.60,79.04,20.00,0.00,0.00,0.00,0.00,0.00,0.00
29244.33,6.14,1902.86,2.00,23.60,79.05,20.00,0.00,0.00,0.00,0.00,0.00,0.00
29244.33,6.14,1903.60,2.00,23.60,79.05,20.00,0.00,0.00,0.00,0.00,0.00,0.00
29244.33,6.14,1904.34,2.00,23.60,79.06,20.00,0.00,0.00,0.00,0.00,0.00,0.00
29244.33,6.14,1905.08,2.00,23.60,79.06,20.00,0.00,0.00,0.00,0.00,0.00,0.00
29244.33,6.14,1905.81,2.00,23.60,79.06,20.00,0.00,0.00,0.00,0.00,0.00,0.00
29244.33,6.14,1906.55,2.00,23.60,79.07,20.00,0.00,0.00,0.00,0.00,0.00,0.00
29244.34,6.14,1907.29,2.00,23.60,79.07,20.00,0.00,0.00,0.00,0.00,0.00,0.00
29244.34,6.14,1908.03,2.00,23.60,79.08,20.00,0.00,0.00,0.00,0.00,0.00,0.00
29244.34,6.14,1908.77,2.00,23.60,79.08,20.00,0.00,0.00,0.00,0.00,0.00,0.00
29244.34,6.14,1909.51,2.00,23.60,79.08,20.00,0.00,0.00,0.00,0.00,0.00,0.00
29244.34,6.14,1910.24,2.00,23.60,79.09,20.00,0.00,0.00,0.00,0.00,0.00,0.00
29244.34,6.15,1910.98,2.00,23.60,79.09,20.00,0.00,0.00,0.00,0.00,0.00,0.00
29244.34,6.15,1911.72,2.00,23.60,79.10,20.00,0.00,0.00,0.00,0.00,0.00,0.00
29244.34,6.15,1912.46,2.00,23.60,79.10,20.00,0.00,0.00,0.00,0.00,0.00,0.00
29244.35,6.15,1913.20,2.00,23.60,79.11,20.00,0.00,0.00,0.00,0.00,0.00,0.00
29244.35,6.15,1913.94,2.00,23.60,79.11,20.00,0.00,0.00,0.00,0.00,0.00,0.00
29244.35,6.15,1914.67,2.00,23.60,79.11,20.00,0.00,0.00,0.00,0.00,0.00,0.00
29244.35,6.15,1915.41,2.00,23.60,79.12,20.00,0.00,0.00,0.00,0.00,0.00,0.00
29244.35,6.15,1916.15,2.00,23.60,79.12,20.00,0.00,0.00,0.00,0.00,0.00,0.00
29244.35,6.15,1916.89,2.00,23.60,79.13,20.00,0.00,0.00,0.00,0.00,0.00,0.00
29244.35,6.15,1917.63,2.00,23.60,79.13,20.00,0.00,0.00,0.00,0.00,0.00,0.00
29244.36,6.15,1918.37,2.00,23.60,79.13,20.00,0.00,0.00,0.00,0.00,0.00,0.00
29244.36,6.15,1919.10,2.00,23.60,79.14,20.00,0.00,0.00,0.00,0.00,0.00,0.00
29244.36,6.15,1919.84,2.00,23.60,79.14,20.00,0.00,0.00,0.00,0.00,0.00,0.00
29244.36,6.15,1920.58,2.00,23.60,79.15,20.00,0.00,0.00,0.00,0.00,0.00,0.00
29244.36,6.15,1921.32,2.00,23.60,79.15,20.00,0.00,0.00,0.00,0.00,0.00,0.00
29244.36,6.15,1922.06,2.00,23.60,79.15,20.00,0.00,0.00,0.00,0.00,0.00,0.00
29244.36,6.15,1922.80,2.00,23.60,79.16,20.00,0.00,0.00,0.00,0.00,0.00,0.00
29244.36,6.15,1923.53,2.00,23.60,79.16,20.00,0.00,0.00,0.00,0.00,0.00,0.00
29244.37,6.15,1924.27,2.00,23.60,79.17,20.00,0.00,0.00,0.00,0.00,0.00,0.00
29244.37,6.15,1925.01,2.00,23.59,79.17,20.00,0.00,0.00,0.00,0.00,0.00,0.00
29244.37,6.16,1925.75,2.00,23.59,79.17,20.00,0.00,0.00,0.00,0.00,0.00,0.00
29244.37,6.16,1926.49,2.00,23.59,79.18,20.00,0.00,0.00,0.00,0.00,0.00,0.00
29244.37,6.16,1927.23,2.00,23.59,79.18,20.00,0.00,0.00,0.00,0.00,0.00,0.00
29244.37,6.16,1927.96,2.00,23.59,79.19,20.00,0.00,0.00,0.00,0.00,0.00,0.00
29244.37,6.16,1928.70,2.00,23.59,79.19,20.00,0.00,0.00,0.00,0.00,0.00,0.00
29244.38,6.16,1929.44,2.00,23.59,79.20,20.00,0.00,0.00,0.00,0.00,0.00,0.00
29244.38,6.16,1930.18,2.00,23.59,79.20,20.00,0.00,0.00,0.00,0.00,0.00,0.00
29244.38,6.16,1930.92,2.00,23.59,79.20,20.00,0.00,0.00,0.00,0.00,0.00,0.00
29244.38,6.16,1931.66,2.00,23.59,79.21,20.00,0.00,0.00,0.00,0.00,0.00,0.00
29244.38,6.16,1932.39,2.00,23.59,79.21,20.00,0.00,0.00,0.00,0.00,0.00,0.00
29244.38,6.16,1933.13,2.00,23.59,79.22,20.00,0.00,0.00,0.00,0.00,0.00,0.00
29244.38,6.16,1933.87,2.00,23.59,79.22,20.00,0.00,0.00,0.00,0.00,0.00,0.00
29244.39,6.16,1934.61,2.00,23.59,79.22,20.00,0.00,0.00,0.00,0.00,0.00,0.00
29244.39,6.16,1935.35,2.00,23.59,79.23,20.00,0.00,0.00,0.00,0.00,0.00,0.00
29244.39,6.16,1936.09,2.00,23.59,79.23,20.00,0.00,0.00,0.00,0.00,0.00,0.00
29244.39,6.16,1936.82,2.00,23.59,79.24,20.00,0.00,0.00,0.00,0.00,0.00,0.00
29244.39,6.16,1937.56,2.00,23.59,79.24,20.00,0.00,0.00,0.00,0.00,0.00,0.00
29244.39,6.16,1938.30,2.00,23.59,79.24,20.00,0.00,0.00,0.00,0.00,0.00,0.00
29244.39,6.16,1939.04,2.00,23.59,79.25,20.00,0.00,0.00,0.00,0.00,0.00,0.00
29244.39,6.16,1939.78,2.00,23.59,79.25,20.00,0.00,0.00,0.00,0.00,0.00,0.00
29244.40,6.17,1940.52,2.00,23.59,79.26,20.00,0.00,0.00,0.00,0.00,0.00,0.00
29244.40,6.17,1941.25,2.00,23.59,79.26,20.00,0.00,0.00,0.00,0.00,0.00,0.00
29244.40,6.17,1941.99,2.00,23.59,79.27,20.00,0.00,0.00,0.00,0.00,0.00,0.00
29244.40,6.17,1942.73,2.00,23.59,79.27,20.00,0.00,0.00,0.00,0.00,0.00,0.00
29244.40,6.17,1943.47,2.00,23.59,79.27,20.00,0.00,0.00,0.00,0.00,0.00,0.00
29244.40,6.17,1944.21,2.00,23.59,79.28,20.00,0.00,0.00,0.00,0.00,0.00,0.00
29244.40,6.17,1944.95,2.00,23.59,79.28,20.00,0.00,0.00,0.00,0.00,0.00,0.00
29244.41,6.17,1945.68,2.00,23.59,79.29,20.00,0.00,0.00,0.00,0.00,0.00,0.00
29244.41,6.17,1946.42,2.00,23.59,79.29,20.00,0.00,0.00,0.00,0.00,0.00,0.00
29244.41,6.17,1947.16,2.00,23.59,79.29,20.00,0.00,0.00,0.00,0.00,0.00,0.00
29244.41,6.17,1947.90,2.00,23.59,79.30,20.00,0.00,0.00,0.00,0.00,0.00,0.00
29244.41,6.17,1948.64,2.00,23.59,79.30,20.00,0.00,0.00,0.00,0.00,0.00,0.00
29244.41,6.17,1949.38,2.00,23.59,79.31,20.00,0.00,0.00,0.00,0.00,0.00,0.00
29244.41,6.17,1950.11,2.00,23.59,79.31,20.00,0.00,0.00,0.00,0.00,0.00,0.00
29244.41,6.17,1950.85,2.00,23.59,79.31,20.00,0.00,0.00,0.00,0.00,0.00,0.00
29244.42,6.17,1951.59,2.00,23.59,79.32,20.00,0.00,0.00,0.00,0.00,0.00,0.00
29244.42,6.17,1952.33,2.00,23.59,79.32,20.00,0.00,0.00,0.00,0.00,0.00,0.00
29244.42,6.17,1953.07,2.00,23.59,79.33,20.00,0.00,0.00,0.00,0.00,0.00,0.00
29244.42,6.17,1953.81,2.00,23.59,79.33,20.00,0.00,0.00,0.00,0.00,0.00,0.00
29244.42,6.17,1954.54,2.00,23.59,79.34,20.00,0.00,0.00,0.00,0.00,0.00,0.00
29244.42,6.18,1955.28,2.00,23.59,79.34,20.00,0.00,0.00,0.00,0.00,0.00,0.00
29244.42,6.18,1956.02,2.00,23.59,79.34,20.00,0.00,0.00,0.00,0.00,0.00,0.00
29244.43,6.18,1956.76,2.00,23.59,79.35,20.00,0.00,0.00,0.00,0.00,0.00,0.00
29244.43,6.18,1957.50,2.00,23.59,79.35,19.99,0.00,0.00,0.00,0.00,0.00,0.00
29244.43,6.18,1958.24,2.00,23.59,79.36,19.99,0.00,0.00,0.00,0.00,0.00,0.00
29244.43,6.18,1958.97,2.00,23.59,79.36,19.99,0.00,0.00,0.00,0.00,0.00,0.00
29244.43,6.18,1959.71,2.00,23.59,79.36,19.99,0.00,0.00,0.00,0.00,0.00,0.00
29244.43,6.18,1960.45,2.00,23.59,79.37,19.99,0.00,0.00,0.00,0.00,0.00,0.00
29244.43,6.18,1961.19,2.00,23.58,79.37,19.99,0.00,0.00,0.00,0.00,0.00,0.00
29244.43,6.18,1961.93,2.00,23.58,79.38,19.99,0.00,0.00,0.00,0.00,0.00,0.00
29244.44,6.18,1962.67,2.00,23.58,79.38,19.99,0.00,0.00,0.00,0.00,0.00,0.00
29244.44,6.18,1963.40,2.00,23.58,79.38,19.99,0.00,0.00,0.00,0.00,0.00,0.00
29244.44,6.18,1964.14,2.00,23.58,79.39,19.99,0.00,0.00,0.00,0.00,0.00,0.00
29244.44,6.18,1964.88,2.00,23.58,79.39,19.99,0.00,0.00,0.00,0.00,0.00,0.00
29244.44,6.18,1965.62,2.00,23.58,79.40,19.99,0.00,0.00,0.00,0.00,0.00,0.00
29244.44,6.18,1966.36,2.00,23.58,79.40,19.99,0.00,0.00,0.00,0.00,0.00,0.00
29244.44,6.18,1967.10,2.00,23.58,79.41,19.99,0.00,0.00,0.00,0.00,0.00,0.00
29244.45,6.18,1967.83,2.00,23.58,79.41,19.99,0.00,0.00,0.00,0.00,0.00,0.00
29244.45,6.18,1968.57,2.00,23.58,79.41,19.99,0.00,0.00,0.00,0.00,0.00,0.00
29244.45,6.18,1969.31,2.00,23.58,79.42,19.99,0.00,0.00,0.00,0.00,0.00,0.00
29244.45,6.19,1970.05,2.00,23.58,79.42,19.99,0.00,0.00,0.00,0.00,0.00,0.00
29244.45,6.19,1970.79,2.00,23.58,79.43,19.99,0.00,0.00,0.00,0.00,0.00,0.00
29244.45,6.19,1971.53,2.00,23.58,79.43,19.99,0.00,0.00,0.00,0.00,0.00,0.00
29244.45,6.19,1972.26,2.00,23.58,79.43,19.99,0.00,0.00,0.00,0.00,0.00,0.00
29244.46,6.19,1973.00,2.00,23.58,79.44,19.99,0.00,0.00,0.00,0.00,0.00,0.00
29244.46,6.19,1973.74,2.00,23.58,79.44,19.99,0.00,0.00,0.00,0.00,0.00,0.00
29244.46,6.19,1974.48,2.00,23.58,79.45,19.99,0.00,0.00,0.00,0.00,0.00,0.00
29244.46,6.19,1975.22,2.00,23.58,79.45,19.99,0.00,0.00,0.00,0.00,0.00,0.00
29244.46,6.19,1975.96,2.00,23.58,79.45,19.99,0.00,0.00,0.00,0.00,0.00,0.00
29244.46,6.19,1976.69,2.00,23.58,79.46,19.99,0.00,0.00,0.00,0.00,0.00,0.00
29244.46,6.19,1977.43,2.00,23.58,79.46,19.99,0.00,0.00,0.00,0.00,0.00,0.00
29244.46,6.19,1978.17,2.00,23.58,79.47,19.99,0.00,0.00,0.00,0.00,0.00,0.00
29244.47,6.19,1978.91,2.00,23.58,79.47,19.99,0.00,0.00,0.00,0.00,0.00,0.00
29244.47,6.19,1979.65,2.00,23.58,79.48,19.99,0.00,0.00,0.00,0.00,0.00,0.00
29244.47,6.19,1980.39,2.00,23.58,79.48,19.99,0.00,0.00,0.00,0.00,0.00,0.00
29244.47,6.19,1981.12,2.00,23.58,79.48,19.99,0.00,0.00,0.00,0.00,0.00,0.00
29244.47,6.19,1981.86,2.00,23.58,79.49,19.99,0.00,0.00,0.00,0.00,0.00,0.00
29244.47,6.19,1982.60,2.00,23.58,79.49,19.99,0.00,0.00,0.00,0.00,0.00,0.00
29244.47,6.19,1983.34,2.00,23.58,79.50,19.99,0.00,0.00,0.00,0.00,0.00,0.00
29244.48,6.20,1984.08,2.00,23.58,79.50,19.99,0.00,0.00,0.00,0.00,0.00,0.00
29244.48,6.20,1984.82,2.00,23.58,79.50,19.99,0.00,0.00,0.00,0.00,0.00,0.00
29244.48,6.20,1985.55,2.00,23.58,79.51,19.99,0.00,0.00,0.00,0.00,0.00,0.00
29244.48,6.20,1986.29,2.00,23.58,79.51,19.99,0.00,0.00,0.00,0.00,0.00,0.00
29244.48,6.20,1987.03,2.00,23.58,79.52,19.99,0.00,0.00,0.00,0.00,0.00,0.00
29244.48,6.20,1987.77,2.00,23.58,79.52,19.99,0.00,0.00,0.00,0.00,0.00,0.00
29244.48,6.20,1988.51,2.00,23.58,79.52,19.99,0.00,0.00,0.00,0.00,0.00,0.00
29244.48,6.20,1989.25,2.00,23.58,79.53,19.99,0.00,0.00,0.00,0.00,0.00,0.00
29244.49,6.20,1989.98,2.00,23.58,79.53,19.99,0.00,0.00,0.00,0.00,0.00,0.00
29244.49,6.20,1990.72,2.00,23.58,79.54,19.99,0.00,0.00,0.00,0.00,0.00,0.00
29244.49,6.20,1991.46,2.00,23.58,79.54,19.99,0.00,0.00,0.00,0.00,0.00,0.00
29244.49,6.20,1992.20,2.00,23.58,79.55,19.99,0.00,0.00,0.00,0.00,0.00,0.00
29244.49,6.20,1992.94,2.00,23.58,79.55,19.99,0.00,0.00,0.00,0.00,0.00,0.00
29244.49,6.20,1993.68,2.00,23.58,79.55,19.99,0.00,0.00,0.00,0.00,0.00,0.00
29244.49,6.20,1994.41,2.00,23.58,79.56,19.99,0.00,0.00,0.00,0.00,0.00,0.00
29244.50,6.20,1995.15,2.00,23.58,79.56,19.99,0.00,0.00,0.00,0.00,0.00,0.00
29244.50,6.20,1995.89,2.00,23.58,79.57,19.99,0.00,0.00,0.00,0.00,0.00,0.00
29244.50,6.20,1996.63,2.00,23.58,79.57,19.99,0.00,0.00,0.00,0.00,0.00,0.00
29244.50,6.20,1997.37,2.00,23.58,79.57,19.99,0.00,0.00,0.00,0.00,0.00,0.00
29244.50,6.20,1998.11,2.00,23.57,79.58,19.99,0.00,0.00,0.00,0.00,0.00,0.00
29244.50,6.21,1998.84,2.00,23.57,79.58,19.99,0.00,0.00,0.00,0.00,0.00,0.00
29244.50,6.21,1999.58,2.00,23.57,79.59,19.99,0.00,0.00,0.00,0.00,0.00,0.00
29244.51,6.21,2000.32,2.00,23.57,79.59,19.99,0.00,0.00,0.00,0.00,0.00,0.00
29244.51,6.21,2001.06,2.00,23.57,79.59,19.99,0.00,0.00,0.00,0.00,0.00,0.00
29244.51,6.21,2001.80,2.00,23.57,79.60,19.99,0.00,0.00,0.00,0.00,0.00,0.00
29244.51,6.21,2002.54,2.00,23.57,79.60,19.99,0.00,0.00,0.00,0.00,0.00,0.00
29244.51,6.21,2003.27,2.00,23.57,79.61,19.99,0.00,0.00,0.00,0.00,0.00,0.00
29244.51,6.21,2004.01,2.00,23.57,79.61,19.99,0.00,0.00,0.00,0.00,0.00,0.00
29244.51,6.21,2004.75,2.00,23.57,79.62,19.99,0.00,0.00,0.00,0.00,0.00,0.00
29244.51,6.21,2005.49,2.00,23.57,79.62,19.99,0.00,0.00,0.00,0.00,0.00,0.00
29244.52,6.21,2006.23,2.00,23.57,79.62,19.99,0.00,0.00,0.00,0.00,0.00,0.00
29244.52,6.21,2006.97,2.00,23.57,79.63,19.99,0.00,0.00,0.00,0.00,0.00,0.00
29244.52,6.21,2007.70,2.00,23.57,79.63,19.99,0.00,0.00,0.00,0.00,0.00,0.00
29244.52,6.21,2008.44,2.00,23.57,79.64,19.99,0.00,0.00,0.00,0.00,0.00,0.00
29244.52,6.21,2009.18,2.00,23.57,79.64,19.99,0.00,0.00,0.00,0.00,0.00,0.00
29244.52,6.21,2009.92,2.00,23.57,79.64,19.99,0.00,0.00,0.00,0.00,0.00,0.00
29244.52,6.21,2010.66,2.00,23.57,79.65,19.99,0.00,0.00,0.00,0.00,0.00,0.00
29244.53,6.21,2011.40,2.00,23.57,79.65,19.99,0.00,0.00,0.00,0.00,0.00,0.00
29244.53,6.21,2012.13,2.00,23.57,79.66,19.99,0.00,0.00,0.00,0.00,0.00,0.00
29244.53,6.21,2012.87,2.00,23.57,79.66,19.99,0.00,0.00,0.00,0.00,0.00,0.00
29244.53,6.22,2013.61,2.00,23.57,79.66,19.99,0.00,0.00,0.00,0.00,0.00,0.00
29244.53,6.22,2014.35,2.00,23.57,79.67,19.99,0.00,0.00,0.00,0.00,0.00,0.00
29244.53,6.22,2015.09,2.00,23.57,79.67,19.99,0.00,0.00,0.00,0.00,0.00,0.00
29244.53,6.22,2015.83,2.00,23.57,79.68,19.99,0.00,0.00,0.00,0.00,0.00,0.00
29244.53,6.22,2016.56,2.00,23.57,79.68,19.99,0.00,0.00,0.00,0.00,0.00,0.00
29244.54,6.22,2017.30,2.00,23.57,79.69,19.99,0.00,0.00,0.00,0.00,0.00,0.00
29244.54,6.22,2018.04,2.00,23.57,79.69,19.99,0.00,0.00,0.00,0.00,0.00,0.00
29244.54,6.22,2018.78,2.00,23.57,79.69,19.99,0.00,0.00,0.00,0.00,0.00,0.00
29244.54,6.22,2019.52,2.00,23.57,79.70,19.99,0.00,0.00,0.00,0.00,0.00,0.00
29244.54,6.22,2020.26,2.00,23.57,79.70,19.99,0.00,0.00,0.00,0.00,0.00,0.00
29244.54,6.22,2020.99,2.00,23.57,79.71,19.99,0.00,0.00,0.00,0.00,0.00,0.00
29244.54,6.22,2021.73,2.00,23.57,79.71,19.99,0.00,0.00,0.00,0.00,0.00,0.00
29244.55,6.22,2022.47,2.00,23.57,79.71,19.99,0.00,0.00,0.00,0.00,0.00,0.00
29244.55,6.22,2023.21,2.00,23.57,79.72,19.99,0.00,0.00,0.00,0.00,0.00,0.00
29244.55,6.22,2023.95,2.00,23.57,79.72,19.99,0.00,0.00,0.00,0.00,0.00,0.00
29244.55,6.22,2024.69,2.00,23.57,79.73,19.99,0.00,0.00,0.00,0.00,0.00,0.00
29244.55,6.22,2025.42,2.00,23.57,79.73,19.99,0.00,0.00,0.00,0.00,0.00,0.00
29244.55,6.22,2026.16,2.00,23.57,79.73,19.99,0.00,0.00,0.00,0.00,0.00,0.00
29244.55,6.22,2026.90,2.00,23.57,79.74,19.98,0.00,0.00,0.00,0.00,0.00,0.00
29244.55,6.22,2027.64,2.00,23.57,79.74,19.98,0.00,0.00,0.00,0.00,0.00,0.00
29244.56,6.23,2028.38,2.00,23.57,79.75,19.98,0.00,0.00,0.00,0.00,0.00,0.00
29244.56,6.23,2029.12,2.00,23.57,79.75,19.98,0.00,0.00,0.00,0.00,0.00,0.00
29244.56,6.23,2029.85,2.00,23.57,79.75,19.98,0.00,0.00,0.00,0.00,0.00,0.00
29244.56,6.23,2030.59,2.00,23.57,79.76,19.98,0.00,0.00,0.00,0.00,0.00,0.00
29244.56,6.23,2031.33,2.00,23.57,79.76,19.98,0.00,0.00,0.00,0.00,0.00,0.00
29244.56,6.23,2032.07,2.00,23.57,79.77,19.98,0.00,0.00,0.00,0.00,0.00,0.00
29244.56,6.23,2032.81,2.00,23.57,79.77,19.98,0.00,0.00,0.00,0.00,0.00,0.00
29244.57,6.23,2033.55,2.00,23.57,79.78,19.98,0.00,0.00,0.00,0.00,0.00,0.00
29244.57,6.23,2034.28,2.00,23.56,79.78,19.98,0.00,0.00,0.00,0.00,0.00,0.00
29244.57,6.23,2035.02,2.00,23.56,79.78,19.98,0.00,0.00,0.00,0.00,0.00,0.00
29244.57,6.23,2035.76,2.00,23.56,79.79,19.98,0.00,0.00,0.00,0.00,0.00,0.00
29244.57,6.23,2036.50,2.00,23.56,79.79,19.98,0.00,0.00,0.00,0.00,0.00,0.00
29244.57,6.23,2037.24,2.00,23.56,79.80,19.98,0.00,0.00,0.00,0.00,0.00,0.00
29244.57,6.23,2037.98,2.00,23.56,79.80,19.98,0.00,0.00,0.00,0.00,0.00,0.00
29244.58,6.23,2038.71,2.00,23.56,79.80,19.98,0.00,0.00,0.00,0.00,0.00,0.00
29244.58,6.23,2039.45,2.00,23.56,79.81,19.98,0.00,0.00,0.00,0.00,0.00,0.00
29244.58,6.23,2040.19,2.00,23.56,79.81,19.98,0.00,0.00,0.00,0.00,0.00,0.00
29244.58,6.23,2040.93,2.00,23.56,79.82,19.98,0.00,0.00,0.00,0.00,0.00,0.00
29244.58,6.23,2041.67,2.00,23.56,79.82,19.98,0.00,0.00,0.00,0.00,0.00,0.00
29244.58,6.23,2042.41,2.00,23.56,79.82,19.98,0.00,0.00,0.00,0.00,0.00,0.00
29244.58,6.24,2043.14,2.00,23.56,79.83,19.98,0.00,0.00,0.00,0.00,0.00,0.00
29244.58,6.24,2043.88,2.00,23.56,79.83,19.98,0.00,0.00,0.00,0.00,0.00,0.00
29244.59,6.24,2044.62,2.00,23.56,79.84,19.98,0.00,0.00,0.00,0.00,0.00,0.00
29244.59,6.24,2045.36,2.00,23.56,79.84,19.98,0.00,0.00,0.00,0.00,0.00,0.00
29244.59,6.24,2046.10,2.00,23.56,79.85,19.98,0.00,0.00,0.00,0.00,0.00,0.00
29244.59,6.24,2046.84,2.00,23.56,79.85,19.98,0.00,0.00,0.00,0.00,0.00,0.00
29244.59,6.24,2047.57,2.00,23.56,79.85,19.98,0.00,0.00,0.00,0.00,0.00,0.00
29244.59,6.24,2048.31,2.00,23.56,79.86,19.98,0.00,0.00,0.00,0.00,0.00,0.00
29244.59,6.24,2049.05,2.00,23.56,79.86,19.98,0.00,0.00,0.00,0.00,0.00,0.00
29244.60,6.24,2049.79,2.00,23.56,79.87,19.98,0.00,0.00,0.00,0.00,0.00,0.00
29244.60,6.24,2050.53,2.00,23.56,79.87,19.98,0.00,0.00,0.00,0.00,0.00,0.00
29244.60,6.24,2051.27,2.00,23.56,79.87,19.98,0.00,0.00,0.00,0.00,0.00,0.00
29244.60,6.24,2052.00,2.00,23.56,79.88,19.98,0.00,0.00,0.00,0.00,0.00,0.00
29244.60,6.24,2052.74,2.00,23.56,79.88,19.98,0.00,0.00,0.00,0.00,0.00,0.00
29244.60,6.24,2053.48,2.00,23.56,79.89,19.98,0.00,0.00,0.00,0.00,0.00,0.00
29244.60,6.24,2054.22,2.00,23.56,79.89,19.98,0.00,0.00,0.00,0.00,0.00,0.00
29244.60,6.24,2054.96,2.00,23.56,79.89,19.98,0.00,0.00,0.00,0.00,0.00,0.00
29244.61,6.24,2055.70,2.00,23.56,79.90,19.98,0.00,0.00,0.00,0.00,0.00,0.00
29244.61,6.24,2056.43,2.00,23.56,79.90,19.98,0.00,0.00,0.00,0.00,0.00,0.00
29244.61,6.24,2057.17,2.00,23.56,79.91,19.98,0.00,0.00,0.00,0.00,0.00,0.00
29244.61,6.25,2057.91,2.00,23.56,79.91,19.98,0.00,0.00,0.00,0.00,0.00,0.00
29244.61,6.25,2058.65,2.00,23.56,79.92,19.98,0.00,0.00,0.00,0.00,0.00,0.00
29244.61,6.25,2059.39,2.00,23.56,79.92,19.98,0.00,0.00,0.00,0.00,0.00,0.00
29244.61,6.25,2060.13,2.00,23.56,79.92,19.98,0.00,0.00,0.00,0.00,0.00,0.00
29244.62,6.25,2060.86,2.00,23.56,79.93,19.98,0.00,0.00,0.00,0.00,0.00,0.00
29244.62,6.25,2061.60,2.00,23.56,79.93,19.98,0.00,0.00,0.00,0.00,0.00,0.00
29244.62,6.25,2062.34,2.00,23.56,79.94,19.98,0.00,0.00,0.00,0.00,0.00,0.00
29244.62,6.25,2063.08,2.00,23.56,79.94,19.98,0.00,0.00,0.00,0.00,0.00,0.00
29244.62,6.25,2063.82,2.00,23.56,79.94,19.98,0.00,0.00,0.00,0.00,0.00,0.00
29244.62,6.25,2064.56,2.00,23.56,79.95,19.98,0.00,0.00,0.00,0.00,0.00,0.00
29244.62,6.25,2065.29,2.00,23.56,79.95,19.98,0.00,0.00,0.00,0.00,0.00,0.00
29244.63,6.25,2066.03,2.00,23.56,79.96,19.98,0.00,0.00,0.00,0.00,0.00,0.00
29244.63,6.25,2066.77,2.00,23.56,79.96,19.98,0.00,0.00,0.00,0.00,0.00,0.00
29244.63,6.25,2067.51,2.00,23.56,79.96,19.98,0.00,0.00,0.00,0.00,0.00,0.00
29244.63,6.25,2068.25,2.00,23.56,79.97,19.98,0.00,0.00,0.00,0.00,0.00,0.00
29244.63,6.25,2068.99,2.00,23.56,79.97,19.98,0.00,0.00,0.00,0.00,0.00,0.00
29244.63,6.25,2069.72,2.00,23.56,79.98,19.98,0.00,0.00,0.00,0.00,0.00,0.00
29244.63,6.25,2070.46,2.00,23.56,79.98,19.98,0.00,0.00,0.00,0.00,0.00,0.00
29244.63,6.25,2071.20,2.00,23.55,79.99,19.98,0.00,0.00,0.00,0.00,0.00,0.00
29244.64,6.25,2071.94,2.00,23.55,79.99,19.98,0.00,0.00,0.00,0.00,0.00,0.00
29244.64,6.26,2072.68,2.00,23.55,79.99,19.98,0.00,0.00,0.00,0.00,0.00,0.00
29244.64,6.26,2073.42,2.00,23.55,80.00,19.98,0.00,0.00,0.00,0.00,0.00,0.00
29244.64,6.26,2074.15,2.00,23.55,80.00,19.98,0.00,0.00,0.00,0.00,0.00,0.00
29244.64,6.26,2074.89,2.00,23.55,80.01,19.98,0.00,0.00,0.00,0.00,0.00,0.00
29244.64,6.26,2075.63,2.00,23.55,80.01,19.98,0.00,0.00,0.00,0.00,0.00,0.00
29244.64,6.26,2076.37,2.00,23.55,80.01,19.98,0.00,0.00,0.00,0.00,0.00,0.00
29244.65,6.26,2077.11,2.00,23.55,80.02,19.98,0.00,0.00,0.00,0.00,0.00,0.00
29244.65,6.26,2077.85,2.00,23.55,80.02,19.98,0.00,0.00,0.00,0.00,0.00,0.00
29244.65,6.26,2078.58,2.00,23.55,80.03,19.98,0.00,0.00,0.00,0.00,0.00,0.00
29244.65,6.26,2079.32,2.00,23.55,80.03,19.98,0.00,0.00,0.00,0.00,0.00,0.00
29244.65,6.26,2080.06,2.00,23.55,80.03,19.98,0.00,0.00,0.00,0.00,0.00,0.00
29244.65,6.26,2080.80,2.00,23.55,80.04,19.98,0.00,0.00,0.00,0.00,0.00,0.00
29244.65,6.26,2081.54,2.00,23.55,80.04,19.98,0.00,0.00,0.00,0.00,0.00,0.00
29244.65,6.26,2082.28,2.00,23.55,80.05,19.98,0.00,0.00,0.00,0.00,0.00,0.00
29244.66,6.26,2083.01,2.00,23.55,80.05,19.98,0.00,0.00,0.00,0.00,0.00,0.00
29244.66,6.26,2083.75,2.00,23.55,80.06,19.98,0.00,0.00,0.00,0.00,0.00,0.00
29244.66,6.26,2084.49,2.00,23.55,80.06,19.98,0.00,0.00,0.00,0.00,0.00,0.00
29244.66,6.26,2085.23,2.00,23.55,80.06,19.98,0.00,0.00,0.00,0.00,0.00,0.00
29244.66,6.26,2085.97,2.00,23.55,80.07,19.98,0.00,0.00,0.00,0.00,0.00,0.00
29244.66,6.26,2086.71,2.00,23.55,80.07,19.98,0.00,0.00,0.00,0.00,0.00,0.00
29244.66,6.27,2087.44,2.00,23.55,80.08,19.98,0.00,0.00,0.00,0.00,0.00,0.00
29244.67,6.27,2088.18,2.00,23.55,80.08,19.98,0.00,0.00,0.00,0.00,0.00,0.00
29244.67,6.27,2088.92,2.00,23.55,80.08,19.98,0.00,0.00,0.00,0.00,0.00,0.00
29244.67,6.27,2089.66,2.00,23.55,80.09,19.98,0.00,0.00,0.00,0.00,0.00,0.00
29244.67,6.27,2090.40,2.00,23.55,80.09,19.98,0.00,0.00,0.00,0.00,0.00,0.00
29244.67,6.27,2091.14,2.00,23.55,80.10,19.98,0.00,0.00,0.00,0.00,0.00,0.00
29244.67,6.27,2091.87,2.00,23.55,80.10,19.98,0.00,0.00,0.00,0.00,0.00,0.00
29244.67,6.27,2092.61,2.00,23.55,80.10,19.98,0.00,0.00,0.00,0.00,0.00,0.00
29244.67,6.27,2093.35,2.00,23.55,80.11,19.98,0.00,0.00,0.00,0.00,0.00,0.00
29244.68,6.27,2094.09,2.00,23.55,80.11,19.98,0.00,0.00,0.00,0.00,0.00,0.00
29244.68,6.27,2094.83,2.00,23.55,80.12,19.98,0.00,0.00,0.00,0.00,0.00,0.00
29244.68,6.27,2095.57,2.00,23.55,80.12,19.98,0.00,0.00,0.00,0.00,0.00,0.00
29244.68,6.27,2096.30,2.00,23.55,80.13,19.98,0.00,0.00,0.00,0.00,0.00,0.00
29244.68,6.27,2097.04,2.00,23.55,80.13,19.97,0.00,0.00,0.00,0.00,0.00,0.00
29244.68,6.27,2097.78,2.00,23.55,80.13,19.97,0.00,0.00,0.00,0.00,0.00,0.00
29244.68,6.27,2098.52,2.00,23.55,80.14,19.97,0.00,0.00,0.00,0.00,0.00,0.00
29244.69,6.27,2099.26,2.00,23.55,80.14,19.97,0.00,0.00,0.00,0.00,0.00,0.00
29244.69,6.27,2100.00,2.00,23.55,80.15,19.97,0.00,0.00,0.00,0.00,0.00,0.00
29244.69,6.27,2100.73,2.00,23.55,80.15,19.97,0.00,0.00,0.00,0.00,0.00,0.00
29244.69,6.27,2101.47,2.00,23.55,80.15,19.97,0.00,0.00,0.00,0.00,0.00,0.00
29244.69,6.28,2102.21,2.00,23.55,80.16,19.97,0.00,0.00,0.00,0.00,0.00,0.00
29244.69,6.28,2102.95,2.00,23.55,80.16,19.97,0.00,0.00,0.00,0.00,0.00,0.00
29244.69,6.28,2103.69,2.00,23.55,80.17,19.97,0.00,0.00,0.00,0.00,0.00,0.00
29244.70,6.28,2104.43,2.00,23.55,80.17,19.97,0.00,0.00,0.00,0.00,0.00,0.00
29244.70,6.28,2105.16,2.00,23.55,80.17,19.97,0.00,0.00,0.00,0.00,0.00,0.00
29244.70,6.28,2105.90,2.00,23.55,80.18,19.97,0.00,0.00,0.00,0.00,0.00,0.00
29244.70,6.28,2106.64,2.00,23.55,80.18,19.97,0.00,0.00,0.00,0.00,0.00,0.00
29244.70,6.28,2107.38,2.00,23.54,80.19,19.97,0.00,0.00,0.00,0.00,0.00,0.00
29244.70,6.28,2108.12,2.00,23.54,80.19,19.97,0.00,0.00,0.00,0.00,0.00,0.00
29244.70,6.28,2108.86,2.00,23.54,80.20,19.97,0.00,0.00,0.00,0.00,0.00,0.00
29244.70,6.28,2109.59,2.00,23.54,80.20,19.97,0.00,0.00,0.00,0.00,0.00,0.00
29244.71,6.28,2110.33,2.00,23.54,80.20,19.97,0.00,0.00,0.00,0.00,0.00,0.00
29244.71,6.28,2111.07,2.00,23.54,80.21,19.97,0.00,0.00,0.00,0.00,0.00,0.00
29244.71,6.28,2111.81,2.00,23.54,80.21,19.97,0.00,0.00,0.00,0.00,0.00,0.00
29244.71,6.28,2112.55,2.00,23.54,80.22,19.97,0.00,0.00,0.00,0.00,0.00,0.00
29244.71,6.28,2113.29,2.00,23.54,80.22,19.97,0.00,0.00,0.00,0.00,0.00,0.00
29244.71,6.28,2114.02,2.00,23.54,80.22,19.97,0.00,0.00,0.00,0.00,0.00,0.00
29244.71,6.28,2114.76,2.00,23.54,80.23,19.97,0.00,0.00,0.00,0.00,0.00,0.00
29244.72,6.28,2115.50,2.00,23.54,80.23,19.97,0.00,0.00,0.00,0.00,0.00,0.00
29244.72,6.28,2116.24,2.00,23.54,80.24,19.97,0.00,0.00,0.00,0.00,0.00,0.00
29244.72,6.29,2116.98,2.00,23.54,80.24,19.97,0.00,0.00,0.00,0.00,0.00,0.00
29244.72,6.29,2117.72,2.00,23.54,80.24,19.97,0.00,0.00,0.00,0.00,0.00,0.00
29244.72,6.29,2118.45,2.00,23.54,80.25,19.97,0.00,0.00,0.00,0.00,0.00,0.00
29244.72,6.29,2119.19,2.00,23.54,80.25,19.97,0.00,0.00,0.00,0.00,0.00,0.00
29244.72,6.29,2119.93,2.00,23.54,80.26,19.97,0.00,0.00,0.00,0.00,0.00,0.00
29244.72,6.29,2120.67,2.00,23.54,80.26,19.97,0.00,0.00,0.00,0.00,0.00,0.00
29244.73,6.29,2121.41,2.00,23.54,80.27,19.97,0.00,0.00,0.00,0.00,0.00,0.00
29244.73,6.29,2122.15,2.00,23.54,80.27,19.97,0.00,0.00,0.00,0.00,0.00,0.00
29244.73,6.29,2122.88,2.00,23.54,80.27,19.97,0.00,0.00,0.00,0.00,0.00,0.00
29244.73,6.29,2123.62,2.00,23.54,80.28,19.97,0.00,0.00,0.00,0.00,0.00,0.00
29244.73,6.29,2124.36,2.00,23.54,80.28,19.97,0.00,0.00,0.00,0.00,0.00,0.00
29244.73,6.29,2125.10,2.00,23.54,80.29,19.97,0.00,0.00,0.00,0.00,0.00,0.00
29244.73,6.29,2125.84,2.00,23.54,80.29,19.97,0.00,0.00,0.00,0.00,0.00,0.00
29244.74,6.29,2126.58,2.00,23.54,80.29,19.97,0.00,0.00,0.00,0.00,0.00,0.00
29244.74,6.29,2127.31,2.00,23.54,80.30,19.97,0.00,0.00,0.00,0.00,0.00,0.00
29244.74,6.29,2128.05,2.00,23.54,80.30,19.97,0.00,0.00,0.00,0.00,0.00,0.00
29244.74,6.29,2128.79,2.00,23.54,80.31,19.97,0.00,0.00,0.00,0.00,0.00,0.00
29244.74,6.29,2129.53,2.00,23.54,80.31,19.97,0.00,0.00,0.00,0.00,0.00,0.00
29244.74,6.29,2130.27,2.00,23.54,80.31,19.97,0.00,0.00,0.00,0.00,0.00,0.00
29244.74,6.29,2131.01,2.00,23.54,80.32,19.97,0.00,0.00,0.00,0.00,0.00,0.00
29244.75,6.30,2131.74,2.00,23.54,80.32,19.97,0.00,0.00,0.00,0.00,0.00,0.00
29244.75,6.30,2132.48,2.00,23.54,80.33,19.97,0.00,0.00,0.00,0.00,0.00,0.00
29244.75,6.30,2133.22,2.00,23.54,80.33,19.97,0.00,0.00,0.00,0.00,0.00,0.00
29244.75,6.30,2133.96,2.00,23.54,80.33,19.97,0.00,0.00,0.00,0.00,0.00,0.00
29244.75,6.30,2134.70,2.00,23.54,80.34,19.97,0.00,0.00,0.00,0.00,0.00,0.00
29244.75,6.30,2135.44,2.00,23.54,80.34,19.97,0.00,0.00,0.00,0.00,0.00,0.00
29244.75,6.30,2136.17,2.00,23.54,80.35,19.97,0.00,0.00,0.00,0.00,0.00,0.00
29244.75,6.30,2136.91,2.00,23.54,80.35,19.97,0.00,0.00,0.00,0.00,0.00,0.00
29244.76,6.30,2137.65,2.00,23.54,80.36,19.97,0.00,0.00,0.00,0.00,0.00,0.00
29244.76,6.30,2138.39,2.00,23.54,80.36,19.97,0.00,0.00,0.00,0.00,0.00,0.00
29244.76,6.30,2139.13,2.00,23.54,80.36,19.97,0.00,0.00,0.00,0.00,0.00,0.00
29244.76,6.30,2139.87,2.00,23.54,80.37,19.97,0.00,0.00,0.00,0.00,0.00,0.00
29244.76,6.30,2140.60,2.00,23.54,80.37,19.97,0.00,0.00,0.00,0.00,0.00,0.00
29244.76,6.30,2141.34,2.00,23.54,80.38,19.97,0.00,0.00,0.00,0.00,0.00,0.00
29244.76,6.30,2142.08,2.00,23.54,80.38,19.97,0.00,0.00,0.00,0.00,0.00,0.00
29244.77,6.30,2142.82,2.00,23.54,80.38,19.97,0.00,0.00,0.00,0.00,0.00,0.00
29244.77,6.30,2143.56,2.00,23.53,80.39,19.97,0.00,0.00,0.00,0.00,0.00,0.00
29244.77,6.30,2144.30,2.00,23.53,80.39,19.97,0.00,0.00,0.00,0.00,0.00,0.00
29244.77,6.30,2145.03,2.00,23.53,80.40,19.97,0.00,0.00,0.00,0.00,0.00,0.00
29244.77,6.30,2145.77,2.00,23.53,80.40,19.97,0.00,0.00,0.00,0.00,0.00,0.00
29244.77,6.31,2146.51,2.00,23.53,80.40,19.97,0.00,0.00,0.00,0.00,0.00,0.00
29244.77,6.31,2147.25,2.00,23.53,80.41,19.97,0.00,0.00,0.00,0.00,0.00,0.00
29244.77,6.31,2147.99,2.00,23.53,80.41,19.97,0.00,0.00,0.00,0.00,0.00,0.00
29244.78,6.31,2148.73,2.00,23.53,80.42,19.97,0.00,0.00,0.00,0.00,0.00,0.00
29244.78,6.31,2149.46,2.00,23.53,80.42,19.97,0.00,0.00,0.00,0.00,0.00,0.00
29244.78,6.31,2150.20,2.00,23.53,80.43,19.97,0.00,0.00,0.00,0.00,0.00,0.00
29244.78,6.31,2150.94,2.00,23.53,80.43,19.97,0.00,0.00,0.00,0.00,0.00,0.00
29244.78,6.31,2151.68,2.00,23.53,80.43,19.97,0.00,0.00,0.00,0.00,0.00,0.00
29244.78,6.31,2152.42,2.00,23.53,80.44,19.97,0.00,0.00,0.00,0.00,0.00,0.00
29244.78,6.31,2153.16,2.00,23.53,80.44,19.97,0.00,0.00,0.00,0.00,0.00,0.00
29244.79,6.31,2153.89,2.00,23.53,80.45,19.97,0.00,0.00,0.00,0.00,0.00,0.00
29244.79,6.31,2154.63,2.00,23.53,80.45,19.97,0.00,0.00,0.00,0.00,0.00,0.00
29244.79,6.31,2155.37,2.00,23.53,80.45,19.97,0.00,0.00,0.00,0.00,0.00,0.00
29244.79,6.31,2156.11,2.00,23.53,80.46,19.97,0.00,0.00,0.00,0.00,0.00,0.00
29244.79,6.31,2156.85,2.00,23.53,80.46,19.97,0.00,0.00,0.00,0.00,0.00,0.00
29244.79,6.31,2157.59,2.00,23.53,80.47,19.97,0.00,0.00,0.00,0.00,0.00,0.00
29244.79,6.31,2158.32,2.00,23.53,80.47,19.97,0.00,0.00,0.00,0.00,0.00,0.00
29244.80,6.31,2159.06,2.00,23.53,80.47,19.97,0.00,0.00,0.00,0.00,0.00,0.00
29244.80,6.31,2159.80,2.00,23.53,80.48,19.97,0.00,0.00,0.00,0.00,0.00,0.00
29244.80,6.31,2160.54,2.00,23.53,80.48,19.97,0.00,0.00,0.00,0.00,0.00,0.00
29244.80,6.32,2161.28,2.00,23.53,80.49,19.97,0.00,0.00,0.00,0.00,0.00,0.00
29244.80,6.32,2162.02,2.00,23.53,80.49,19.97,0.00,0.00,0.00,0.00,0.00,0.00
29244.80,6.32,2162.75,2.00,23.53,80.50,19.97,0.00,0.00,0.00,0.00,0.00,0.00
29244.80,6.32,2163.49,2.00,23.53,80.50,19.97,0.00,0.00,0.00,0.00,0.00,0.00
29244.80,6.32,2164.23,2.00,23.53,80.50,19.97,0.00,0.00,0.00,0.00,0.00,0.00
29244.81,6.32,2164.97,2.00,23.53,80.51,19.97,0.00,0.00,0.00,0.00,0.00,0.00
29244.81,6.32,2165.71,2.00,23.53,80.51,19.97,0.00,0.00,0.00,0.00,0.00,0.00
29244.81,6.32,2166.45,2.00,23.53,80.52,19.97,0.00,0.00,0.00,0.00,0.00,0.00
29244.81,6.32,2167.18,2.00,23.53,80.52,19.96,0.00,0.00,0.00,0.00,0.00,0.00
29244.81,6.32,2167.92,2.00,23.53,80.52,19.96,0.00,0.00,0.00,0.00,0.00,0.00
29244.81,6.32,2168.66,2.00,23.53,80.53,19.96,0.00,0.00,0.00,0.00,0.00,0.00
29244.81,6.32,2169.40,2.00,23.53,80.53,19.96,0.00,0.00,0.00,0.00,0.00,0.00
29244.82,6.32,2170.14,2.00,23.53,80.54,19.96,0.00,0.00,0.00,0.00,0.00,0.00
29244.82,6.32,2170.88,2.00,23.53,80.54,19.96,0.00,0.00,0.00,0.00,0.00,0.00
29244.82,6.32,2171.61,2.00,23.53,80.54,19.96,0.00,0.00,0.00,0.00,0.00,0.00
29244.82,6.32,2172.35,2.00,23.53,80.55,19.96,0.00,0.00,0.00,0.00,0.00,0.00
29244.82,6.32,2173.09,2.00,23.53,80.55,19.96,0.00,0.00,0.00,0.00,0.00,0.00
29244.82,6.32,2173.83,2.00,23.53,80.56,19.96,0.00,0.00,0.00,0.00,0.00,0.00
29244.82,6.32,2174.57,2.00,23.53,80.56,19.96,0.00,0.00,0.00,0.00,0.00,0.00
29244.82,6.32,2175.31,2.00,23.53,80.57,19.96,0.00,0.00,0.00,0.00,0.00,0.00
29244.83,6.33,2176.04,2.00,23.53,80.57,19.96,0.00,0.00,0.00,0.00,0.00,0.00
29244.83,6.33,2176.78,2.00,23.53,80.57,19.96,0.00,0.00,0.00,0.00,0.00,0.00
29244.83,6.33,2177.52,2.00,23.53,80.58,19.96,0.00,0.00,0.00,0.00,0.00,0.00
29244.83,6.33,2178.26,2.00,23.53,80.58,19.96,0.00,0.00,0.00,0.00,0.00,0.00
29244.83,6.33,2179.00,2.00,23.53,80.59,19.96,0.00,0.00,0.00,0.00,0.00,0.00
29244.83,6.33,2179.74,2.00,23.53,80.59,19.96,0.00,0.00,0.00,0.00,0.00,0.00
29244.83,6.33,2180.47,2.00,23.52,80.59,19.96,0.00,0.00,0.00,0.00,0.00,0.00
29244.84,6.33,2181.21,2.00,23.52,80.60,19.96,0.00,0.00,0.00,0.00,0.00,0.00
29244.84,6.33,2181.95,2.00,23.52,80.60,19.96,0.00,0.00,0.00,0.00,0.00,0.00
29244.84,6.33,2182.69,2.00,23.52,80.61,19.96,0.00,0.00,0.00,0.00,0.00,0.00
29244.84,6.33,2183.43,2.00,23.52,80.61,19.96,0.00,0.00,0.00,0.00,0.00,0.00
29244.84,6.33,2184.17,2.00,23.52,80.61,19.96,0.00,0.00,0.00,0.00,0.00,0.00
29244.84,6.33,2184.90,2.00,23.52,80.62,19.96,0.00,0.00,0.00,0.00,0.00,0.00
29244.84,6.33,2185.64,2.00,23.52,80.62,19.96,0.00,0.00,0.00,0.00,0.00,0.00
29244.84,6.33,2186.38,2.00,23.52,80.63,19.96,0.00,0.00,0.00,0.00,0.00,0.00
29244.85,6.33,2187.12,2.00,23.52,80.63,19.96,0.00,0.00,0.00,0.00,0.00,0.00
29244.85,6.33,2187.86,2.00,23.52,80.64,19.96,0.00,0.00,0.00,0.00,0.00,0.00
29244.85,6.33,2188.60,2.00,23.52,80.64,19.96,0.00,0.00,0.00,0.00,0.00,0.00
29244.85,6.33,2189.33,2.00,23.52,80.64,19.96,0.00,0.00,0.00,0.00,0.00,0.00
29244.85,6.33,2190.07,2.00,23.52,80.65,19.96,0.00,0.00,0.00,0.00,0.00,0.00
29244.85,6.34,2190.81,2.00,23.52,80.65,19.96,0.00,0.00,0.00,0.00,0.00,0.00
29244.85,6.34,2191.55,2.00,23.52,80.66,19.96,0.00,0.00,0.00,0.00,0.00,0.00
29244.86,6.34,2192.29,2.00,23.52,80.66,19.96,0.00,0.00,0.00,0.00,0.00,0.00
29244.86,6.34,2193.03,2.00,23.52,80.66,19.96,0.00,0.00,0.00,0.00,0.00,0.00
29244.86,6.34,2193.76,2.00,23.52,80.67,19.96,0.00,0.00,0.00,0.00,0.00,0.00
29244.86,6.34,2194.50,2.00,23.52,80.67,19.96,0.00,0.00,0.00,0.00,0.00,0.00
29244.86,6.34,2195.24,2.00,23.52,80.68,19.96,0.00,0.00,0.00,0.00,0.00,0.00
29244.86,6.34,2195.98,2.00,23.52,80.68,19.96,0.00,0.00,0.00,0.00,0.00,0.00
29244.86,6.34,2196.72,2.00,23.52,80.68,19.96,0.00,0.00,0.00,0.00,0.00,0.00
29244.87,6.34,2197.46,2.00,23.52,80.69,19.96,0.00,0.00,0.00,0.00,0.00,0.00
29244.87,6.34,2198.19,2.00,23.52,80.69,19.96,0.00,0.00,0.00,0.00,0.00,0.00
29244.87,6.34,2198.93,2.00,23.52,80.70,19.96,0.00,0.00,0.00,0.00,0.00,0.00
29244.87,6.34,2199.67,2.00,23.52,80.70,19.96,0.00,0.00,0.00,0.00,0.00,0.00
29244.87,6.34,2200.41,2.00,23.52,80.71,19.96,0.00,0.00,0.00,0.00,0.00,0.00
29244.87,6.34,2201.15,2.00,23.52,80.71,19.96,0.00,0.00,0.00,0.00,0.00,0.00
29244.87,6.34,2201.89,2.00,23.52,80.71,19.96,0.00,0.00,0.00,0.00,0.00,0.00
29244.87,6.34,2202.62,2.00,23.52,80.72,19.96,0.00,0.00,0.00,0.00,0.00,0.00
29244.88,6.34,2203.36,2.00,23.52,80.72,19.96,0.00,0.00,0.00,0.00,0.00,0.00
29244.88,6.34,2204.10,2.00,23.52,80.73,19.96,0.00,0.00,0.00,0.00,0.00,0.00
29244.88,6.34,2204.84,2.00,23.52,80.73,19.96,0.00,0.00,0.00,0.00,0.00,0.00
29244.88,6.35,2205.58,2.00,23.52,80.73,19.96,0.00,0.00,0.00,0.00,0.00,0.00
29244.88,6.35,2206.32,2.00,23.52,80.74,19.96,0.00,0.00,0.00,0.00,0.00,0.00
29244.88,6.35,2207.05,2.00,23.52,80.74,19.96,0.00,0.00,0.00,0.00,0.00,0.00
29244.88,6.35,2207.79,2.00,23.52,80.75,19.96,0.00,0.00,0.00,0.00,0.00,0.00
29244.89,6.35,2208.53,2.00,23.52,80.75,19.96,0.00,0.00,0.00,0.00,0.00,0.00
29244.89,6.35,2209.27,2.00,23.52,80.75,19.96,0.00,0.00,0.00,0.00,0.00,0.00
29244.89,6.35,2210.01,2.00,23.52,80.76,19.96,0.00,0.00,0.00,0.00,0.00,0.00
29244.89,6.35,2210.75,2.00,23.52,80.76,19.96,0.00,0.00,0.00,0.00,0.00,0.00
29244.89,6.35,2211.48,2.00,23.52,80.77,19.96,0.00,0.00,0.00,0.00,0.00,0.00
29244.89,6.35,2212.22,2.00,23.52,80.77,19.96,0.00,0.00,0.00,0.00,0.00,0.00
29244.89,6.35,2212.96,2.00,23.52,80.78,19.96,0.00,0.00,0.00,0.00,0.00,0.00
29244.89,6.35,2213.70,2.00,23.52,80.78,19.96,0.00,0.00,0.00,0.00,0.00,0.00
29244.90,6.35,2214.44,2.00,23.52,80.78,19.96,0.00,0.00,0.00,0.00,0.00,0.00
29244.90,6.35,2215.18,2.00,23.52,80.79,19.96,0.00,0.00,0.00,0.00,0.00,0.00
29244.90,6.35,2215.91,2.00,23.52,80.79,19.96,0.00,0.00,0.00,0.00,0.00,0.00
29244.90,6.35,2216.65,2.00,23.51,80.80,19.96,0.00,0.00,0.00,0.00,0.00,0.00
29244.90,6.35,2217.39,2.00,23.51,80.80,19.96,0.00,0.00,0.00,0.00,0.00,0.00
29244.90,6.35,2218.13,2.00,23.51,80.80,19.96,0.00,0.00,0.00,0.00,0.00,0.00
29244.90,6.35,2218.87,2.00,23.51,80.81,19.96,0.00,0.00,0.00,0.00,0.00,0.00
29244.91,6.35,2219.61,2.00,23.51,80.81,19.96,0.00,0.00,0.00,0.00,0.00,0.00
29244.91,6.36,2220.34,2.00,23.51,80.82,19.96,0.00,0.00,0.00,0.00,0.00,0.00
29244.91,6.36,2221.08,2.00,23.51,80.82,19.96,0.00,0.00,0.00,0.00,0.00,0.00
29244.91,6.36,2221.82,2.00,23.51,80.82,19.96,0.00,0.00,0.00,0.00,0.00,0.00
29244.91,6.36,2222.56,2.00,23.51,80.83,19.96,0.00,0.00,0.00,0.00,0.00,0.00
29244.91,6.36,2223.30,2.00,23.51,80.83,19.96,0.00,0.00,0.00,0.00,0.00,0.00
29244.91,6.36,2224.04,2.00,23.51,80.84,19.96,0.00,0.00,0.00,0.00,0.00,0.00
29244.92,6.36,2224.77,2.00,23.51,80.84,19.96,0.00,0.00,0.00,0.00,0.00,0.00
29244.92,6.36,2225.51,2.00,23.51,80.84,19.96,0.00,0.00,0.00,0.00,0.00,0.00
29244.92,6.36,2226.25,2.00,23.51,80.85,19.96,0.00,0.00,0.00,0.00,0.00,0.00
29244.92,6.36,2226.99,2.00,23.51,80.85,19.96,0.00,0.00,0.00,0.00,0.00,0.00
29244.92,6.36,2227.73,2.00,23.51,80.86,19.96,0.00,0.00,0.00,0.00,0.00,0.00
29244.92,6.36,2228.47,2.00,23.51,80.86,19.96,0.00,0.00,0.00,0.00,0.00,0.00
29244.92,6.36,2229.20,2.00,23.51,80.87,19.96,0.00,0.00,0.00,0.00,0.00,0.00
29244.92,6.36,2229.94,2.00,23.51,80.87,19.96,0.00,0.00,0.00,0.00,0.00,0.00
29244.93,6.36,2230.68,2.00,23.51,80.87,19.96,0.00,0.00,0.00,0.00,0.00,0.00
29244.93,6.36,2231.42,2.00,23.51,80.88,19.96,0.00,0.00,0.00,0.00,0.00,0.00
29244.93,6.36,2232.16,2.00,23.51,80.88,19.96,0.00,0.00,0.00,0.00,0.00,0.00
29244.93,6.36,2232.90,2.00,23.51,80.89,19.96,0.00,0.00,0.00,0.00,0.00,0.00
29244.93,6.36,2233.63,2.00,23.51,80.89,19.96,0.00,0.00,0.00,0.00,0.00,0.00
29244.93,6.36,2234.37,2.00,23.51,80.89,19.96,0.00,0.00,0.00,0.00,0.00,0.00
29244.93,6.37,2235.11,2.00,23.51,80.90,19.96,0.00,0.00,0.00,0.00,0.00,0.00
29244.94,6.37,2235.85,2.00,23.51,80.90,19.96,0.00,0.00,0.00,0.00,0.00,0.00
29244.94,6.37,2236.59,2.00,23.51,80.91,19.95,0.00,0.00,0.00,0.00,0.00,0.00
29244.94,6.37,2237.33,2.00,23.51,80.91,19.95,0.00,0.00,0.00,0.00,0.00,0.00
29244.94,6.37,2238.06,2.00,23.51,80.91,19.95,0.00,0.00,0.00,0.00,0.00,0.00
29244.94,6.37,2238.80,2.00,23.51,80.92,19.95,0.00,0.00,0.00,0.00,0.00,0.00
29244.94,6.37,2239.54,2.00,23.51,80.92,19.95,0.00,0.00,0.00,0.00,0.00,0.00
29244.94,6.37,2240.28,2.00,23.51,80.93,19.95,0.00,0.00,0.00,0.00,0.00,0.00
29244.94,6.37,2241.02,2.00,23.51,80.93,19.95,0.00,0.00,0.00,0.00,0.00,0.00
29244.95,6.37,2241.76,2.00,23.51,80.94,19.95,0.00,0.00,0.00,0.00,0.00,0.00
29244.95,6.37,2242.49,2.00,23.51,80.94,19.95,0.00,0.00,0.00,0.00,0.00,0.00
29244.95,6.37,2243.23,2.00,23.51,80.94,19.95,0.00,0.00,0.00,0.00,0.00,0.00
29244.95,6.37,2243.97,2.00,23.51,80.95,19.95,0.00,0.00,0.00,0.00,0.00,0.00
29244.95,6.37,2244.71,2.00,23.51,80.95,19.95,0.00,0.00,0.00,0.00,0.00,0.00
29244.95,6.37,2245.45,2.00,23.51,80.96,19.95,0.00,0.00,0.00,0.00,0.00,0.00
29244.95,6.37,2246.19,2.00,23.51,80.96,19.95,0.00,0.00,0.00,0.00,0.00,0.00
29244.96,6.37,2246.92,2.00,23.51,80.96,19.95,0.00,0.00,0.00,0.00,0.00,0.00
29244.96,6.37,2247.66,2.00,23.51,80.97,19.95,0.00,0.00,0.00,0.00,0.00,0.00
29244.96,6.37,2248.40,2.00,23.51,80.97,19.95,0.00,0.00,0.00,0.00,0.00,0.00
29244.96,6.37,2249.14,2.00,23.51,80.98,19.95,0.00,0.00,0.00,0.00,0.00,0.00
29244.96,6.38,2249.88,2.00,23.51,80.98,19.95,0.00,0.00,0.00,0.00,0.00,0.00
29244.96,6.38,2250.62,2.00,23.51,80.98,19.95,0.00,0.00,0.00,0.00,0.00,0.00
29244.96,6.38,2251.35,2.00,23.51,80.99,19.95,0.00,0.00,0.00,0.00,0.00,0.00
29244.96,6.38,2252.09,2.00,23.51,80.99,19.95,0.00,0.00,0.00,0.00,0.00,0.00
29244.97,6.38,2252.83,2.00,23.51,81.00,19.95,0.00,0.00,0.00,0.00,0.00,0.00
29244.97,6.38,2253.57,2.00,23.50,81.00,19.95,0.00,0.00,0.00,0.00,0.00,0.00
29244.97,6.38,2254.31,2.00,23.50,81.01,19.95,0.00,0.00,0.00,0.00,0.00,0.00
29244.97,6.38,2255.05,2.00,23.50,81.01,19.95,0.00,0.00,0.00,0.00,0.00,0.00
29244.97,6.38,2255.78,2.00,23.50,81.01,19.95,0.00,0.00,0.00,0.00,0.00,0.00
29244.97,6.38,2256.52,2.00,23.50,81.02,19.95,0.00,0.00,0.00,0.00,0.00,0.00
29244.97,6.38,2257.26,2.00,23.50,81.02,19.95,0.00,0.00,0.00,0.00,0.00,0.00
29244.98,6.38,2258.00,2.00,23.50,81.03,19.95,0.00,0.00,0.00,0.00,0.00,0.00
29244.98,6.38,2258.74,2.00,23.50,81.03,19.95,0.00,0.00,0.00,0.00,0.00,0.00
29244.98,6.38,2259.48,2.00,23.50,81.03,19.95,0.00,0.00,0.00,0.00,0.00,0.00
29244.98,6.38,2260.21,2.00,23.50,81.04,19.95,0.00,0.00,0.00,0.00,0.00,0.00
29244.98,6.38,2260.95,2.00,23.50,81.04,19.95,0.00,0.00,0.00,0.00,0.00,0.00
29244.98,6.38,2261.69,2.00,23.50,81.05,19.95,0.00,0.00,0.00,0.00,0.00,0.00
29244.98,6.38,2262.43,2.00,23.50,81.05,19.95,0.00,0.00,0.00,0.00,0.00,0.00
29244.99,6.38,2263.17,2.00,23.50,81.05,19.95,0.00,0.00,0.00,0.00,0.00,0.00
29244.99,6.38,2263.91,2.00,23.50,81.06,19.95,0.00,0.00,0.00,0.00,0.00,0.00
29244.99,6.39,2264.64,2.00,23.50,81.06,19.95,0.00,0.00,0.00,0.00,0.00,0.00
29244.99,6.39,2265.38,2.00,23.50,81.07,19.95,0.00,0.00,0.00,0.00,0.00,0.00
29244.99,6.39,2266.12,2.00,23.50,81.07,19.95,0.00,0.00,0.00,0.00,0.00,0.00
29244.99,6.39,2266.86,2.00,23.50,81.08,19.95,0.00,0.00,0.00,0.00,0.00,0.00
29244.99,6.39,2267.60,2.00,23.50,81.08,19.95,0.00,0.00,0.00,0.00,0.00,0.00
29244.99,6.39,2268.34,2.00,23.50,81.08,19.95,0.00,0.00,0.00,0.00,0.00,0.00
29245.00,6.39,2269.07,2.00,23.50,81.09,19.95,0.00,0.00,0.00,0.00,0.00,0.00
29245.00,6.39,2269.81,2.00,23.50,81.09,19.95,0.00,0.00,0.00,0.00,0.00,0.00
29245.00,6.39,2270.55,2.00,23.50,81.10,19.95,0.00,0.00,0.00,0.00,0.00,0.00
29245.00,6.39,2271.29,2.00,23.50,81.10,19.95,0.00,0.00,0.00,0.00,0.00,0.00
29247.00,6.37,1469.75,2.00,23.67,80.72,22.81,0.00,0.00,0.00,0.00,0.00,0.67
29251.50,6.34,1329.49,2.00,23.77,80.20,23.04,0.00,0.00,0.00,0.00,0.00,0.00
29257.00,6.31,1353.17,2.00,23.85,79.90,22.09,0.00,0.00,0.00,0.00,0.00,0.20
29262.50,6.30,1377.42,2.00,23.90,79.73,21.30,0.00,0.00,0.00,0.00,0.00,0.17
29269.00,6.27,1390.77,2.00,24.00,79.76,21.51,0.00,0.00,0.00,0.00,0.00,0.00
29275.00,6.25,1404.21,2.00,24.06,78.82,21.21,0.00,0.00,0.00,0.00,0.00,0.00
29280.50,6.24,1416.44,2.00,24.10,78.17,21.79,0.00,0.00,0.00,0.00,0.00,0.00
29286.50,6.22,1425.47,2.00,24.15,78.07,21.77,0.00,0.00,0.00,0.00,0.00,0.00
29292.50,6.20,1433.08,2.00,24.20,78.02,20.85,0.00,0.00,0.00,0.00,0.00,0.00
29298.50,6.18,1439.65,2.00,24.25,77.93,21.36,0.00,0.00,0.00,0.00,0.00,0.00
29304.00,6.17,1444.56,2.00,24.28,77.86,19.86,0.00,0.00,0.00,0.00,0.00,0.00
29310.00,6.16,1449.23,2.00,24.30,77.74,22.03,0.00,0.00,0.00,0.00,0.00,0.00
29316.50,6.14,1453.44,2.00,24.37,77.68,20.60,0.00,0.00,0.00,0.00,0.00,0.00
29322.50,6.13,1456.91,2.00,24.40,77.41,23.63,0.00,0.00,0.00,0.00,0.00,0.17
29328.50,6.12,1459.70,2.00,24.40,77.57,22.08,0.00,0.00,0.00,0.00,0.00,0.00
29334.50,6.11,1462.19,2.00,24.44,77.48,22.69,0.00,0.00,0.00,0.00,0.00,0.17
29340.50,6.10,1463.99,2.00,24.50,77.57,21.04,0.00,0.00,0.00,0.00,0.00,0.00
29346.50,6.09,1465.77,2.00,24.50,77.33,22.86,0.00,0.00,0.00,0.00,0.00,0.00
29352.50,6.08,1467.31,2.00,24.60,77.30,21.40,0.00,0.00,0.00,0.00,0.00,0.00
29358.50,6.07,1468.35,2.00,24.60,77.27,20.76,0.00,0.00,0.00,0.00,0.00,0.00
29364.50,6.06,1469.28,2.00,24.67,77.12,21.25,0.00,0.00,0.00,0.00,0.00,0.00
29370.00,6.05,1469.88,2.00,24.70,76.98,21.36,0.00,0.00,0.00,0.00,0.00,0.00
29376.00,6.03,1470.74,2.00,24.70,76.94,23.20,0.00,0.00,0.00,0.00,0.00,0.14
29382.50,6.03,1471.27,2.00,24.70,76.90,20.72,0.00,0.00,0.00,0.00,0.00,0.00
29388.50,6.02,1471.69,2.00,24.70,76.79,20.55,0.00,0.00,0.00,0.00,0.00,0.17
29394.50,6.01,1471.73,2.00,24.70,76.78,23.34,0.00,0.00,0.00,0.00,0.00,0.00
29400.50,6.00,1471.81,2.00,24.70,76.83,21.55,0.00,0.00,0.00,0.00,0.00,0.00
29406.50,5.99,1471.79,2.00,24.70,76.95,21.08,0.00,0.00,0.00,0.00,0.00,0.17
29412.50,5.99,1471.63,2.00,24.70,76.85,20.78,0.00,0.00,0.00,0.00,0.00,0.00
29418.50,5.98,1471.67,2.00,24.68,76.97,22.50,0.00,0.00,0.00,0.00,0.00,0.00
29424.50,5.98,1471.56,2.00,24.67,77.02,21.58,0.00,0.00,0.00,0.00,0.00,0.00
29430.50,5.97,1471.28,2.00,24.65,76.85,21.62,0.00,0.00,0.00,0.00,0.00,0.00
29436.50,5.97,1470.94,2.00,24.63,77.00,21.78,0.00,0.00,0.00,0.00,0.00,0.00
29442.50,5.96,1470.41,2.00,24.66,76.83,21.64,0.00,0.00,0.00,0.00,0.00,0.17
29448.00,5.96,1470.13,2.00,24.64,76.96,20.57,0.00,0.00,0.00,0.00,0.00,0.00
29454.00,5.96,1469.65,2.00,24.70,76.84,21.57,0.00,0.00,0.00,0.00,0.00,0.00
29460.50,5.95,1469.23,2.00,24.70,76.80,20.67,0.00,0.00,0.00,0.00,0.00,0.00
29466.50,5.95,1468.66,2.00,24.70,76.73,21.94,0.00,0.00,0.00,0.00,0.00,0.00
29472.50,5.95,1468.07,2.00,24.70,76.73,21.83,0.00,0.00,0.00,0.00,0.00,0.00
29478.50,5.95,1467.72,2.00,24.70,76.58,21.92,0.00,0.00,0.00,0.00,0.00,0.00
29484.50,5.94,1467.31,2.00,24.70,76.60,20.86,0.00,0.00,0.00,0.00,0.00,0.00
29490.50,5.94,1466.69,2.00,24.73,76.55,22.51,0.00,0.00,0.00,0.00,0.00,0.00
29496.50,5.94,1466.28,2.00,24.76,76.58,21.73,0.00,0.00,0.00,0.00,0.00,0.17
29502.50,5.93,1465.85,2.00,24.80,76.64,20.72,0.00,0.00,0.00,0.00,0.00,0.33
29508.50,5.93,1465.30,2.00,24.78,76.68,20.33,0.00,0.00,0.00,0.00,0.00,0.00
29514.00,5.94,1464.86,2.00,24.77,76.62,21.45,0.00,0.00,0.00,0.00,0.00,0.20
29519.50,5.94,1464.59,2.00,24.78,76.60,22.71,0.00,0.00,0.00,0.00,0.00,0.00
29525.00,5.93,1463.94,2.00,24.78,76.54,21.61,0.00,0.00,0.00,0.00,0.00,0.00
29531.00,5.93,1463.55,2.00,24.73,76.54,20.28,0.00,0.00,0.00,0.00,0.00,0.00
29537.50,5.92,1462.98,2.00,24.78,76.53,22.19,0.00,0.00,0.00,0.00,0.00,0.00
29543.00,5.91,1462.34,2.00,24.74,76.56,20.27,0.00,0.00,0.00,0.00,0.00,0.20
29548.00,5.91,1461.72,2.00,24.76,76.58,20.96,0.00,0.00,0.00,0.00,0.00,0.00
29553.50,5.91,1461.41,2.00,24.80,76.52,21.61,0.00,0.00,0.00,0.00,0.00,0.00
29559.50,5.90,1460.72,2.00,24.80,76.48,22.17,0.00,0.00,0.00,0.00,0.00,0.00
29565.50,5.90,1460.25,2.00,24.80,76.55,21.73,0.00,0.00,0.00,0.00,0.00,0.00
29571.50,5.90,1459.47,2.00,24.80,76.47,22.46,0.00,0.00,0.00,0.00,0.00,0.00
29577.50,5.89,1458.70,2.00,24.80,76.35,20.56,0.00,0.00,0.00,0.00,0.00,0.00
29583.00,5.89,1458.07,2.00,24.80,76.32,21.08,0.00,0.00,0.00,0.00,0.00,0.00
29589.00,5.89,1457.33,2.00,24.81,76.23,19.38,0.00,0.00,0.00,0.00,0.00,0.00
29595.50,5.89,1456.48,2.00,24.80,76.28,21.43,0.00,0.00,0.00,0.00,0.00,0.00
29601.00,5.88,1455.95,2.00,24.80,76.20,21.22,0.00,0.00,0.00,0.00,0.00,0.00
29607.00,5.88,1455.11,2.00,24.81,76.10,21.35,0.00,0.00,0.00,0.00,0.00,0.00
29613.50,5.88,1454.19,2.00,24.82,76.20,21.76,0.00,0.00,0.00,0.00,0.00,0.00
29619.50,5.88,1453.30,2.00,24.87,76.17,21.38,0.00,0.00,0.00,0.00,0.00,0.00
29625.50,5.88,1452.26,2.00,24.88,76.20,20.73,0.00,0.00,0.00,0.00,0.00,0.00
29631.50,5.87,1451.74,2.00,24.90,76.25,21.82,0.00,0.00,0.00,0.00,0.00,0.00
29637.50,5.87,1450.74,2.00,24.90,76.12,20.48,0.00,0.00,0.00,0.00,0.00,0.00
29643.50,5.87,1450.01,2.00,24.98,76.17,21.41,0.00,0.00,0.00,0.00,0.00,0.00
29649.50,5.87,1449.14,2.00,25.03,75.92,20.52,0.00,0.00,0.00,0.00,0.00,0.17
29655.50,5.86,1448.06,2.00,25.10,75.73,21.29,0.00,0.00,0.00,0.00,0.00,0.00
29661.50,5.87,1447.19,2.00,25.17,75.55,21.02,0.00,0.00,0.00,0.00,0.00,0.00
29667.50,5.86,1446.35,2.00,25.20,75.28,21.94,0.00,0.00,0.00,0.00,0.00,0.00
29673.50,5.86,1445.31,2.00,25.25,74.98,21.56,0.00,0.00,0.00,0.00,0.00,0.17
29679.50,5.86,1444.51,2.00,25.30,74.93,21.33,0.00,0.00,0.00,0.00,0.00,0.00
29685.00,5.86,1443.42,2.00,25.30,74.76,21.18,0.00,0.00,0.00,0.00,0.00,0.00
29691.00,5.86,1442.33,2.00,25.30,74.51,21.44,0.00,0.00,0.00,0.00,0.00,0.14
29697.50,5.86,1441.36,2.00,25.30,74.70,20.58,0.00,0.00,0.00,0.00,0.00,0.00
29703.50,5.86,1440.26,2.00,25.22,74.87,20.80,0.00,0.00,0.00,0.00,0.00,0.00
29709.50,5.86,1439.20,2.00,25.20,74.82,21.46,0.00,0.00,0.00,0.00,0.00,0.00
29715.00,5.85,1438.39,2.00,25.20,75.02,21.73,0.00,0.00,0.00,0.00,0.00,0.00
29721.00,5.86,1437.57,2.00,25.20,75.17,20.07,0.00,0.00,0.00,0.00,0.00,0.00
29727.50,5.86,1436.66,2.00,25.20,75.20,22.04,0.00,0.00,0.00,0.00,0.00,0.00
29733.00,5.86,1435.69,2.00,25.16,75.28,20.44,0.00,0.00,0.00,0.00,0.00,0.00
29739.00,5.86,1434.83,2.00,25.14,75.29,21.47,0.00,0.00,0.00,0.00,0.00,0.00
29745.50,5.86,1433.89,2.00,25.15,75.28,21.00,0.00,0.00,0.00,0.00,0.00,0.00
29751.50,5.87,1432.94,2.00,25.17,75.12,21.48,0.00,0.00,0.00,0.00,0.00,0.00
29757.50,5.88,1432.32,2.00,25.12,75.12,20.78,0.00,0.00,0.00,0.00,0.00,0.00
29763.50,5.88,1431.61,2.00,25.10,75.33,20.14,0.00,0.00,0.00,0.00,0.00,0.00
29769.50,5.89,1430.73,2.00,25.13,75.53,20.78,0.00,0.00,0.00,0.00,0.00,0.00
29775.00,5.90,1430.19,2.00,25.14,75.20,23.03,0.00,0.00,0.00,0.00,0.00,0.00
29781.00,5.90,1429.40,2.00,25.16,75.07,22.28,0.00,0.00,0.00,0.00,0.00,0.00
29787.50,5.92,1428.76,2.00,25.20,75.08,20.52,0.00,0.00,0.00,0.00,0.00,0.00
29793.50,5.93,1428.08,2.00,25.17,74.57,20.90,0.00,0.00,0.00,0.00,0.00,0.00
29799.00,5.94,1427.58,2.00,25.16,74.34,22.21,0.00,0.00,0.00,0.00,0.00,0.00
29805.00,5.94,1427.16,2.00,25.20,74.44,22.14,0.00,0.00,0.00,0.00,0.00,0.00
29811.50,5.94,1426.94,2.00,25.18,74.18,21.46,0.00,0.00,0.00,0.00,0.00,0.00
29817.50,5.94,1426.78,2.00,25.20,74.05,20.88,0.00,0.00,0.00,0.00,0.00,0.00
29823.50,5.96,1426.61,2.00,25.20,74.10,20.29,0.00,0.00,0.00,0.00,0.00,0.00
29829.50,5.97,1426.27,2.00,25.20,74.30,21.28,0.00,0.00,0.00,0.00,0.00,0.00
29835.50,5.97,1426.37,2.00,25.20,74.33,20.91,0.00,0.00,0.00,0.00,0.00,0.00
29841.50,5.97,1426.30,2.00,25.25,73.93,20.04,0.00,0.00,0.00,0.00,0.00,0.00
29847.50,5.97,1426.25,2.00,25.27,73.90,22.79,0.00,0.00,0.00,0.00,0.00,0.00
29853.50,5.97,1426.23,2.00,25.28,73.68,21.58,0.00,0.00,0.00,0.00,0.00,0.00
29859.50,5.98,1426.09,2.00,25.30,73.42,22.82,0.00,0.00,0.00,0.00,0.00,0.00
29865.50,5.97,1425.81,2.00,25.30,73.25,21.79,0.00,0.00,0.00,0.00,0.00,0.00
29871.50,5.98,1425.40,2.00,25.30,73.23,19.99,0.00,0.00,0.00,0.00,0.00,0.00
29877.00,5.97,1425.21,2.00,25.30,73.12,20.63,0.00,0.00,0.00,0.00,0.00,0.00
29883.00,5.97,1425.22,2.00,25.30,73.00,21.89,0.00,0.00,0.00,0.00,0.00,0.00
29889.50,5.96,1425.33,2.00,25.30,73.18,21.29,0.00,0.00,0.00,0.00,0.00,0.00
29895.50,5.96,1424.92,2.00,25.30,73.02,22.22,0.00,0.00,0.00,0.00,0.00,0.00
29901.50,5.97,1424.55,2.00,25.30,73.05,21.11,0.00,0.00,0.00,0.00,0.00,0.00
29907.50,5.96,1424.41,2.00,25.30,72.88,21.20,0.00,0.00,0.00,0.00,0.00,0.00
29913.00,5.96,1424.19,2.00,25.30,72.70,20.98,0.00,0.00,0.00,0.00,0.00,0.00
29919.00,5.96,1424.27,2.00,25.30,72.67,21.41,0.00,0.00,0.00,0.00,0.00,0.00
29925.50,5.96,1424.05,2.00,25.36,72.60,23.38,0.00,0.00,0.00,0.00,0.00,0.17
29931.00,5.96,1423.91,2.00,25.40,72.24,21.21,0.00,0.00,0.00,0.00,0.00,0.20
29937.00,5.95,1423.78,2.00,25.40,72.11,21.84,0.00,0.00,0.00,0.00,0.00,0.00
29943.50,5.95,1423.72,2.00,25.40,72.18,22.26,0.00,0.00,0.00,0.00,0.00,0.00
29949.00,5.94,1423.45,2.00,25.40,71.86,20.31,0.00,0.00,0.00,0.00,0.00,0.00
29955.00,5.94,1423.16,2.00,25.40,71.66,21.04,0.00,0.00,0.00,0.00,0.00,0.00
29961.00,5.93,1423.16,2.00,25.40,72.00,22.65,0.00,0.00,0.00,0.00,0.00,0.00
29967.00,5.94,1422.78,2.00,25.40,71.59,21.78,0.00,0.00,0.00,0.00,0.00,0.00
29973.50,5.93,1422.49,2.00,25.40,71.47,20.74,0.00,0.00,0.00,0.00,0.00,0.00
29979.50,5.94,1422.12,2.00,25.40,71.40,22.17,0.00,0.00,0.00,0.00,0.00,0.00
29985.50,5.93,1422.25,2.00,25.40,71.35,21.98,0.00,0.00,0.00,0.00,0.00,0.00
29991.00,5.92,1421.87,2.00,25.38,71.26,21.75,0.00,0.00,0.00,0.00,0.00,0.00
29997.00,5.93,1421.67,2.00,25.36,71.16,21.65,0.00,0.00,0.00,0.00,0.00,0.00
30003.50,5.92,1421.39,2.00,25.30,71.00,21.48,0.00,0.00,0.00,0.00,0.00,0.00
30009.50,5.92,1420.88,2.00,25.30,71.12,20.92,0.00,0.00,0.00,0.00,0.00,0.00
30015.50,5.92,1420.61,2.00,25.30,71.30,21.62,0.00,0.00,0.00,0.00,0.00,0.17
30021.50,5.92,1420.16,2.00,25.30,71.32,21.99,0.00,0.00,0.00,0.00,0.00,0.00
30027.50,5.92,1419.67,2.00,25.32,71.20,23.26,0.00,0.00,0.00,0.00,0.00,0.00
30033.50,5.92,1419.35,2.00,25.35,71.27,21.19,0.00,0.00,0.00,0.00,0.00,0.00
30039.50,5.92,1418.95,2.00,25.40,71.15,21.66,0.00,0.00,0.00,0.00,0.00,0.00
30045.50,5.92,1418.69,2.00,25.40,71.15,21.80,0.00,0.00,0.00,0.00,0.00,0.00
30051.50,5.92,1418.14,2.00,25.40,71.05,21.23,0.00,0.00,0.00,0.00,0.00,0.00
30057.50,5.92,1417.77,2.00,25.40,70.93,20.07,0.00,0.00,0.00,0.00,0.00,0.17
30063.50,5.91,1417.39,2.00,25.40,70.98,20.57,0.00,0.00,0.00,0.00,0.00,0.17
30069.00,5.91,1417.28,2.00,25.40,70.94,22.11,0.00,0.00,0.00,0.00,0.00,0.00
30075.00,5.91,1417.11,2.00,25.41,70.84,21.25,0.00,0.00,0.00,0.00,0.00,0.14
30081.50,5.91,1416.91,2.00,25.42,70.91,21.61,0.00,0.00,0.00,0.00,0.00,0.17
30087.50,5.90,1416.86,2.00,25.42,70.47,21.02,0.00,0.00,0.00,0.00,0.00,0.00
30093.50,5.90,1416.42,2.00,25.48,70.72,20.52,0.00,0.00,0.00,0.00,0.00,0.00
30099.50,5.91,1415.95,2.00,25.43,70.77,21.88,0.00,0.00,0.00,0.00,0.00,0.00
30105.50,5.91,1415.78,2.00,25.42,70.68,20.51,0.00,0.00,0.00,0.00,0.00,0.00
30111.00,5.90,1415.75,2.00,25.40,70.86,21.05,0.00,0.00,0.00,0.00,0.00,0.00
30117.00,5.89,1415.52,2.00,25.40,70.64,21.14,0.00,0.00,0.00,0.00,0.00,0.00
30123.50,5.89,1415.47,2.00,25.40,70.84,20.59,0.00,0.00,0.00,0.00,0.00,0.17
30129.50,5.89,1415.23,2.00,25.40,71.37,22.29,0.00,0.00,0.00,0.00,0.00,0.00
30135.00,5.90,1414.82,2.00,25.40,71.18,22.86,0.00,0.00,0.00,0.00,0.00,0.00
30141.00,5.91,1414.50,2.00,25.43,71.24,21.16,0.00,0.00,0.00,0.00,0.00,0.14
30147.50,5.91,1414.11,2.00,25.50,71.52,20.80,0.00,0.00,0.00,0.00,0.00,0.00
30153.50,5.90,1413.95,2.00,25.50,71.21,21.61,0.00,0.00,0.00,0.00,0.00,0.17
30159.50,5.91,1413.91,2.00,25.50,71.51,22.23,0.00,0.00,0.00,0.00,0.00,0.17
30165.00,5.92,1413.61,2.00,25.50,71.46,21.37,0.00,0.00,0.00,0.00,0.00,0.00
30170.50,5.93,1413.00,2.00,25.50,71.13,21.06,0.00,0.00,0.00,0.00,0.00,0.00
30176.50,5.95,1412.17,2.00,25.50,71.02,21.52,0.00,0.00,0.00,0.00,0.00,0.00
30182.50,5.97,1410.92,2.00,25.57,71.12,22.70,0.00,0.00,0.00,0.00,0.00,0.00
30188.50,6.00,1409.29,2.00,25.60,70.63,22.07,0.00,0.00,0.00,0.00,0.00,0.17
30194.50,6.00,1408.10,2.00,25.59,69.91,22.30,0.00,0.00,0.00,0.00,0.00,0.17
30200.50,6.01,1407.17,2.00,25.57,69.92,21.76,0.00,0.00,0.00,0.00,0.00,0.00
30206.50,6.03,1406.01,2.00,25.57,69.87,22.10,0.00,0.00,0.00,0.00,0.00,0.00
30212.50,6.03,1404.92,2.00,25.53,69.58,20.62,0.00,0.00,0.00,0.00,0.00,0.00
30218.50,6.02,1404.40,2.00,25.52,69.67,20.26,0.00,0.00,0.00,0.00,0.00,0.00
30224.50,5.99,1404.35,2.00,25.50,70.07,22.53,0.00,0.00,0.00,0.00,0.00,0.00
30230.50,5.96,1404.80,2.00,25.50,70.17,21.25,0.00,0.00,0.00,0.00,0.00,0.17
30236.50,5.95,1405.08,2.00,25.50,70.15,21.13,0.00,0.00,0.00,0.00,0.00,0.00
30242.50,5.94,1405.11,2.00,25.50,70.20,20.06,0.00,0.00,0.00,0.00,0.00,0.00
30248.50,5.93,1405.25,2.00,25.50,70.82,22.25,0.00,0.00,0.00,0.00,0.00,0.00
30254.50,5.93,1404.94,2.00,25.50,70.90,22.59,0.00,0.00,0.00,0.00,0.00,0.00
30260.50,5.92,1404.98,2.00,25.50,70.85,21.91,0.00,0.00,0.00,0.00,0.00,0.00
30265.00,5.90,1405.51,2.00,25.47,71.30,22.66,0.00,0.00,0.00,0.00,0.00,0.00
30270.00,5.88,1406.01,2.00,25.43,71.33,20.13,0.00,0.00,0.00,0.00,0.00,0.00
30276.00,5.87,1406.20,2.00,25.40,71.16,21.07,0.00,0.00,0.00,0.00,0.00,0.00
30282.00,5.88,1405.99,2.00,25.40,71.00,20.68,0.00,0.00,0.00,0.00,0.00,0.14
30288.50,5.87,1405.96,2.00,25.40,71.02,22.80,0.00,0.00,0.00,0.00,0.00,0.00
30294.00,5.86,1406.20,2.00,25.38,70.82,22.81,0.00,0.00,0.00,0.00,0.00,0.00
30299.50,5.85,1406.62,2.00,25.38,71.00,20.50,0.00,0.00,0.00,0.00,0.00,0.00
30306.00,5.83,1406.93,2.00,25.34,71.09,21.36,0.00,0.00,0.00,0.00,0.00,0.00
30312.50,5.82,1407.22,2.00,25.32,71.38,21.64,0.00,0.00,0.00,0.00,0.00,0.17
30318.50,5.82,1407.43,2.00,25.30,71.88,21.41,0.00,0.00,0.00,0.00,0.00,0.00
30324.00,5.81,1407.55,2.00,25.30,72.17,22.88,0.00,0.00,0.00,0.00,0.00,0.20
30329.50,5.80,1407.76,2.00,25.30,71.90,21.22,0.00,0.00,0.00,0.00,0.00,0.17
30335.50,5.80,1407.85,2.00,25.30,71.72,21.93,0.00,0.00,0.00,0.00,0.00,0.00
30341.50,5.79,1407.85,2.00,25.30,71.92,22.68,0.00,0.00,0.00,0.00,0.00,0.00
30347.50,5.79,1407.86,2.00,25.28,72.08,23.00,0.00,0.00,0.00,0.00,0.00,0.00
30353.50,5.79,1407.67,2.00,25.23,72.58,21.60,0.00,0.00,0.00,0.00,0.00,0.00
30359.50,5.78,1407.84,2.00,25.20,72.49,23.12,0.00,0.00,0.00,0.00,0.00,0.17
30365.50,5.78,1407.79,2.00,25.20,72.30,22.74,0.00,0.00,0.00,0.00,0.00,0.00
30371.50,5.79,1407.38,2.00,25.20,72.22,20.48,0.00,0.00,0.00,0.00,0.00,0.00
30377.50,5.79,1407.10,2.00,25.20,72.25,22.16,0.00,0.00,0.00,0.00,0.00,0.00
30383.50,5.78,1407.02,2.00,25.20,72.07,22.34,0.00,0.00,0.00,0.00,0.00,0.00
30389.50,5.77,1407.12,2.00,25.20,71.88,22.33,0.00,0.00,0.00,0.00,0.00,0.00
30395.50,5.78,1406.70,2.00,25.20,71.43,19.72,0.00,0.00,0.00,0.00,0.00,0.00
30401.50,5.78,1406.06,2.00,25.20,71.65,21.78,0.00,0.00,0.00,0.00,0.00,0.00
30407.50,5.78,1405.96,2.00,25.20,71.77,21.11,0.00,0.00,0.00,0.00,0.00,0.00
30413.50,5.79,1405.53,2.00,25.20,72.18,21.42,0.00,0.00,0.00,0.00,0.00,0.00
30419.50,5.80,1404.68,2.00,25.20,72.32,21.69,0.00,0.00,0.00,0.00,0.00,0.00
30425.50,5.79,1404.25,2.00,25.20,72.30,21.11,0.00,0.00,0.00,0.00,0.00,0.00
30431.50,5.80,1403.62,2.00,25.20,72.37,20.65,0.00,0.00,0.00,0.00,0.00,0.00
30437.50,5.81,1402.95,2.00,25.20,72.17,20.81,0.00,0.00,0.00,0.00,0.00,0.00
30443.50,5.81,1402.53,2.00,25.20,71.88,22.14,0.00,0.00,0.00,0.00,0.00,0.17
30449.50,5.81,1402.36,2.00,25.20,71.97,20.91,0.00,0.00,0.00,0.00,0.00,0.00
30455.50,5.82,1401.95,2.00,25.20,72.10,22.66,0.00,0.00,0.00,0.00,0.00,0.00
30461.50,5.81,1401.55,2.00,25.20,72.02,21.74,0.00,0.00,0.00,0.00,0.00,0.00
30467.50,5.81,1401.15,2.00,25.20,71.60,22.69,0.00,0.00,0.00,0.00,0.00,0.00
30473.50,5.82,1400.99,2.00,25.20,71.87,20.61,0.00,0.00,0.00,0.00,0.00,0.00
30479.50,5.82,1400.70,2.00,25.20,71.87,22.12,0.00,0.00,0.00,0.00,0.00,0.00
30485.50,5.82,1400.30,2.00,25.20,72.00,22.85,0.00,0.00,0.00,0.00,0.00,0.00
30491.50,5.82,1400.22,2.00,25.20,71.85,20.74,0.00,0.00,0.00,0.00,0.00,0.00
30497.50,5.82,1399.94,2.00,25.20,71.87,21.35,0.00,0.00,0.00,0.00,0.00,0.00
30503.50,5.81,1399.84,2.00,25.20,71.82,21.97,0.00,0.00,0.00,0.00,0.00,0.00
30509.50,5.81,1399.68,2.00,25.20,71.73,21.94,0.00,0.00,0.00,0.00,0.00,0.00
30515.50,5.81,1399.32,2.00,25.20,71.53,21.43,0.00,0.00,0.00,0.00,0.00,0.00
30521.00,5.82,1399.33,2.00,25.20,71.74,20.44,0.00,0.00,0.00,0.00,0.00,0.00
30527.00,5.81,1399.08,2.00,25.20,71.79,22.24,0.00,0.00,0.00,0.00,0.00,0.00
30533.50,5.81,1398.94,2.00,25.20,71.53,21.00,0.00,0.00,0.00,0.00,0.00,0.00
30539.50,5.82,1398.80,2.00,25.20,70.47,20.92,0.00,0.00,0.00,0.00,0.00,0.17
30545.50,5.82,1398.73,2.00,25.20,70.32,22.75,0.00,0.00,0.00,0.00,0.00,0.00
30551.50,5.81,1398.75,2.00,25.23,70.38,20.23,0.00,0.00,0.00,0.00,0.00,0.00
30557.50,5.82,1398.63,2.00,25.30,70.25,21.93,0.00,0.00,0.00,0.00,0.00,0.00
30563.50,5.82,1398.68,2.00,25.30,70.13,22.58,0.00,0.00,0.00,0.00,0.00,0.17
30569.50,5.82,1398.51,2.00,25.30,70.10,22.10,0.00,0.00,0.00,0.00,0.00,0.00
30575.50,5.82,1398.72,2.00,25.30,70.07,20.64,0.00,0.00,0.00,0.00,0.00,0.00
30581.50,5.82,1398.49,2.00,25.30,69.88,21.08,0.00,0.00,0.00,0.00,0.00,0.00
30587.50,5.83,1398.36,2.00,25.32,70.15,21.17,0.00,0.00,0.00,0.00,0.00,0.00
30593.50,5.83,1398.25,2.00,25.30,69.93,21.83,0.00,0.00,0.00,0.00,0.00,0.00
30599.50,5.84,1398.04,2.00,25.32,69.90,20.59,0.00,0.00,0.00,0.00,0.00,0.00
30605.50,5.84,1398.77,2.00,25.30,69.90,21.19,0.00,0.00,0.00,0.00,0.00,0.00
30611.50,5.85,1398.71,2.00,25.30,69.08,21.30,0.00,0.00,0.00,0.00,0.00,0.00
30617.50,5.85,1398.42,2.00,25.30,68.82,21.09,0.00,0.00,0.00,0.00,0.00,0.00
30623.50,5.86,1398.11,2.00,25.33,68.88,21.60,0.00,0.00,0.00,0.00,0.00,0.00
30629.50,5.85,1397.57,2.00,25.33,68.62,20.29,0.00,0.00,0.00,0.00,0.00,0.00
30635.50,5.85,1397.24,2.00,25.33,68.83,20.64,0.00,0.00,0.00,0.00,0.00,0.00
30641.50,5.85,1396.70,2.00,25.33,69.03,20.36,0.00,0.00,0.00,0.00,0.00,0.00
30647.50,5.86,1396.52,2.00,25.32,69.62,23.79,0.00,0.00,0.00,0.00,0.00,0.00
30653.50,5.86,1396.02,2.00,25.33,69.63,23.36,0.00,0.00,0.00,0.00,0.00,0.17
30659.50,5.85,1396.05,2.00,25.30,69.47,20.98,0.00,0.00,0.00,0.00,0.00,0.00
30665.50,5.85,1395.46,2.00,25.30,70.15,22.19,0.00,0.00,0.00,0.00,0.00,0.00
30671.50,5.85,1395.35,2.00,25.30,70.86,22.60,0.00,0.00,0.00,0.00,0.00,0.17
30677.50,5.84,1395.34,2.00,25.30,70.57,21.38,0.00,0.00,0.00,0.00,0.00,0.00
30683.50,5.83,1395.27,2.00,25.30,70.60,21.12,0.00,0.00,0.00,0.00,0.00,0.00
30689.50,5.83,1395.10,2.00,25.30,70.42,22.03,0.00,0.00,0.00,0.00,0.00,0.00
30695.50,5.83,1394.86,2.00,25.30,71.53,21.36,0.00,0.00,0.00,0.00,0.00,0.00
30701.50,5.83,1394.53,2.00,25.24,70.92,20.76,0.00,0.00,0.00,0.00,0.00,0.17
30707.50,5.83,1394.06,2.00,25.25,71.12,21.70,0.00,0.00,0.00,0.00,0.00,0.00
30713.50,5.83,1393.71,2.00,25.20,70.78,22.28,0.00,0.00,0.00,0.00,0.00,0.00
30719.50,5.83,1393.04,2.00,25.20,71.55,21.27,0.00,0.00,0.00,0.00,0.00,0.00
30725.50,5.83,1392.97,2.00,25.20,70.98,22.78,0.00,0.00,0.00,0.00,0.00,0.00
30731.50,5.82,1392.38,2.00,25.20,71.07,22.13,0.00,0.00,0.00,0.00,0.00,0.00
30737.50,5.82,1391.73,2.00,25.20,71.10,20.03,0.00,0.00,0.00,0.00,0.00,0.00
30743.50,5.83,1391.22,2.00,25.20,71.73,21.57,0.00,0.00,0.00,0.00,0.00,0.17
30749.50,5.83,1390.55,2.00,25.20,72.08,21.39,0.00,0.00,0.00,0.00,0.00,0.00
30755.50,5.82,1390.13,2.00,25.20,72.40,21.04,0.00,0.00,0.00,0.00,0.00,0.00
30761.50,5.82,1389.84,2.00,25.20,71.38,20.65,0.00,0.00,0.00,0.00,0.00,0.00
30767.50,5.82,1389.75,2.00,25.15,70.20,21.56,0.00,0.00,0.00,0.00,0.00,0.00
30773.50,5.82,1389.62,2.00,25.12,69.98,22.23,0.00,0.00,0.00,0.00,0.00,0.17
30779.50,5.81,1389.16,2.00,25.13,70.35,22.14,0.00,0.00,0.00,0.00,0.00,0.00
30785.50,5.81,1388.84,2.00,25.12,71.28,19.73,0.00,0.00,0.00,0.00,0.00,0.00
30791.50,5.82,1388.53,2.00,25.10,71.97,21.92,0.00,0.00,0.00,0.00,0.00,0.00
30797.50,5.82,1388.02,2.00,25.10,70.65,21.92,0.00,0.00,0.00,0.00,0.00,0.00
30803.50,5.81,1387.57,2.00,25.10,70.60,21.94,0.00,0.00,0.00,0.00,0.00,0.00
30809.50,5.81,1387.57,2.00,25.10,70.07,21.53,0.00,0.00,0.00,0.00,0.00,0.00
30815.50,5.81,1387.47,2.00,25.10,70.02,20.61,0.00,0.00,0.00,0.00,0.00,0.00
30821.50,5.81,1387.31,2.00,25.07,69.74,21.69,0.00,0.00,0.00,0.00,0.00,0.17
30827.50,5.82,1387.26,2.00,25.02,69.32,21.07,0.00,0.00,0.00,0.00,0.00,0.00
30833.50,5.82,1387.09,2.00,25.00,70.13,21.19,0.00,0.00,0.00,0.00,0.00,0.17
30839.50,5.83,1386.60,2.00,25.00,69.85,22.36,0.00,0.00,0.00,0.00,0.00,0.00
30845.50,5.83,1386.24,2.00,25.00,69.38,21.53,0.00,0.00,0.00,0.00,0.00,0.00
30851.50,5.82,1386.09,2.00,25.00,69.48,21.96,0.00,0.00,0.00,0.00,0.00,0.00
30857.00,5.82,1385.78,2.00,25.00,69.92,21.15,0.00,0.00,0.00,0.00,0.00,0.00
30863.00,5.83,1385.17,2.00,25.00,71.41,22.26,0.00,0.00,0.00,0.00,0.00,0.14
30869.50,5.83,1384.72,2.00,25.00,70.22,21.52,0.00,0.00,0.00,0.00,0.00,0.00
30875.00,5.83,1384.93,2.00,25.00,69.04,22.29,0.00,0.00,0.00,0.00,0.00,0.00
30880.50,5.82,1384.82,2.00,24.98,68.92,20.18,0.00,0.00,0.00,0.00,0.00,0.17
30886.50,5.82,1384.99,2.00,25.00,68.52,22.55,0.00,0.00,0.00,0.00,0.00,0.00
30892.50,5.82,1385.00,2.00,24.98,69.12,21.13,0.00,0.00,0.00,0.00,0.00,0.00
30898.50,5.83,1384.49,2.00,24.97,69.34,20.99,0.00,0.00,0.00,0.00,0.00,0.17
30904.50,5.83,1384.17,2.00,25.00,70.34,21.91,0.00,0.00,0.00,0.00,0.00,0.17
30910.50,5.83,1383.73,2.00,25.00,70.37,20.68,0.00,0.00,0.00,0.00,0.00,0.00
30916.50,5.83,1383.11,2.00,24.93,69.82,22.07,0.00,0.00,0.00,0.00,0.00,0.00
30922.50,5.83,1382.75,2.00,24.92,69.38,22.46,0.00,0.00,0.00,0.00,0.00,0.00
30928.50,5.82,1382.23,2.00,24.90,69.57,21.43,0.00,0.00,0.00,0.00,0.00,0.00
30934.50,5.82,1381.97,2.00,24.90,69.57,21.82,0.00,0.00,0.00,0.00,0.00,0.00
30940.50,5.82,1381.78,2.00,24.90,70.15,20.61,0.00,0.00,0.00,0.00,0.00,0.00
30946.50,5.81,1381.62,2.00,24.90,70.68,21.88,0.00,0.00,0.00,0.00,0.00,0.00
30952.50,5.81,1381.40,2.00,24.90,70.43,21.46,0.00,0.00,0.00,0.00,0.00,0.00
30958.50,5.80,1381.42,2.00,24.90,70.92,21.11,0.00,0.00,0.00,0.00,0.00,0.00
30964.50,5.80,1381.38,2.00,24.90,72.23,21.44,0.00,0.00,0.00,0.00,0.00,0.00
30970.00,5.79,1381.38,2.00,24.90,71.18,22.41,0.00,0.00,0.00,0.00,0.00,0.00
30976.00,5.78,1381.44,2.00,24.86,69.79,21.63,0.00,0.00,0.00,0.00,0.00,0.00
30982.50,5.78,1381.14,2.00,24.82,70.37,22.55,0.00,0.00,0.00,0.00,0.00,0.00
30988.50,5.78,1381.07,2.00,24.85,70.62,21.89,0.00,0.00,0.00,0.00,0.00,0.00
30994.50,5.78,1380.86,2.00,24.85,70.63,20.50,0.00,0.00,0.00,0.00,0.00,0.00
31000.50,5.78,1380.58,2.00,24.82,71.22,21.42,0.00,0.00,0.00,0.00,0.00,0.00
31006.00,5.79,1380.01,2.00,24.82,70.84,20.76,0.00,0.00,0.00,0.00,0.00,0.00
31011.50,5.79,1379.76,2.00,24.82,70.90,21.06,0.00,0.00,0.00,0.00,0.00,0.00
31017.50,5.78,1379.58,2.00,24.80,71.25,21.50,0.00,0.00,0.00,0.00,0.00,0.00
31023.00,5.78,1379.53,2.00,24.80,72.22,21.09,0.00,0.00,0.00,0.00,0.00,0.00
31029.00,5.78,1379.37,2.00,24.80,71.51,20.71,0.00,0.00,0.00,0.00,0.00,0.00
31035.50,5.78,1379.32,2.00,24.80,71.62,19.98,0.00,0.00,0.00,0.00,0.00,0.00
31041.50,5.78,1379.12,2.00,24.80,71.68,20.28,0.00,0.00,0.00,0.00,0.00,0.00
31047.50,5.78,1379.12,2.00,24.80,72.02,20.22,0.00,0.00,0.00,0.00,0.00,0.00
31053.00,5.78,1378.91,2.00,24.80,72.82,22.87,0.00,0.00,0.00,0.00,0.00,0.00
31059.00,5.78,1378.88,2.00,24.80,71.74,21.03,0.00,0.00,0.00,0.00,0.00,0.00
31065.50,5.77,1378.60,2.00,24.80,72.32,21.54,0.00,0.00,0.00,0.00,0.00,0.00
31071.50,5.77,1378.73,2.00,24.80,71.42,21.39,0.00,0.00,0.00,0.00,0.00,0.00
31077.50,5.78,1378.62,2.00,24.80,72.69,21.49,0.00,0.00,0.00,0.00,0.00,0.17
31083.50,5.78,1378.49,2.00,24.75,72.23,21.84,0.00,0.00,0.00,0.00,0.00,0.00
31089.00,5.78,1378.43,2.00,24.78,72.04,20.33,0.00,0.00,0.00,0.00,0.00,0.00
31094.50,5.77,1378.25,2.00,24.70,72.00,22.14,0.00,0.00,0.00,0.00,0.00,0.00
31101.00,5.78,1378.27,2.00,24.71,72.13,20.65,0.00,0.00,0.00,0.00,0.00,0.00
31107.50,5.79,1377.96,2.00,24.70,72.08,21.01,0.00,0.00,0.00,0.00,0.00,0.00
31113.50,5.78,1377.85,2.00,24.70,72.62,22.11,0.00,0.00,0.00,0.00,0.00,0.00
31119.50,5.79,1377.80,2.00,24.70,72.92,20.59,0.00,0.00,0.00,0.00,0.00,0.00
31125.50,5.78,1377.84,2.00,24.70,72.58,21.52,0.00,0.00,0.00,0.00,0.00,0.00
31131.50,5.79,1377.78,2.00,24.70,72.52,20.85,0.00,0.00,0.00,0.00,0.00,0.00
31137.00,5.78,1377.66,2.00,24.70,73.30,21.56,0.00,0.00,0.00,0.00,0.00,0.00
31143.00,5.78,1377.80,2.00,24.70,72.97,22.55,0.00,0.00,0.00,0.00,0.00,0.00
31149.00,5.78,1377.62,2.00,24.70,73.14,20.50,0.00,0.00,0.00,0.00,0.00,0.00
31155.00,5.78,1377.59,2.00,24.70,73.07,21.70,0.00,0.00,0.00,0.00,0.00,0.00
31161.50,5.79,1377.69,2.00,24.67,73.03,21.67,0.00,0.00,0.00,0.00,0.00,0.00
31167.00,5.78,1377.79,2.00,24.68,73.30,20.41,0.00,0.00,0.00,0.00,0.00,0.00
31173.00,5.78,1377.72,2.00,24.64,73.24,21.57,0.00,0.00,0.00,0.00,0.00,0.14
31179.50,5.78,1377.78,2.00,24.62,73.32,22.26,0.00,0.00,0.00,0.00,0.00,0.00
31185.00,5.78,1377.91,2.00,24.62,73.78,20.67,0.00,0.00,0.00,0.00,0.00,0.00
31191.00,5.78,1377.93,2.00,24.60,73.61,21.79,0.00,0.00,0.00,0.00,0.00,0.00
31197.50,5.78,1377.69,2.00,24.60,73.97,20.27,0.00,0.00,0.00,0.00,0.00,0.00
31203.00,5.77,1377.77,2.00,24.60,74.30,20.92,0.00,0.00,0.00,0.00,0.00,0.20
31209.00,5.78,1377.91,2.00,24.61,75.54,20.03,0.00,0.00,0.00,0.00,0.00,0.14
31215.50,5.78,1377.82,2.00,24.60,75.22,20.79,0.00,0.00,0.00,0.00,0.00,0.00
31221.50,5.78,1377.92,2.00,24.60,74.23,19.94,0.00,0.00,0.00,0.00,0.00,0.00
31227.50,5.77,1378.04,2.00,24.60,74.94,23.04,0.00,0.00,0.00,0.00,0.00,0.17
31233.50,5.77,1378.10,2.00,24.60,74.93,23.01,0.00,0.00,0.00,0.00,0.00,0.00
31239.50,5.77,1378.01,2.00,24.60,73.55,21.63,0.00,0.00,0.00,0.00,0.00,0.33
31245.00,5.77,1378.06,2.00,24.60,73.64,22.03,0.00,0.00,0.00,0.00,0.00,0.00
31249.50,5.77,1378.21,2.00,24.60,73.78,21.02,0.00,0.00,0.00,0.00,0.00,0.00
31254.50,5.77,1378.11,2.00,24.60,73.82,20.96,0.00,0.00,0.00,0.00,0.00,0.00
31260.50,5.77,1378.23,2.00,24.60,73.92,21.67,0.00,0.00,0.00,0.00,0.00,0.00
31266.50,5.77,1378.06,2.00,24.60,73.90,21.78,0.00,0.00,0.00,0.00,0.00,0.00
31272.50,5.77,1378.13,2.00,24.60,73.98,21.44,0.00,0.00,0.00,0.00,0.00,0.17
31278.00,5.77,1378.08,2.00,24.60,74.02,21.03,0.00,0.00,0.00,0.00,0.00,0.00
31284.00,5.77,1378.11,2.00,24.60,75.01,21.63,0.00,0.00,0.00,0.00,0.00,0.00
31290.50,5.76,1378.04,2.00,24.60,75.43,22.18,0.00,0.00,0.00,0.00,0.00,0.00
31296.00,5.76,1378.12,2.00,24.60,74.70,22.83,0.00,0.00,0.00,0.00,0.00,0.00
31301.00,5.76,1378.18,2.00,24.60,74.64,21.70,0.00,0.00,0.00,0.00,0.00,0.00
31306.50,5.76,1378.09,2.00,24.60,76.13,22.33,0.00,0.00,0.00,0.00,0.00,0.00
31312.50,5.76,1377.89,2.00,24.60,76.10,21.28,0.00,0.00,0.00,0.00,0.00,0.00
31318.50,5.75,1377.80,2.00,24.60,74.82,21.98,0.00,0.00,0.00,0.00,0.00,0.17
31324.00,5.76,1377.89,2.00,24.60,75.34,21.98,0.00,0.00,0.00,0.00,0.00,0.00
31330.00,5.76,1377.77,2.00,24.60,75.60,22.04,0.00,0.00,0.00,0.00,0.00,0.00
31336.00,5.76,1377.60,2.00,24.60,74.82,21.91,0.00,0.00,0.00,0.00,0.00,0.00
31341.50,5.77,1377.19,2.00,24.60,74.66,21.88,0.00,0.00,0.00,0.00,0.00,0.17
31348.00,5.76,1377.06,2.00,24.60,75.24,21.88,0.00,0.00,0.00,0.00,0.00,0.00
31354.50,5.76,1376.81,2.00,24.60,74.90,20.88,0.00,0.00,0.00,0.00,0.00,0.17
31360.50,5.77,1376.67,2.00,24.60,75.65,21.83,0.00,0.00,0.00,0.00,0.00,0.00
31366.50,5.76,1376.55,2.00,24.60,74.62,21.96,0.00,0.00,0.00,0.00,0.00,0.17
31372.50,5.77,1376.30,2.00,24.60,74.51,22.54,0.00,0.00,0.00,0.00,0.00,0.17
31378.00,5.76,1376.29,2.00,24.60,76.02,22.39,0.00,0.00,0.00,0.00,0.00,0.00
31384.00,5.77,1376.03,2.00,24.60,74.73,22.11,0.00,0.00,0.00,0.00,0.00,0.00
31390.50,5.77,1375.83,2.00,24.60,74.52,21.03,0.00,0.00,0.00,0.00,0.00,0.00
31396.50,5.77,1375.84,2.00,24.60,76.07,20.68,0.00,0.00,0.00,0.00,0.00,0.00
31402.00,5.77,1375.84,2.00,24.60,74.64,22.24,0.00,0.00,0.00,0.00,0.00,0.00
31407.50,5.77,1375.85,2.00,24.60,74.67,22.17,0.00,0.00,0.00,0.00,0.00,0.00
31413.50,5.77,1375.61,2.00,24.60,74.48,21.62,0.00,0.00,0.00,0.00,0.00,0.00
31419.50,5.77,1375.65,2.00,24.60,75.48,22.89,0.00,0.00,0.00,0.00,0.00,0.00
31425.50,5.77,1375.57,2.00,24.60,74.75,21.61,0.00,0.00,0.00,0.00,0.00,0.00
31431.50,5.77,1375.41,2.00,24.60,76.03,22.46,0.00,0.00,0.00,0.00,0.00,0.00
31437.50,5.77,1375.17,2.00,24.60,75.78,21.48,0.00,0.00,0.00,0.00,0.00,0.17
31443.50,5.77,1375.23,2.00,24.60,75.17,22.64,0.00,0.00,0.00,0.00,0.00,0.17
31449.50,5.77,1375.24,2.00,24.58,74.57,21.20,0.00,0.00,0.00,0.00,0.00,0.00
31455.50,5.76,1375.43,2.00,24.60,74.57,22.34,0.00,0.00,0.00,0.00,0.00,0.00
31461.50,5.76,1375.38,2.00,24.55,74.58,22.88,0.00,0.00,0.00,0.00,0.00,0.00
31467.50,5.76,1375.19,2.00,24.55,74.87,21.52,0.00,0.00,0.00,0.00,0.00,0.00
31473.50,5.76,1375.31,2.00,24.52,74.92,22.02,0.00,0.00,0.00,0.00,0.00,0.00
31479.50,5.76,1375.46,2.00,24.50,75.28,22.42,0.00,0.00,0.00,0.00,0.00,0.17
31485.50,5.76,1375.44,2.00,24.50,75.52,23.30,0.00,0.00,0.00,0.00,0.00,0.17
31490.50,5.75,1375.55,2.00,24.50,75.78,23.03,0.00,0.00,0.00,0.00,0.00,0.25
31494.50,5.75,1375.44,2.00,24.52,76.30,21.62,0.00,0.00,0.00,0.00,0.00,0.25
31499.50,5.76,1375.53,2.00,24.53,75.20,23.46,0.00,0.00,0.00,0.00,0.00,0.00
31505.50,5.76,1375.38,2.00,24.50,75.28,21.18,0.00,0.00,0.00,0.00,0.00,0.00
31511.50,5.76,1375.60,2.00,24.52,76.65,20.17,0.00,0.00,0.00,0.00,0.00,0.00
31517.50,5.75,1375.41,2.00,24.52,75.58,22.08,0.00,0.00,0.00,0.00,0.00,0.00
31523.50,5.76,1375.37,2.00,24.50,75.50,21.56,0.00,0.00,0.00,0.00,0.00,0.00
31529.50,5.75,1375.60,2.00,24.50,75.35,21.30,0.00,0.00,0.00,0.00,0.00,0.00
31535.50,5.75,1375.45,2.00,24.50,75.42,20.21,0.00,0.00,0.00,0.00,0.00,0.00
31541.50,5.75,1375.30,2.00,24.50,75.39,21.50,0.00,0.00,0.00,0.00,0.00,0.17
31547.00,5.76,1375.65,2.00,24.50,75.44,22.22,0.00,0.00,0.00,0.00,0.00,0.00
31553.00,5.75,1375.47,2.00,24.50,75.67,20.66,0.00,0.00,0.00,0.00,0.00,0.00
31559.50,5.75,1375.48,2.00,24.50,75.70,21.05,0.00,0.00,0.00,0.00,0.00,0.00
31565.50,5.75,1375.62,2.00,24.50,76.07,21.44,0.00,0.00,0.00,0.00,0.00,0.17
31571.50,5.75,1375.50,2.00,24.50,75.15,24.29,0.00,0.00,0.00,0.00,0.00,0.00
31577.50,5.75,1375.62,2.00,24.50,75.22,21.56,0.00,0.00,0.00,0.00,0.00,0.00
31583.50,5.75,1375.73,2.00,24.50,75.97,20.41,0.00,0.00,0.00,0.00,0.00,0.00
31589.50,5.75,1375.83,2.00,24.50,75.72,23.14,0.00,0.00,0.00,0.00,0.00,0.00
31595.50,5.75,1376.04,2.00,24.50,75.85,21.23,0.00,0.00,0.00,0.00,0.00,0.00
31601.50,5.75,1376.07,2.00,24.50,76.37,21.25,0.00,0.00,0.00,0.00,0.00,0.00
31607.50,5.75,1376.21,2.00,24.50,75.67,22.61,0.00,0.00,0.00,0.00,0.00,0.00
31613.50,5.75,1376.31,2.00,24.50,75.73,22.17,0.00,0.00,0.00,0.00,0.00,0.00
31619.50,5.75,1376.40,2.00,24.50,75.63,22.72,0.00,0.00,0.00,0.00,0.00,0.00
31625.50,5.75,1376.31,2.00,24.50,75.78,22.07,0.00,0.00,0.00,0.00,0.00,0.00
31631.50,5.74,1376.43,2.00,24.50,75.75,22.53,0.00,0.00,0.00,0.00,0.00,0.00
31637.50,5.74,1376.44,2.00,24.50,76.01,22.93,0.00,0.00,0.00,0.00,0.00,0.17
31643.50,5.74,1376.68,2.00,24.50,76.10,22.22,0.00,0.00,0.00,0.00,0.00,0.00
31649.50,5.74,1376.61,2.00,24.50,75.98,23.25,0.00,0.00,0.00,0.00,0.00,0.00
31655.50,5.73,1376.87,2.00,24.50,75.87,21.40,0.00,0.00,0.00,0.00,0.00,0.00
31661.50,5.73,1377.06,2.00,24.50,75.98,22.20,0.00,0.00,0.00,0.00,0.00,0.17
31667.50,5.73,1377.06,2.00,24.50,76.07,21.97,0.00,0.00,0.00,0.00,0.00,0.00
31673.50,5.73,1377.18,2.00,24.50,75.98,21.67,0.00,0.00,0.00,0.00,0.00,0.17
31679.50,5.73,1377.23,2.00,24.50,75.82,21.11,0.00,0.00,0.00,0.00,0.00,0.00
31685.00,5.72,1377.37,2.00,24.52,75.94,22.28,0.00,0.00,0.00,0.00,0.00,0.00
31691.00,5.72,1377.59,2.00,24.50,75.84,20.53,0.00,0.00,0.00,0.00,0.00,0.00
31697.50,5.72,1377.60,2.00,24.50,76.12,20.46,0.00,0.00,0.00,0.00,0.00,0.17
31703.50,5.72,1377.63,2.00,24.50,76.08,20.77,0.00,0.00,0.00,0.00,0.00,0.00
31709.50,5.71,1377.80,2.00,24.50,75.98,21.90,0.00,0.00,0.00,0.00,0.00,0.00
31715.50,5.71,1377.77,2.00,24.50,76.14,21.02,0.00,0.00,0.00,0.00,0.00,0.17
31721.50,5.71,1377.89,2.00,24.50,77.30,20.95,0.00,0.00,0.00,0.00,0.00,0.00
31727.50,5.72,1377.87,2.00,24.50,77.10,21.73,0.00,0.00,0.00,0.00,0.00,0.00
31733.50,5.71,1378.04,2.00,24.50,76.40,21.91,0.00,0.00,0.00,0.00,0.00,0.00
31739.50,5.71,1378.15,2.00,24.50,76.38,20.90,0.00,0.00,0.00,0.00,0.00,0.00
31745.50,5.71,1378.16,2.00,24.50,76.45,21.69,0.00,0.00,0.00,0.00,0.00,0.00
31751.50,5.71,1377.99,2.00,24.50,76.48,22.93,0.00,0.00,0.00,0.00,0.00,0.00
31757.50,5.71,1378.06,2.00,24.50,76.33,20.66,0.00,0.00,0.00,0.00,0.00,0.17
31763.00,5.71,1378.08,2.00,24.50,76.30,22.74,0.00,0.00,0.00,0.00,0.00,0.00
31769.00,5.71,1378.03,2.00,24.50,76.26,22.22,0.00,0.00,0.00,0.00,0.00,0.00
31775.00,5.71,1377.91,2.00,24.50,76.30,21.57,0.00,0.00,0.00,0.00,0.00,0.00
31780.50,5.71,1377.91,2.00,24.50,76.38,23.41,0.00,0.00,0.00,0.00,0.00,0.17
31787.00,5.71,1377.94,2.00,24.50,76.50,21.52,0.00,0.00,0.00,0.00,0.00,0.00
31793.50,5.71,1378.10,2.00,24.50,76.22,22.29,0.00,0.00,0.00,0.00,0.00,0.00
31799.50,5.71,1378.32,2.00,24.60,76.02,21.30,0.00,0.00,0.00,0.00,0.00,0.00
31805.50,5.70,1378.39,2.00,24.60,76.18,21.49,0.00,0.00,0.00,0.00,0.00,0.00
31811.50,5.70,1378.29,2.00,24.60,76.38,21.23,0.00,0.00,0.00,0.00,0.00,0.00
31817.50,5.70,1378.23,2.00,24.60,76.40,20.12,0.00,0.00,0.00,0.00,0.00,0.00
31823.50,5.70,1378.01,2.00,24.60,76.53,22.05,0.00,0.00,0.00,0.00,0.00,0.00
31829.50,5.70,1377.84,2.00,24.60,76.45,21.48,0.00,0.00,0.00,0.00,0.00,0.00
31835.50,5.70,1377.68,2.00,24.60,76.45,22.08,0.00,0.00,0.00,0.00,0.00,0.00
31841.50,5.70,1377.41,2.00,24.60,76.37,22.00,0.00,0.00,0.00,0.00,0.00,0.33
31847.00,5.70,1377.14,2.00,24.60,76.32,23.18,0.00,0.00,0.00,0.00,0.00,0.00
31853.00,5.70,1377.16,2.00,24.60,76.39,21.46,0.00,0.00,0.00,0.00,0.00,0.00
31859.50,5.70,1376.95,2.00,24.58,76.37,23.80,0.00,0.00,0.00,0.00,0.00,0.00
31865.50,5.71,1376.74,2.00,24.60,76.37,20.88,0.00,0.00,0.00,0.00,0.00,0.17
31871.50,5.71,1376.71,2.00,24.60,76.47,22.48,0.00,0.00,0.00,0.00,0.00,0.00
31877.50,5.70,1376.45,2.00,24.58,76.27,22.26,0.00,0.00,0.00,0.00,0.00,0.00
31883.50,5.71,1376.47,2.00,24.58,76.43,21.99,0.00,0.00,0.00,0.00,0.00,0.00
31889.50,5.71,1376.30,2.00,24.57,76.53,22.22,0.00,0.00,0.00,0.00,0.00,0.00
31895.50,5.71,1376.12,2.00,24.53,76.70,21.25,0.00,0.00,0.00,0.00,0.00,0.00
31901.50,5.70,1376.28,2.00,24.55,76.48,20.11,0.00,0.00,0.00,0.00,0.00,0.00
31907.50,5.71,1376.16,2.00,24.53,76.53,21.74,0.00,0.00,0.00,0.00,0.00,0.00
31913.50,5.71,1376.06,2.00,24.52,77.23,21.64,0.00,0.00,0.00,0.00,0.00,0.00
31919.50,5.71,1376.14,2.00,24.52,76.30,22.66,0.00,0.00,0.00,0.00,0.00,0.00
31925.50,5.70,1376.07,2.00,24.50,76.40,20.33,0.00,0.00,0.00,0.00,0.00,0.00
31931.50,5.71,1375.92,2.00,24.50,76.47,22.00,0.00,0.00,0.00,0.00,0.00,0.17
31937.50,5.71,1375.86,2.00,24.50,76.52,22.76,0.00,0.00,0.00,0.00,0.00,0.00
31943.00,5.70,1375.96,2.00,24.50,76.54,22.37,0.00,0.00,0.00,0.00,0.00,0.00
31949.00,5.70,1375.75,2.00,24.50,76.67,21.71,0.00,0.00,0.00,0.00,0.00,0.00
31955.50,5.71,1375.82,2.00,24.50,76.41,20.85,0.00,0.00,0.00,0.00,0.00,0.17
31961.50,5.70,1375.71,2.00,24.50,76.52,20.69,0.00,0.00,0.00,0.00,0.00,0.00
31966.50,5.70,1375.85,2.00,24.50,76.45,20.59,0.00,0.00,0.00,0.00,0.00,0.00
31969.50,5.71,1375.69,2.00,24.55,76.50,20.70,0.00,0.00,0.00,0.00,0.00,0.00
31972.00,5.70,1376.07,2.00,24.53,76.37,20.26,0.00,0.00,0.00,0.00,0.00,0.00
31976.00,5.70,1375.84,2.00,24.58,76.54,21.23,0.00,0.00,0.00,0.00,0.00,0.00
31981.50,5.70,1375.90,2.00,24.60,76.58,21.56,0.00,0.00,0.00,0.00,0.00,0.00
31987.50,5.70,1375.79,2.00,24.60,76.62,20.85,0.00,0.00,0.00,0.00,0.00,0.00
31993.50,5.70,1375.77,2.00,24.60,76.72,21.17,0.00,0.00,0.00,0.00,0.00,0.17
31999.50,5.70,1375.69,2.00,24.60,76.65,22.48,0.00,0.00,0.00,0.00,0.00,0.00
32005.50,5.70,1375.52,2.00,24.60,76.85,21.82,0.00,0.00,0.00,0.00,0.00,0.00
32011.50,5.70,1375.40,2.00,24.60,76.80,21.69,0.00,0.00,0.00,0.00,0.00,0.17
32017.50,5.70,1375.51,2.00,24.60,76.73,22.15,0.00,0.00,0.00,0.00,0.00,0.17
32023.50,5.69,1375.26,2.00,24.60,76.75,21.17,0.00,0.00,0.00,0.00,0.00,0.00
32029.50,5.69,1375.21,2.00,24.60,76.57,21.01,0.00,0.00,0.00,0.00,0.00,0.17
32035.50,5.69,1375.00,2.00,24.62,76.53,21.45,0.00,0.00,0.00,0.00,0.00,0.00
32041.00,5.70,1374.92,2.00,24.70,76.48,20.43,0.00,0.00,0.00,0.00,0.00,0.00
32045.50,5.70,1374.84,2.00,24.68,77.03,20.68,0.00,0.00,0.00,0.00,0.00,0.00
32049.50,5.69,1374.53,2.00,24.65,76.38,22.16,0.00,0.00,0.00,0.00,0.00,0.00
32054.00,5.70,1374.43,2.00,24.69,77.05,21.68,0.00,0.00,0.00,0.00,0.00,0.20
32060.00,5.69,1374.37,2.00,24.70,78.01,22.06,0.00,0.00,0.00,0.00,0.00,0.00
32066.50,5.69,1374.31,2.00,24.70,78.12,22.26,0.00,0.00,0.00,0.00,0.00,0.00
32072.50,5.70,1374.13,2.00,24.70,77.87,20.68,0.00,0.00,0.00,0.00,0.00,0.00
32078.50,5.69,1374.06,2.00,24.68,76.59,20.72,0.00,0.00,0.00,0.00,0.00,0.17
32084.50,5.69,1373.86,2.00,24.70,76.43,22.81,0.00,0.00,0.00,0.00,0.00,0.00
32090.50,5.69,1373.81,2.00,24.70,76.35,21.55,0.00,0.00,0.00,0.00,0.00,0.00
32096.50,5.70,1373.48,2.00,24.70,76.34,22.05,0.00,0.00,0.00,0.00,0.00,0.17
32102.50,5.70,1373.52,2.00,24.70,76.32,21.46,0.00,0.00,0.00,0.00,0.00,0.33
32107.50,5.70,1373.19,2.00,24.70,76.28,20.89,0.00,0.00,0.00,0.00,0.00,0.25
32112.50,5.70,1373.05,2.00,24.70,76.22,21.05,0.00,0.00,0.00,0.00,0.00,0.00
32118.50,5.70,1372.85,2.00,24.70,76.17,22.56,0.00,0.00,0.00,0.00,0.00,0.00
32124.50,5.70,1372.46,2.00,24.70,76.28,22.14,0.00,0.00,0.00,0.00,0.00,0.00
32130.50,5.70,1372.14,2.00,24.70,76.42,24.00,0.00,0.00,0.00,0.00,0.00,0.00
32136.50,5.70,1371.84,2.00,24.70,76.48,21.78,0.00,0.00,0.00,0.00,0.00,0.00
32142.50,5.70,1371.95,2.00,24.70,76.37,20.04,0.00,0.00,0.00,0.00,0.00,0.00
32148.50,5.71,1371.65,2.00,24.70,76.35,20.70,0.00,0.00,0.00,0.00,0.00,0.17
32154.00,5.71,1371.48,2.00,24.70,76.68,21.75,0.00,0.00,0.00,0.00,0.00,0.00
32160.00,5.71,1371.12,2.00,24.70,76.53,20.92,0.00,0.00,0.00,0.00,0.00,0.00
32166.00,5.72,1370.83,2.00,24.70,76.42,23.01,0.00,0.00,0.00,0.00,0.00,0.00
32172.00,5.72,1370.69,2.00,24.69,76.71,21.05,0.00,0.00,0.00,0.00,0.00,0.00
32178.50,5.72,1370.80,2.00,24.70,76.95,21.36,0.00,0.00,0.00,0.00,0.00,0.17
32184.50,5.73,1370.43,2.00,24.70,76.65,21.07,0.00,0.00,0.00,0.00,0.00,0.00
32190.50,5.74,1370.36,2.00,24.70,76.53,19.43,0.00,0.00,0.00,0.00,0.00,0.00
32196.50,5.74,1370.30,2.00,24.70,76.32,22.39,0.00,0.00,0.00,0.00,0.00,0.00
32202.50,5.74,1369.98,2.00,24.70,76.41,21.04,0.00,0.00,0.00,0.00,0.00,0.17
32208.50,5.75,1370.27,2.00,24.70,76.86,21.93,0.00,0.00,0.00,0.00,0.00,0.17
32214.50,5.75,1370.17,2.00,24.70,76.45,20.50,0.00,0.00,0.00,0.00,0.00,0.00
32220.50,5.75,1370.19,2.00,24.70,76.45,21.42,0.00,0.00,0.00,0.00,0.00,0.00
32226.50,5.76,1369.76,2.00,24.68,76.27,21.47,0.00,0.00,0.00,0.00,0.00,0.33
32232.50,5.76,1369.73,2.00,24.66,76.25,22.08,0.00,0.00,0.00,0.00,0.00,0.17
32238.50,5.76,1369.98,2.00,24.67,76.18,22.62,0.00,0.00,0.00,0.00,0.00,0.00
32244.50,5.75,1369.98,2.00,24.70,76.38,20.92,0.00,0.00,0.00,0.00,0.00,0.00
32250.50,5.76,1370.00,2.00,24.70,76.77,20.85,0.00,0.00,0.00,0.00,0.00,0.00
32256.50,5.76,1370.07,2.00,24.63,76.50,21.11,0.00,0.00,0.00,0.00,0.00,0.00
32262.50,5.76,1370.00,2.00,24.67,76.30,20.65,0.00,0.00,0.00,0.00,0.00,0.00
32268.50,5.76,1370.21,2.00,24.66,76.27,22.91,0.00,0.00,0.00,0.00,0.00,0.17
32274.50,5.76,1370.26,2.00,24.63,76.55,22.25,0.00,0.00,0.00,0.00,0.00,0.00
32280.50,5.76,1370.38,2.00,24.63,76.57,19.83,0.00,0.00,0.00,0.00,0.00,0.00
32286.50,5.76,1370.52,2.00,24.67,77.35,22.38,0.00,0.00,0.00,0.00,0.00,0.17
32292.50,5.76,1370.74,2.00,24.62,77.03,22.84,0.00,0.00,0.00,0.00,0.00,0.00
32298.50,5.76,1370.85,2.00,24.67,77.33,21.05,0.00,0.00,0.00,0.00,0.00,0.00
32304.00,5.76,1370.77,2.00,24.66,77.98,18.88,0.00,0.00,0.00,0.00,0.00,0.00
32310.00,5.76,1370.70,2.00,24.64,76.86,20.35,0.00,0.00,0.00,0.00,0.00,0.00
32316.50,5.76,1370.52,2.00,24.60,76.23,22.67,0.00,0.00,0.00,0.00,0.00,0.00
32322.50,5.76,1370.50,2.00,24.60,76.45,21.32,0.00,0.00,0.00,0.00,0.00,0.00
32328.50,5.76,1370.48,2.00,24.60,76.52,21.22,0.00,0.00,0.00,0.00,0.00,0.17
32334.50,5.77,1370.40,2.00,24.60,76.80,21.80,0.00,0.00,0.00,0.00,0.00,0.00
32340.50,5.76,1370.36,2.00,24.60,76.55,21.20,0.00,0.00,0.00,0.00,0.00,0.00
32346.50,5.77,1370.35,2.00,24.60,76.65,22.91,0.00,0.00,0.00,0.00,0.00,0.00
32352.50,5.77,1370.26,2.00,24.58,76.73,20.25,0.00,0.00,0.00,0.00,0.00,0.00
32358.50,5.76,1370.17,2.00,24.60,76.83,21.63,0.00,0.00,0.00,0.00,0.00,0.17
32364.50,5.76,1370.26,2.00,24.53,76.83,21.42,0.00,0.00,0.00,0.00,0.00,0.00
32370.50,5.76,1370.48,2.00,24.52,76.93,22.12,0.00,0.00,0.00,0.00,0.00,0.00
32376.50,5.76,1370.66,2.00,24.50,76.95,23.25,0.00,0.00,0.00,0.00,0.00,0.00
32382.50,6.59,1322.00,2.00,24.42,78.05,21.51,0.00,0.00,0.00,0.00,0.00,0.17
32388.50,6.82,1214.54,2.00,24.38,79.18,19.98,0.00,0.00,0.00,0.00,0.00,0.00
32394.50,6.43,1188.81,2.00,24.30,77.93,20.84,0.00,0.00,0.00,0.00,0.00,0.00
32400.50,6.41,1167.25,2.00,24.23,79.12,21.53,0.00,0.00,0.00,0.00,0.00,0.00
32406.50,6.33,1141.59,2.00,24.17,79.80,22.82,0.00,0.00,0.00,0.00,0.00,0.00
32412.50,6.29,1124.60,2.00,24.08,79.75,22.40,0.00,0.00,0.00,0.00,0.00,0.00
32418.50,6.15,1109.54,2.00,24.00,79.58,20.89,0.00,0.00,0.00,0.00,0.00,0.00
32424.50,6.06,1100.29,2.00,23.93,79.98,21.49,0.00,0.00,0.00,0.00,0.00,0.00
32430.50,6.00,1091.72,2.00,23.90,79.42,21.44,0.00,0.00,0.00,0.00,0.00,0.17
32436.50,5.95,1084.51,2.00,23.82,80.13,21.76,0.00,0.00,0.00,0.00,0.00,0.00
32442.50,5.97,1077.80,2.00,23.80,80.00,22.44,0.00,0.00,0.00,0.00,0.00,0.00
32448.50,5.97,1069.79,2.00,23.80,80.27,21.95,0.00,0.00,0.00,0.00,0.00,0.00
32454.50,5.92,1063.58,2.00,23.72,80.25,20.93,0.00,0.00,0.00,0.00,0.00,0.00
32460.50,5.87,1058.24,2.00,23.70,80.60,21.43,0.00,0.00,0.00,0.00,0.00,0.00
32466.50,5.85,1053.96,2.00,23.70,80.82,20.98,0.00,0.00,0.00,0.00,0.00,0.00
32472.50,5.88,1049.00,2.00,23.70,81.00,21.82,0.00,0.00,0.00,0.00,0.00,0.00
32478.50,5.89,1043.52,2.00,23.70,81.22,21.09,0.00,0.00,0.00,0.00,0.00,0.17
32484.50,5.85,1038.75,2.00,23.65,81.00,21.39,0.00,0.00,0.00,0.00,0.00,0.00
32490.50,5.83,1034.80,2.00,23.60,80.90,21.94,0.00,0.00,0.00,0.00,0.00,0.00
32496.50,5.83,1031.14,2.00,23.60,81.13,21.08,0.00,0.00,0.00,0.00,0.00,0.17
32502.50,5.84,1026.79,2.00,23.60,80.88,21.29,0.00,0.00,0.00,0.00,0.00,0.00
32508.50,5.84,1022.68,2.00,23.60,81.07,23.12,0.00,0.00,0.00,0.00,0.00,0.17
32514.50,5.81,1019.30,2.00,23.60,81.38,21.23,0.00,0.00,0.00,0.00,0.00,0.00
32520.50,5.82,1015.97,2.00,23.57,81.58,22.16,0.00,0.00,0.00,0.00,0.00,0.00
32526.50,5.85,1011.64,2.00,23.53,81.75,21.29,0.00,0.00,0.00,0.00,0.00,0.17
32532.50,5.86,1007.01,2.00,23.50,81.50,22.28,0.00,0.00,0.00,0.00,0.00,0.17
32538.50,5.86,1003.20,2.00,23.50,81.22,21.91,0.00,0.00,0.00,0.00,0.00,0.33
32544.50,5.86,999.14,2.00,23.48,81.35,22.69,0.00,0.00,0.00,0.00,0.00,0.00
32550.50,5.85,995.33,2.00,23.50,81.45,22.01,0.00,0.00,0.00,0.00,0.00,0.17
32556.50,5.84,991.82,2.00,23.50,81.47,21.79,0.00,0.00,0.00,0.00,0.00,0.00
32562.50,5.85,987.82,2.00,23.50,81.53,21.67,0.00,0.00,0.00,0.00,0.00,0.00
32568.50,5.85,984.07,2.00,23.50,81.92,20.57,0.00,0.00,0.00,0.00,0.00,0.00
32574.50,5.87,980.08,2.00,23.48,81.88,23.66,0.00,0.00,0.00,0.00,0.00,0.00
32580.50,5.88,975.72,2.00,23.50,81.97,21.69,0.00,0.00,0.00,0.00,0.00,0.00
32586.50,5.88,971.84,2.00,23.48,81.65,21.94,0.00,0.00,0.00,0.00,0.00,0.00
32592.50,5.88,967.54,2.00,23.48,81.87,22.54,0.00,0.00,0.00,0.00,0.00,0.00
32598.50,5.88,963.32,2.00,23.44,81.79,22.72,0.00,0.00,0.00,0.00,0.00,0.17
32604.50,5.85,960.24,2.00,23.42,81.65,21.76,0.00,0.00,0.00,0.00,0.00,0.00
32610.50,5.85,956.99,2.00,23.42,81.59,22.70,0.00,0.00,0.00,0.00,0.00,0.17
32616.50,5.84,953.67,2.00,23.42,81.55,21.27,0.00,0.00,0.00,0.00,0.00,0.00
32622.50,5.84,950.53,2.00,23.40,81.55,21.81,0.00,0.00,0.00,0.00,0.00,0.00
32628.50,5.85,947.56,2.00,23.40,81.40,20.09,0.00,0.00,0.00,0.00,0.00,0.00
32634.50,5.87,943.84,2.00,23.40,81.57,20.86,0.00,0.00,0.00,0.00,0.00,0.00
32640.50,5.88,940.21,2.00,23.40,81.70,20.94,0.00,0.00,0.00,0.00,0.00,0.00
32646.50,5.87,936.82,2.00,23.40,81.85,20.16,0.00,0.00,0.00,0.00,0.00,0.00
32652.50,5.87,933.07,2.00,23.40,81.82,21.63,0.00,0.00,0.00,0.00,0.00,0.00
32658.50,5.86,929.95,2.00,23.40,81.72,22.56,0.00,0.00,0.00,0.00,0.00,0.00
32664.50,5.85,926.93,2.00,23.40,81.83,21.62,0.00,0.00,0.00,0.00,0.00,0.00
32670.50,5.85,923.64,2.00,23.40,81.97,21.43,0.00,0.00,0.00,0.00,0.00,0.00
32676.50,5.88,919.94,2.00,23.40,82.07,19.83,0.00,0.00,0.00,0.00,0.00,0.17
32682.50,5.88,916.60,2.00,23.40,81.93,20.31,0.00,0.00,0.00,0.00,0.00,0.00
32688.50,5.87,913.11,2.00,23.40,81.90,23.47,0.00,0.00,0.00,0.00,0.00,0.00
32694.50,5.86,909.94,2.00,23.40,81.52,21.04,0.00,0.00,0.00,0.00,0.00,0.00
32700.50,5.86,906.86,2.00,23.40,81.44,22.78,0.00,0.00,0.00,0.00,0.00,0.17
32706.50,5.86,903.71,2.00,23.40,81.58,22.07,0.00,0.00,0.00,0.00,0.00,0.00
32712.00,5.85,901.12,2.00,23.40,81.86,21.54,0.00,0.00,0.00,0.00,0.00,0.00
32717.50,5.84,898.70,2.00,23.40,82.00,21.79,0.00,0.00,0.00,0.00,0.00,0.00
32724.00,5.83,896.01,2.00,23.41,82.32,22.23,0.00,0.00,0.00,0.00,0.00,0.14
32730.50,5.85,893.02,2.00,23.45,82.23,22.72,0.00,0.00,0.00,0.00,0.00,0.17
32736.00,5.85,890.36,2.00,23.48,81.61,22.22,0.00,0.00,0.00,0.00,0.00,0.20
32742.00,5.84,887.70,2.00,23.47,82.30,22.10,0.00,0.00,0.00,0.00,0.00,0.00
32748.50,5.84,885.10,2.00,23.50,82.18,21.44,0.00,0.00,0.00,0.00,0.00,0.00
32754.50,5.84,882.48,2.00,23.47,81.97,21.00,0.00,0.00,0.00,0.00,0.00,0.17
32760.50,5.85,879.79,2.00,23.50,82.02,22.61,0.00,0.00,0.00,0.00,0.00,0.33
32766.50,5.85,877.18,2.00,23.48,81.92,21.87,0.00,0.00,0.00,0.00,0.00,0.17
32772.50,5.86,874.34,2.00,23.46,81.82,22.04,0.00,0.00,0.00,0.00,0.00,0.17
32778.50,5.86,871.82,2.00,23.50,82.02,21.75,0.00,0.00,0.00,0.00,0.00,0.00
32784.50,5.86,869.38,2.00,23.45,82.05,21.67,0.00,0.00,0.00,0.00,0.00,0.00
32790.50,5.87,866.63,2.00,23.43,82.05,21.10,0.00,0.00,0.00,0.00,0.00,0.00
32796.50,5.87,863.86,2.00,23.40,82.05,22.22,0.00,0.00,0.00,0.00,0.00,0.00
32802.50,5.87,861.25,2.00,23.45,81.88,21.80,0.00,0.00,0.00,0.00,0.00,0.00
32808.50,5.87,858.71,2.00,23.43,82.02,19.61,0.00,0.00,0.00,0.00,0.00,0.00
32814.50,5.86,856.17,2.00,23.40,82.05,22.02,0.00,0.00,0.00,0.00,0.00,0.00
32820.50,5.87,853.38,2.00,23.42,81.93,22.26,0.00,0.00,0.00,0.00,0.00,0.00
32826.50,5.87,850.79,2.00,23.40,81.60,22.71,0.00,0.00,0.00,0.00,0.00,0.00
32832.50,5.88,848.03,2.00,23.43,81.84,21.84,0.00,0.00,0.00,0.00,0.00,0.17
32838.50,5.87,845.31,2.00,23.43,81.97,22.30,0.00,0.00,0.00,0.00,0.00,0.00
32844.50,5.87,842.80,2.00,23.40,81.98,19.89,0.00,0.00,0.00,0.00,0.00,0.00
32850.50,5.87,840.10,2.00,23.40,82.10,20.78,0.00,0.00,0.00,0.00,0.00,0.00
32856.50,5.88,837.59,2.00,23.40,81.90,21.80,0.00,0.00,0.00,0.00,0.00,0.00
32862.50,5.87,835.08,2.00,23.40,82.00,22.56,0.00,0.00,0.00,0.00,0.00,0.00
32868.50,5.85,832.89,2.00,23.40,82.10,21.84,0.00,0.00,0.00,0.00,0.00,0.33
32874.50,5.86,830.51,2.00,23.40,81.91,20.74,0.00,0.00,0.00,0.00,0.00,0.17
32880.50,5.87,827.96,2.00,23.40,81.61,20.37,0.00,0.00,0.00,0.00,0.00,0.17
32886.50,5.87,825.55,2.00,23.40,80.95,21.82,0.00,0.00,0.00,0.00,0.00,0.00
32892.50,5.88,823.06,2.00,23.38,80.85,20.26,0.00,0.00,0.00,0.00,0.00,0.00
32898.50,5.88,820.57,2.00,23.40,81.23,20.95,0.00,0.00,0.00,0.00,0.00,0.00
32904.50,5.88,818.05,2.00,23.40,81.40,20.42,0.00,0.00,0.00,0.00,0.00,0.17
32910.50,5.88,815.56,2.00,23.40,81.38,21.65,0.00,0.00,0.00,0.00,0.00,0.00
32916.50,5.87,812.72,2.00,23.40,81.78,20.14,0.00,0.00,0.00,0.00,0.00,0.00
32922.50,5.88,810.19,2.00,23.40,82.17,21.66,0.00,0.00,0.00,0.00,0.00,0.00
32928.50,5.88,807.89,2.00,23.33,82.50,21.48,0.00,0.00,0.00,0.00,0.00,0.00
32934.50,5.88,805.47,2.00,23.35,82.70,21.75,0.00,0.00,0.00,0.00,0.00,0.00
32940.00,5.88,803.03,2.00,23.30,81.74,22.62,0.00,0.00,0.00,0.00,0.00,0.00
32946.00,5.88,800.90,2.00,23.30,82.04,22.16,0.00,0.00,0.00,0.00,0.00,0.00
32952.50,5.87,798.71,2.00,23.30,81.85,22.11,0.00,0.00,0.00,0.00,0.00,0.00
32958.50,5.86,796.77,2.00,23.30,82.47,21.34,0.00,0.00,0.00,0.00,0.00,0.00
32964.50,5.86,794.89,2.00,23.30,82.55,22.62,0.00,0.00,0.00,0.00,0.00,0.00
32970.50,5.87,792.79,2.00,23.30,82.82,20.74,0.00,0.00,0.00,0.00,0.00,0.00
32976.50,5.88,790.67,2.00,23.30,82.70,21.47,0.00,0.00,0.00,0.00,0.00,0.00
32982.50,5.89,788.21,2.00,23.30,82.88,21.95,0.00,0.00,0.00,0.00,0.00,0.00
32988.50,5.88,786.11,2.00,23.30,82.58,20.79,0.00,0.00,0.00,0.00,0.00,0.00
32994.50,5.88,783.76,2.00,23.30,82.05,21.36,0.00,0.00,0.00,0.00,0.00,0.00
33000.50,5.89,781.33,2.00,23.30,82.25,20.67,0.00,0.00,0.00,0.00,0.00,0.00
33006.50,5.88,779.04,2.00,23.30,82.43,22.73,0.00,0.00,0.00,0.00,0.00,0.00
33012.50,5.88,776.64,2.00,23.30,82.25,21.33,0.00,0.00,0.00,0.00,0.00,0.00
33018.50,5.88,774.48,2.00,23.30,81.63,23.06,0.00,0.00,0.00,0.00,0.00,0.00
33024.50,5.88,772.56,2.00,23.30,81.72,21.49,0.00,0.00,0.00,0.00,0.00,0.00
33030.50,5.88,770.47,2.00,23.30,82.05,21.47,0.00,0.00,0.00,0.00,0.00,0.00
33036.50,5.88,768.55,2.00,23.30,82.24,22.79,0.00,0.00,0.00,0.00,0.00,0.17
33042.50,5.88,766.50,2.00,23.30,82.45,22.58,0.00,0.00,0.00,0.00,0.00,0.00
33048.50,5.87,764.48,2.00,23.30,82.18,22.11,0.00,0.00,0.00,0.00,0.00,0.00
33054.50,5.89,762.45,2.00,23.30,82.37,20.90,0.00,0.00,0.00,0.00,0.00,0.00
33060.50,5.87,760.59,2.00,23.30,82.17,21.29,0.00,0.00,0.00,0.00,0.00,0.00
33066.50,5.88,758.57,2.00,23.30,81.98,20.81,0.00,0.00,0.00,0.00,0.00,0.17
33072.50,5.86,756.83,2.00,23.30,82.10,21.37,0.00,0.00,0.00,0.00,0.00,0.00
33078.50,5.86,755.30,2.00,23.30,81.92,21.18,0.00,0.00,0.00,0.00,0.00,0.17
33084.50,5.87,753.79,2.00,23.30,82.14,20.24,0.00,0.00,0.00,0.00,0.00,0.17
33090.50,5.87,752.13,2.00,23.30,82.35,20.94,0.00,0.00,0.00,0.00,0.00,0.00
33096.50,5.87,750.50,2.00,23.30,82.20,23.45,0.00,0.00,0.00,0.00,0.00,0.00
33102.50,5.86,748.97,2.00,23.30,82.03,20.90,0.00,0.00,0.00,0.00,0.00,0.00
33108.50,5.87,747.10,2.00,23.30,81.88,22.04,0.00,0.00,0.00,0.00,0.00,0.17
33114.50,5.87,745.73,2.00,23.30,81.94,20.76,0.00,0.00,0.00,0.00,0.00,0.17
33120.50,5.87,744.25,2.00,23.30,82.08,19.85,0.00,0.00,0.00,0.00,0.00,0.17
33126.50,5.86,743.09,2.00,23.30,82.10,20.45,0.00,0.00,0.00,0.00,0.00,0.00
33132.50,5.86,741.48,2.00,23.30,82.07,21.01,0.00,0.00,0.00,0.00,0.00,0.00
33138.50,5.86,740.11,2.00,23.30,82.12,21.60,0.00,0.00,0.00,0.00,0.00,0.00
33144.50,5.86,738.85,2.00,23.28,81.60,22.90,0.00,0.00,0.00,0.00,0.00,0.17
33150.50,5.86,737.79,2.00,23.30,81.33,21.57,0.00,0.00,0.00,0.00,0.00,0.00
33156.50,5.86,736.41,2.00,23.30,81.49,21.84,0.00,0.00,0.00,0.00,0.00,0.17
33162.50,5.85,735.14,2.00,23.30,81.82,20.81,0.00,0.00,0.00,0.00,0.00,0.00
33168.50,5.83,734.54,2.00,23.30,81.87,20.52,0.00,0.00,0.00,0.00,0.00,0.00
33174.50,5.83,733.25,2.00,23.30,81.87,21.39,0.00,0.00,0.00,0.00,0.00,0.00
33180.50,5.84,732.25,2.00,23.30,81.85,22.65,0.00,0.00,0.00,0.00,0.00,0.33
33186.50,5.84,731.12,2.00,23.30,82.03,21.02,0.00,0.00,0.00,0.00,0.00,0.00
33192.50,5.84,730.16,2.00,23.30,82.08,21.27,0.00,0.00,0.00,0.00,0.00,0.00
33198.50,5.84,729.14,2.00,23.30,81.73,21.84,0.00,0.00,0.00,0.00,0.00,0.00
33204.50,5.82,728.48,2.00,23.30,81.51,22.32,0.00,0.00,0.00,0.00,0.00,0.17
33210.50,5.83,727.75,2.00,23.26,81.86,22.19,0.00,0.00,0.00,0.00,0.00,0.17
33216.50,5.84,726.67,2.00,23.22,82.10,21.28,0.00,0.00,0.00,0.00,0.00,0.00
33222.50,5.83,725.75,2.00,23.20,82.02,20.18,0.00,0.00,0.00,0.00,0.00,0.00
33228.50,5.85,724.75,2.00,23.20,82.03,21.41,0.00,0.00,0.00,0.00,0.00,0.00
33234.50,5.84,724.02,2.00,23.20,82.27,20.77,0.00,0.00,0.00,0.00,0.00,0.00
33240.50,5.83,723.40,2.00,23.20,82.28,22.28,0.00,0.00,0.00,0.00,0.00,0.00
33246.50,5.82,722.40,2.00,23.20,82.15,20.36,0.00,0.00,0.00,0.00,0.00,0.17
33252.50,5.83,721.52,2.00,23.20,82.18,21.14,0.00,0.00,0.00,0.00,0.00,0.00
33258.50,5.83,720.43,2.00,23.20,82.22,20.54,0.00,0.00,0.00,0.00,0.00,0.00
33264.50,5.82,719.80,2.00,23.20,81.80,21.80,0.00,0.00,0.00,0.00,0.00,0.00
33270.50,5.82,719.18,2.00,23.20,82.00,21.42,0.00,0.00,0.00,0.00,0.00,0.00
33276.50,5.82,718.11,2.00,23.20,82.22,21.72,0.00,0.00,0.00,0.00,0.00,0.17
33282.50,5.81,717.66,2.00,23.20,82.20,22.59,0.00,0.00,0.00,0.00,0.00,0.00
33288.50,5.83,716.76,2.00,23.20,82.10,20.68,0.00,0.00,0.00,0.00,0.00,0.33
33294.50,5.83,715.89,2.00,23.20,82.00,21.18,0.00,0.00,0.00,0.00,0.00,0.00
33300.50,5.83,715.05,2.00,23.20,82.12,23.39,0.00,0.00,0.00,0.00,0.00,0.17
33306.50,5.84,714.18,2.00,23.20,82.33,21.52,0.00,0.00,0.00,0.00,0.00,0.00
33312.50,5.85,713.06,2.00,23.22,81.90,22.31,0.00,0.00,0.00,0.00,0.00,0.00
33318.50,5.84,712.25,2.00,23.20,81.82,21.02,0.00,0.00,0.00,0.00,0.00,0.00
33324.50,5.84,711.62,2.00,23.22,81.92,21.02,0.00,0.00,0.00,0.00,0.00,0.17
33330.50,5.84,710.62,2.00,23.22,82.23,21.48,0.00,0.00,0.00,0.00,0.00,0.17
33336.00,5.85,709.76,2.00,23.20,82.36,20.87,0.00,0.00,0.00,0.00,0.00,0.00
33341.50,5.85,708.59,2.00,23.20,82.42,21.24,0.00,0.00,0.00,0.00,0.00,0.00
33348.00,5.85,708.24,2.00,23.20,82.34,19.73,0.00,0.00,0.00,0.00,0.00,0.00
33354.50,5.83,707.57,2.00,23.22,82.55,20.92,0.00,0.00,0.00,0.00,0.00,0.00
33360.50,5.84,706.81,2.00,23.20,82.68,22.26,0.00,0.00,0.00,0.00,0.00,0.00
33366.50,5.85,705.53,2.00,23.20,82.50,22.81,0.00,0.00,0.00,0.00,0.00,0.00
33372.00,5.86,704.92,2.00,23.20,82.70,20.34,0.00,0.00,0.00,0.00,0.00,0.20
33378.00,5.85,704.30,2.00,23.21,82.73,21.88,0.00,0.00,0.00,0.00,0.00,0.00
33384.50,5.85,703.37,2.00,23.23,82.65,19.74,0.00,0.00,0.00,0.00,0.00,0.00
33390.50,5.84,702.46,2.00,23.22,82.53,21.93,0.00,0.00,0.00,0.00,0.00,0.33
33396.50,5.84,701.75,2.00,23.28,82.62,22.10,0.00,0.00,0.00,0.00,0.00,0.00
33402.50,5.83,700.93,2.00,23.29,81.91,23.51,0.00,0.00,0.00,0.00,0.00,0.17
33408.50,5.82,700.42,2.00,23.23,81.70,20.67,0.00,0.00,0.00,0.00,0.00,0.00
33414.50,5.81,699.98,2.00,23.20,81.55,21.55,0.00,0.00,0.00,0.00,0.00,0.00
33420.50,5.80,699.36,2.00,23.20,82.02,19.91,0.00,0.00,0.00,0.00,0.00,0.00
33426.50,5.80,698.68,2.00,23.23,82.53,21.64,0.00,0.00,0.00,0.00,0.00,0.00
33432.50,5.81,698.10,2.00,23.28,82.55,20.52,0.00,0.00,0.00,0.00,0.00,0.00
33438.50,5.83,697.27,2.00,23.27,82.77,21.04,0.00,0.00,0.00,0.00,0.00,0.00
33444.50,5.83,696.39,2.00,23.28,82.87,19.26,0.00,0.00,0.00,0.00,0.00,0.17
33450.50,5.84,695.64,2.00,23.27,82.77,21.24,0.00,0.00,0.00,0.00,0.00,0.00
33456.50,5.85,694.62,2.00,23.27,82.58,21.23,0.00,0.00,0.00,0.00,0.00,0.00
33462.50,5.82,694.26,2.00,23.23,82.60,21.75,0.00,0.00,0.00,0.00,0.00,0.00
33468.50,5.81,693.79,2.00,23.25,82.87,21.67,0.00,0.00,0.00,0.00,0.00,0.00
33474.50,5.80,693.24,2.00,23.28,82.93,21.04,0.00,0.00,0.00,0.00,0.00,0.17
33480.50,5.80,692.77,2.00,23.25,82.97,20.66,0.00,0.00,0.00,0.00,0.00,0.00
33486.50,5.80,692.28,2.00,23.22,82.91,22.58,0.00,0.00,0.00,0.00,0.00,0.17
33492.50,5.81,691.68,2.00,23.23,82.90,22.20,0.00,0.00,0.00,0.00,0.00,0.00
33498.50,5.80,691.13,2.00,23.25,82.88,22.21,0.00,0.00,0.00,0.00,0.00,0.00
33503.50,5.80,690.37,2.00,23.20,82.80,22.20,0.00,0.00,0.00,0.00,0.00,0.00
33508.50,5.80,689.99,2.00,23.20,82.87,22.13,0.00,0.00,0.00,0.00,0.00,0.00
33514.50,5.80,689.60,2.00,23.22,83.13,21.83,0.00,0.00,0.00,0.00,0.00,0.00
33520.50,5.80,688.97,2.00,23.22,82.93,21.90,0.00,0.00,0.00,0.00,0.00,0.00
33526.50,5.80,688.64,2.00,23.20,82.80,22.15,0.00,0.00,0.00,0.00,0.00,0.00
33532.50,5.78,688.12,2.00,23.22,82.92,20.95,0.00,0.00,0.00,0.00,0.00,0.00
33538.50,5.78,687.82,2.00,23.22,82.95,21.66,0.00,0.00,0.00,0.00,0.00,0.00
33544.50,5.78,687.30,2.00,23.20,82.85,19.71,0.00,0.00,0.00,0.00,0.00,0.00
33550.50,5.79,686.53,2.00,23.20,82.92,22.73,0.00,0.00,0.00,0.00,0.00,0.00
33556.50,5.79,685.89,2.00,23.23,83.02,22.33,0.00,0.00,0.00,0.00,0.00,0.00
33562.50,5.80,685.49,2.00,23.22,83.05,22.51,0.00,0.00,0.00,0.00,0.00,0.00
33568.50,5.79,685.00,2.00,23.23,83.08,22.02,0.00,0.00,0.00,0.00,0.00,0.00
33574.50,5.78,684.52,2.00,23.28,83.02,19.95,0.00,0.00,0.00,0.00,0.00,0.00
33580.50,5.78,684.30,2.00,23.30,83.00,21.69,0.00,0.00,0.00,0.00,0.00,0.00
33586.50,5.79,683.60,2.00,23.28,83.10,21.01,0.00,0.00,0.00,0.00,0.00,0.00
33592.50,5.78,683.07,2.00,23.26,83.02,20.57,0.00,0.00,0.00,0.00,0.00,0.17
33598.50,5.78,682.75,2.00,23.28,82.85,21.18,0.00,0.00,0.00,0.00,0.00,0.00
33604.50,5.80,681.99,2.00,23.30,83.17,21.09,0.00,0.00,0.00,0.00,0.00,0.00
33610.50,5.79,681.45,2.00,23.30,83.08,21.74,0.00,0.00,0.00,0.00,0.00,0.17
33616.50,5.78,681.20,2.00,23.28,82.94,23.14,0.00,0.00,0.00,0.00,0.00,0.17
33622.50,5.77,680.72,2.00,23.27,82.97,22.29,0.00,0.00,0.00,0.00,0.00,0.00
33628.50,5.78,679.97,2.00,23.22,82.97,23.06,0.00,0.00,0.00,0.00,0.00,0.00
33634.50,5.79,679.18,2.00,23.25,82.92,21.05,0.00,0.00,0.00,0.00,0.00,0.17
33640.50,5.79,678.34,2.00,23.25,82.98,23.17,0.00,0.00,0.00,0.00,0.00,0.00
33646.50,5.78,678.10,2.00,23.23,82.90,20.92,0.00,0.00,0.00,0.00,0.00,0.00
33652.50,5.77,677.64,2.00,23.20,82.90,21.93,0.00,0.00,0.00,0.00,0.00,0.17
33658.50,5.79,676.86,2.00,23.20,82.90,21.93,0.00,0.00,0.00,0.00,0.00,0.00
33664.50,5.79,675.39,2.00,23.20,82.98,21.99,0.00,0.00,0.00,0.00,0.00,0.17
33670.50,5.80,673.76,2.00,23.20,83.17,20.21,0.00,0.00,0.00,0.00,0.00,0.00
33676.50,5.79,672.39,2.00,23.20,83.03,21.50,0.00,0.00,0.00,0.00,0.00,0.00
33682.50,5.79,670.83,2.00,23.20,83.05,21.12,0.00,0.00,0.00,0.00,0.00,0.17
33688.50,5.80,669.49,2.00,23.20,82.92,21.62,0.00,0.00,0.00,0.00,0.00,0.00
33694.50,5.81,667.26,2.00,23.20,83.07,22.67,0.00,0.00,0.00,0.00,0.00,0.00
33700.50,5.82,664.86,2.00,23.20,83.05,22.68,0.00,0.00,0.00,0.00,0.00,0.17
33706.50,5.80,663.01,2.00,23.20,83.11,21.34,0.00,0.00,0.00,0.00,0.00,0.17
33712.50,5.79,661.19,2.00,23.20,83.05,21.95,0.00,0.00,0.00,0.00,0.00,0.00
33718.50,5.78,659.84,2.00,23.22,83.07,22.41,0.00,0.00,0.00,0.00,0.00,0.00
33724.50,5.79,658.46,2.00,23.20,83.12,21.95,0.00,0.00,0.00,0.00,0.00,0.17
33730.50,5.80,656.72,2.00,23.20,83.17,21.95,0.00,0.00,0.00,0.00,0.00,0.00
33736.50,5.80,654.65,2.00,23.20,83.03,21.51,0.00,0.00,0.00,0.00,0.00,0.00
33742.50,5.79,652.70,2.00,23.20,82.93,21.29,0.00,0.00,0.00,0.00,0.00,0.00
33748.50,5.79,650.97,2.00,23.20,82.87,19.97,0.00,0.00,0.00,0.00,0.00,0.00
33754.50,5.80,649.06,2.00,23.20,82.85,21.60,0.00,0.00,0.00,0.00,0.00,0.00
33760.50,5.82,646.83,2.00,23.20,82.90,21.30,0.00,0.00,0.00,0.00,0.00,0.00
33766.50,5.81,644.56,2.00,23.20,82.95,21.92,0.00,0.00,0.00,0.00,0.00,0.00
33772.50,5.79,642.44,2.00,23.20,83.02,20.29,0.00,0.00,0.00,0.00,0.00,0.00
33778.50,5.78,640.38,2.00,23.20,82.90,22.00,0.00,0.00,0.00,0.00,0.00,0.00
33784.50,5.82,638.01,2.00,23.17,83.05,21.68,0.00,0.00,0.00,0.00,0.00,0.00
33790.50,5.85,635.59,2.00,23.18,83.02,20.54,0.00,0.00,0.00,0.00,0.00,0.00
33796.00,5.83,633.34,2.00,23.20,83.12,19.71,0.00,0.00,0.00,0.00,0.00,0.00
33802.00,5.80,630.87,2.00,23.20,82.94,19.90,0.00,0.00,0.00,0.00,0.00,0.00
33808.50,5.80,628.12,2.00,23.20,83.03,21.60,0.00,0.00,0.00,0.00,0.00,0.00
33814.50,5.81,625.75,2.00,23.20,83.05,21.40,0.00,0.00,0.00,0.00,0.00,0.00
33820.50,5.81,623.34,2.00,23.20,83.18,21.61,0.00,0.00,0.00,0.00,0.00,0.00
33826.50,5.78,621.14,2.00,23.22,82.82,21.82,0.00,0.00,0.00,0.00,0.00,0.00
33832.50,5.77,619.11,2.00,23.20,82.85,21.44,0.00,0.00,0.00,0.00,0.00,0.00
33838.50,5.78,617.43,2.00,23.20,82.88,20.97,0.00,0.00,0.00,0.00,0.00,0.33
33844.50,5.81,614.85,2.00,23.20,82.88,22.49,0.00,0.00,0.00,0.00,0.00,0.00
33850.50,5.82,613.16,2.00,23.20,82.88,22.73,0.00,0.00,0.00,0.00,0.00,0.00
33856.00,5.80,611.08,2.00,23.20,82.80,23.39,0.00,0.00,0.00,0.00,0.00,0.00
33861.50,5.80,608.99,2.00,23.20,82.75,23.41,0.00,0.00,0.00,0.00,0.00,0.00
33867.50,5.80,1140.12,2.00,23.20,82.62,20.79,0.00,0.00,0.00,0.00,0.00,0.17
33873.50,5.80,1404.92,2.00,23.20,82.85,22.52,0.00,0.00,0.00,0.00,0.00,0.00
33879.50,5.80,1402.66,2.00,23.20,83.88,20.01,0.00,0.00,0.00,0.00,0.00,0.00
33885.00,5.80,1400.77,2.00,23.20,83.26,20.02,0.00,0.00,0.00,0.00,0.00,0.00
33891.00,6.06,1387.11,2.00,23.20,83.11,21.74,0.00,0.00,0.00,0.00,0.00,0.00
33897.50,6.02,1380.97,2.00,23.20,83.02,21.91,0.00,0.00,0.00,0.00,0.00,0.00
33903.50,5.99,1377.75,2.00,23.20,82.85,20.95,0.00,0.00,0.00,0.00,0.00,0.00
33909.50,5.97,1374.09,2.00,23.20,82.85,20.93,0.00,0.00,0.00,0.00,0.00,0.00
33915.50,5.94,1370.33,2.00,23.20,82.87,19.94,0.00,0.00,0.00,0.00,0.00,0.00
33920.50,5.90,1368.15,2.00,23.20,82.93,22.74,0.00,0.00,0.00,0.00,0.00,0.00
33925.50,5.88,1365.54,2.00,23.20,82.85,19.81,0.00,0.00,0.00,0.00,0.00,0.00
33931.50,5.86,1363.33,2.00,23.20,82.92,21.83,0.00,0.00,0.00,0.00,0.00,0.00
33937.50,5.89,1359.90,2.00,23.22,82.77,21.74,0.00,0.00,0.00,0.00,0.00,0.00
33943.50,5.89,1356.62,2.00,23.20,82.75,21.57,0.00,0.00,0.00,0.00,0.00,0.00
33949.50,5.87,1354.32,2.00,23.22,82.68,21.76,0.00,0.00,0.00,0.00,0.00,0.00
33955.50,5.86,1352.19,2.00,23.20,82.52,21.09,0.00,0.00,0.00,0.00,0.00,0.00
33961.50,5.84,1350.87,2.00,23.22,82.48,22.56,0.00,0.00,0.00,0.00,0.00,0.00
33967.50,5.83,1349.44,2.00,23.22,82.38,22.14,0.00,0.00,0.00,0.00,0.00,0.00
33973.50,5.82,1348.33,2.00,23.22,82.55,20.43,0.00,0.00,0.00,0.00,0.00,0.00
33979.50,5.82,1347.59,2.00,23.22,82.47,21.07,0.00,0.00,0.00,0.00,0.00,0.00
33985.50,5.81,1346.74,2.00,23.22,82.48,20.46,0.00,0.00,0.00,0.00,0.00,0.00
33991.50,5.82,1345.67,2.00,23.20,82.53,22.31,0.00,0.00,0.00,0.00,0.00,0.00
33997.50,5.81,1344.59,2.00,23.20,82.44,20.31,0.00,0.00,0.00,0.00,0.00,0.17
34003.00,5.82,1343.90,2.00,23.20,82.44,22.64,0.00,0.00,0.00,0.00,0.00,0.00
34008.50,5.82,1342.95,2.00,23.20,82.67,20.24,0.00,0.00,0.00,0.00,0.00,0.00
34014.50,5.82,1342.48,2.00,23.20,82.58,21.25,0.00,0.00,0.00,0.00,0.00,0.17
34020.50,5.81,1341.64,2.00,23.22,82.77,23.10,0.00,0.00,0.00,0.00,0.00,0.00
34026.50,5.81,1340.86,2.00,23.20,82.75,19.82,0.00,0.00,0.00,0.00,0.00,0.00
34032.50,5.82,1339.94,2.00,23.22,82.60,20.60,0.00,0.00,0.00,0.00,0.00,0.00
34038.50,5.84,1339.44,2.00,23.22,82.81,21.72,0.00,0.00,0.00,0.00,0.00,0.17
34044.50,5.85,1338.42,2.00,23.20,82.72,21.39,0.00,0.00,0.00,0.00,0.00,0.00
34050.50,5.86,1338.09,2.00,23.22,82.65,21.73,0.00,0.00,0.00,0.00,0.00,0.00
34056.50,5.86,1337.35,2.00,23.23,82.73,22.33,0.00,0.00,0.00,0.00,0.00,0.00
34062.50,5.86,1337.27,2.00,23.23,82.70,21.38,0.00,0.00,0.00,0.00,0.00,0.17
34068.50,5.86,1337.04,2.00,23.23,82.42,21.64,0.00,0.00,0.00,0.00,0.00,0.00
34074.50,5.85,1336.55,2.00,23.20,82.32,20.92,0.00,0.00,0.00,0.00,0.00,0.17
34080.00,5.85,1336.40,2.00,23.20,82.50,20.52,0.00,0.00,0.00,0.00,0.00,0.00
34085.00,5.86,1335.84,2.00,23.20,82.64,21.74,0.00,0.00,0.00,0.00,0.00,0.00
34090.50,5.87,1335.19,2.00,23.25,82.57,22.17,0.00,0.00,0.00,0.00,0.00,0.00
34096.50,5.88,1334.77,2.00,23.22,82.23,20.27,0.00,0.00,0.00,0.00,0.00,0.00
34102.50,5.89,1334.02,2.00,23.22,81.30,21.20,0.00,0.00,0.00,0.00,0.00,0.00
34108.50,5.88,1333.44,2.00,23.22,80.78,21.22,0.00,0.00,0.00,0.00,0.00,0.00
34114.00,5.88,1332.75,2.00,23.20,80.94,23.71,0.00,0.00,0.00,0.00,0.00,0.00
34120.00,5.89,1332.16,2.00,23.20,81.39,21.75,0.00,0.00,0.00,0.00,0.00,0.00
34126.50,5.90,1331.61,2.00,23.20,82.00,21.74,0.00,0.00,0.00,0.00,0.00,0.00
34132.50,5.89,1331.14,2.00,23.20,82.07,21.53,0.00,0.00,0.00,0.00,0.00,0.00
34138.50,5.88,1330.65,2.00,23.22,81.97,23.46,0.00,0.00,0.00,0.00,0.00,0.00
34144.50,5.88,1329.94,2.00,23.21,82.10,21.74,0.00,0.00,0.00,0.00,0.00,0.17
34150.50,5.87,1328.96,2.00,23.20,82.15,21.70,0.00,0.00,0.00,0.00,0.00,0.00
34156.50,5.87,1327.89,2.00,23.20,82.08,20.73,0.00,0.00,0.00,0.00,0.00,0.00
34162.50,5.88,1326.95,2.00,23.20,82.12,20.34,0.00,0.00,0.00,0.00,0.00,0.00
34168.50,5.89,1326.62,2.00,23.20,82.05,21.86,0.00,0.00,0.00,0.00,0.00,0.00
34174.50,5.89,1326.35,2.00,23.20,82.12,21.27,0.00,0.00,0.00,0.00,0.00,0.00
34179.50,5.88,1326.35,2.00,23.20,81.97,22.58,0.00,0.00,0.00,0.00,0.00,0.00
34183.50,5.89,1525.58,2.00,23.18,82.15,21.79,0.00,0.00,0.00,0.00,0.00,0.00
34188.50,5.88,1525.90,2.00,23.20,82.48,22.29,0.00,0.00,0.00,0.00,0.00,0.17
34194.50,5.91,1525.17,2.00,23.10,83.00,21.93,0.00,0.00,0.00,0.00,0.00,0.00
34200.50,5.93,1524.27,2.00,23.10,82.58,22.65,0.00,0.00,0.00,0.00,0.00,0.00
34206.50,5.93,1523.96,2.00,23.10,82.28,21.42,0.00,0.00,0.00,0.00,0.00,0.00
34212.50,5.92,1522.40,2.00,23.12,82.37,19.89,0.00,0.00,0.00,0.00,0.00,0.00
34218.50,5.91,1520.96,2.00,23.10,82.08,21.04,0.00,0.00,0.00,0.00,0.00,0.17
34224.50,5.91,1519.67,2.00,23.10,82.08,21.21,0.00,0.00,0.00,0.00,0.00,0.00
34230.50,5.93,1518.38,2.00,23.13,81.90,21.04,0.00,0.00,0.00,0.00,0.00,0.00
34236.50,5.92,1517.54,2.00,23.13,81.84,22.44,0.00,0.00,0.00,0.00,0.00,0.17
34242.50,5.91,1516.12,2.00,23.10,82.07,19.73,0.00,0.00,0.00,0.00,0.00,0.00
34248.50,5.89,1514.17,2.00,23.10,82.12,21.86,0.00,0.00,0.00,0.00,0.00,0.00
34254.50,5.89,1512.23,2.00,23.13,82.08,22.34,0.00,0.00,0.00,0.00,0.00,0.00
34260.50,5.88,1510.61,2.00,23.12,82.17,21.92,0.00,0.00,0.00,0.00,0.00,0.00
34266.50,5.86,1509.00,2.00,23.10,82.22,22.27,0.00,0.00,0.00,0.00,0.00,0.00
34272.50,5.86,1507.16,2.00,23.12,82.17,22.86,0.00,0.00,0.00,0.00,0.00,0.17
34278.50,5.87,1505.37,2.00,23.12,82.05,22.19,0.00,0.00,0.00,0.00,0.00,0.00
34284.50,5.87,1503.62,2.00,23.15,82.22,21.63,0.00,0.00,0.00,0.00,0.00,0.00
34290.50,5.87,1501.73,2.00,23.10,82.32,21.86,0.00,0.00,0.00,0.00,0.00,0.00
34296.50,5.87,1499.39,2.00,23.12,82.41,19.77,0.00,0.00,0.00,0.00,0.00,0.17
34302.50,5.88,1497.96,2.00,23.10,82.17,21.72,0.00,0.00,0.00,0.00,0.00,0.17
34308.50,5.87,1496.29,2.00,23.10,82.13,20.93,0.00,0.00,0.00,0.00,0.00,0.00
34314.50,5.86,1494.47,2.00,23.10,82.05,22.08,0.00,0.00,0.00,0.00,0.00,0.00
34320.50,5.86,1492.58,2.00,23.10,82.10,22.29,0.00,0.00,0.00,0.00,0.00,0.00
34326.50,5.86,1491.06,2.00,23.10,82.02,20.95,0.00,0.00,0.00,0.00,0.00,0.00
34332.50,5.87,1488.90,2.00,23.10,82.08,20.91,0.00,0.00,0.00,0.00,0.00,0.00
34338.50,5.88,1486.94,2.00,23.10,82.07,22.04,0.00,0.00,0.00,0.00,0.00,0.00
34344.50,5.89,1484.96,2.00,23.10,82.02,21.34,0.00,0.00,0.00,0.00,0.00,0.00
34350.50,5.89,1482.85,2.00,23.10,82.15,22.02,0.00,0.00,0.00,0.00,0.00,0.00
34356.50,5.91,1480.66,2.00,23.10,82.17,22.30,0.00,0.00,0.00,0.00,0.00,0.00
34362.50,5.95,1478.12,2.00,23.10,82.15,21.51,0.00,0.00,0.00,0.00,0.00,0.00
34368.50,5.97,1475.69,2.00,23.10,82.17,21.37,0.00,0.00,0.00,0.00,0.00,0.00
34374.50,5.97,1472.85,2.00,23.10,82.17,22.07,0.00,0.00,0.00,0.00,0.00,0.00
34380.50,5.96,1469.98,2.00,23.10,81.87,21.71,0.00,0.00,0.00,0.00,0.00,0.00
34386.50,5.96,1467.66,2.00,23.10,81.75,20.75,0.00,0.00,0.00,0.00,0.00,0.00
34392.50,5.96,1465.31,2.00,23.08,81.75,22.07,0.00,0.00,0.00,0.00,0.00,0.00
34398.50,5.96,1462.60,2.00,23.02,81.73,22.01,0.00,0.00,0.00,0.00,0.00,0.17
34404.50,5.95,1460.40,2.00,23.00,81.88,21.35,0.00,0.00,0.00,0.00,0.00,0.00
34410.50,5.94,1459.03,2.00,23.00,81.82,22.94,0.00,0.00,0.00,0.00,0.00,0.00
34416.50,5.93,1457.61,2.00,23.00,82.03,21.70,0.00,0.00,0.00,0.00,0.00,0.00
34422.50,5.92,1455.90,2.00,23.00,82.17,22.43,0.00,0.00,0.00,0.00,0.00,0.00
34428.50,5.90,1454.45,2.00,23.00,82.15,20.83,0.00,0.00,0.00,0.00,0.00,0.00
34434.50,5.91,1452.56,2.00,23.00,81.92,21.22,0.00,0.00,0.00,0.00,0.00,0.00
34440.50,5.92,1450.64,2.00,23.00,81.82,21.87,0.00,0.00,0.00,0.00,0.00,0.17
34446.50,5.92,1448.88,2.00,23.00,81.95,23.37,0.00,0.00,0.00,0.00,0.00,0.00
34452.50,5.92,1446.92,2.00,23.00,82.10,22.66,0.00,0.00,0.00,0.00,0.00,0.17
34458.50,5.93,1445.61,2.00,23.00,82.05,21.46,0.00,0.00,0.00,0.00,0.00,0.00
34464.50,5.93,1444.29,2.00,22.97,82.20,22.17,0.00,0.00,0.00,0.00,0.00,0.00
34470.50,5.92,1442.96,2.00,22.98,82.18,21.94,0.00,0.00,0.00,0.00,0.00,0.00
34476.50,5.92,1441.72,2.00,22.98,82.05,21.81,0.00,0.00,0.00,0.00,0.00,0.00
34482.50,5.93,1440.19,2.00,22.97,81.95,20.98,0.00,0.00,0.00,0.00,0.00,0.00
34488.50,5.93,1438.59,2.00,23.00,81.85,22.48,0.00,0.00,0.00,0.00,0.00,0.00
34494.50,5.92,1437.62,2.00,23.00,82.13,20.83,0.00,0.00,0.00,0.00,0.00,0.00
34500.50,5.92,1436.82,2.00,23.00,82.02,21.83,0.00,0.00,0.00,0.00,0.00,0.00
34506.50,5.91,1436.06,2.00,23.00,82.07,21.24,0.00,0.00,0.00,0.00,0.00,0.00
34512.50,5.91,1434.37,2.00,23.00,82.02,20.39,0.00,0.00,0.00,0.00,0.00,0.33
34518.50,5.92,1433.05,2.00,23.00,81.95,19.24,0.00,0.00,0.00,0.00,0.00,0.00
34524.50,5.92,1431.86,2.00,22.98,81.82,21.57,0.00,0.00,0.00,0.00,0.00,0.00
34530.50,5.91,1431.17,2.00,22.98,81.88,20.88,0.00,0.00,0.00,0.00,0.00,0.00
34536.50,5.91,1430.27,2.00,22.97,81.92,21.06,0.00,0.00,0.00,0.00,0.00,0.00
34542.50,5.92,1428.52,2.00,23.00,81.97,22.09,0.00,0.00,0.00,0.00,0.00,0.00
34548.50,5.92,1427.67,2.00,23.00,81.78,22.80,0.00,0.00,0.00,0.00,0.00,0.00
34554.50,5.92,1426.49,2.00,23.00,81.99,21.21,0.00,0.00,0.00,0.00,0.00,0.17
34560.50,5.92,1425.84,2.00,22.98,82.05,19.56,0.00,0.00,0.00,0.00,0.00,0.00
34566.50,5.92,1424.92,2.00,23.00,82.15,21.29,0.00,0.00,0.00,0.00,0.00,0.00
34572.50,5.92,1424.18,2.00,22.98,82.12,22.15,0.00,0.00,0.00,0.00,0.00,0.00
34578.50,5.92,1423.23,2.00,23.00,81.96,21.77,0.00,0.00,0.00,0.00,0.00,0.17
34584.50,5.91,1422.35,2.00,22.98,81.87,20.24,0.00,0.00,0.00,0.00,0.00,0.00
34590.50,5.91,1421.88,2.00,23.00,82.02,21.83,0.00,0.00,0.00,0.00,0.00,0.00
34596.50,5.92,1420.55,2.00,23.00,82.05,21.90,0.00,0.00,0.00,0.00,0.00,0.00
34602.50,5.92,1419.77,2.00,22.98,82.02,20.40,0.00,0.00,0.00,0.00,0.00,0.00
34608.50,5.91,1419.16,2.00,23.00,82.00,19.68,0.00,0.00,0.00,0.00,0.00,0.00
34614.50,5.91,1418.19,2.00,22.95,82.30,21.54,0.00,0.00,0.00,0.00,0.00,0.00
34620.50,5.91,1417.14,2.00,22.98,82.27,20.61,0.00,0.00,0.00,0.00,0.00,0.00
34626.50,5.91,1416.31,2.00,22.93,82.27,22.57,0.00,0.00,0.00,0.00,0.00,0.00
34632.50,5.91,1415.46,2.00,22.95,82.23,20.87,0.00,0.00,0.00,0.00,0.00,0.00
34638.50,5.90,1414.86,2.00,22.94,82.25,21.97,0.00,0.00,0.00,0.00,0.00,0.17
34644.50,5.91,1413.44,2.00,22.95,82.27,21.57,0.00,0.00,0.00,0.00,0.00,0.17
34650.00,5.89,1413.41,2.00,22.95,82.11,21.05,0.00,0.00,0.00,0.00,0.00,0.20
34656.00,5.90,1412.45,2.00,22.96,82.11,21.16,0.00,0.00,0.00,0.00,0.00,0.00
34662.50,5.91,1410.64,2.00,22.97,82.23,22.64,0.00,0.00,0.00,0.00,0.00,0.00
34668.50,5.91,1409.80,2.00,22.98,82.42,20.50,0.00,0.00,0.00,0.00,0.00,0.17
34674.50,5.91,1409.34,2.00,22.98,82.25,20.39,0.00,0.00,0.00,0.00,0.00,0.00
34680.50,5.91,1408.42,2.00,22.97,82.15,20.92,0.00,0.00,0.00,0.00,0.00,0.00
34686.50,5.91,1407.54,2.00,22.98,82.27,21.46,0.00,0.00,0.00,0.00,0.00,0.00
34692.50,5.91,1406.64,2.00,22.97,82.08,22.63,0.00,0.00,0.00,0.00,0.00,0.33
34698.50,5.91,1405.77,2.00,23.00,82.10,21.05,0.00,0.00,0.00,0.00,0.00,0.17
34704.50,5.91,1405.08,2.00,22.97,82.13,21.87,0.00,0.00,0.00,0.00,0.00,0.17
34710.50,5.91,1404.53,2.00,22.98,82.25,21.54,0.00,0.00,0.00,0.00,0.00,0.00
34716.50,5.91,1403.77,2.00,23.00,82.25,21.52,0.00,0.00,0.00,0.00,0.00,0.00
34722.50,5.91,1403.04,2.00,23.00,82.10,21.58,0.00,0.00,0.00,0.00,0.00,0.00
34728.50,5.90,1402.83,2.00,23.00,82.37,22.21,0.00,0.00,0.00,0.00,0.00,0.00
34734.50,5.90,1401.85,2.00,23.00,82.23,21.78,0.00,0.00,0.00,0.00,0.00,0.00
34740.50,5.90,1401.09,2.00,23.00,81.95,22.30,0.00,0.00,0.00,0.00,0.00,0.00
34746.50,5.90,1400.02,2.00,23.00,82.03,22.72,0.00,0.00,0.00,0.00,0.00,0.00
34752.50,5.91,1399.08,2.00,22.98,82.27,20.57,0.00,0.00,0.00,0.00,0.00,0.00
34758.50,5.90,1398.40,2.00,22.98,82.20,23.20,0.00,0.00,0.00,0.00,0.00,0.00
34764.50,5.91,1397.56,2.00,22.97,82.08,22.11,0.00,0.00,0.00,0.00,0.00,0.00
34770.50,5.90,1397.32,2.00,22.97,82.20,20.61,0.00,0.00,0.00,0.00,0.00,0.00
34776.50,5.90,1396.28,2.00,22.93,82.23,20.53,0.00,0.00,0.00,0.00,0.00,0.00
34782.50,5.91,1395.26,2.00,22.93,82.27,22.20,0.00,0.00,0.00,0.00,0.00,0.00
34788.50,5.90,1394.60,2.00,22.95,82.23,20.79,0.00,0.00,0.00,0.00,0.00,0.00
34794.50,5.90,1394.19,2.00,22.90,82.18,20.83,0.00,0.00,0.00,0.00,0.00,0.00
34800.50,5.90,1393.51,2.00,22.93,82.15,21.91,0.00,0.00,0.00,0.00,0.00,0.00
34806.50,5.90,1392.60,2.00,22.93,82.28,22.65,0.00,0.00,0.00,0.00,0.00,0.00
34812.50,5.90,1391.94,2.00,22.90,82.32,22.00,0.00,0.00,0.00,0.00,0.00,0.00
34818.50,5.90,1391.02,2.00,22.92,82.37,21.34,0.00,0.00,0.00,0.00,0.00,0.00
34824.50,5.90,1389.94,2.00,22.92,82.45,19.32,0.00,0.00,0.00,0.00,0.00,0.00
34830.50,5.90,1389.57,2.00,22.90,82.42,21.25,0.00,0.00,0.00,0.00,0.00,0.00
34836.50,5.90,1389.02,2.00,22.90,82.45,21.21,0.00,0.00,0.00,0.00,0.00,0.00
34842.50,5.89,1388.51,2.00,22.90,82.38,19.89,0.00,0.00,0.00,0.00,0.00,0.00
34848.50,5.88,1387.99,2.00,22.90,82.38,21.34,0.00,0.00,0.00,0.00,0.00,0.00
34854.50,5.89,1386.58,2.00,22.90,82.37,22.24,0.00,0.00,0.00,0.00,0.00,0.00
34860.50,5.90,1385.23,2.00,22.90,82.28,21.22,0.00,0.00,0.00,0.00,0.00,0.00
34866.50,5.89,1384.35,2.00,22.92,82.47,21.40,0.00,0.00,0.00,0.00,0.00,0.00
34872.50,5.90,1383.53,2.00,22.90,82.40,20.30,0.00,0.00,0.00,0.00,0.00,0.00
34878.50,5.90,1382.93,2.00,22.92,82.50,21.52,0.00,0.00,0.00,0.00,0.00,0.00
34884.50,5.91,1382.10,2.00,22.93,82.58,21.77,0.00,0.00,0.00,0.00,0.00,0.00
34890.50,5.90,1381.27,2.00,22.93,82.48,22.90,0.00,0.00,0.00,0.00,0.00,0.00
34896.50,5.91,1380.84,2.00,22.93,82.38,21.13,0.00,0.00,0.00,0.00,0.00,0.00
34902.50,5.90,1380.35,2.00,22.93,82.22,22.51,0.00,0.00,0.00,0.00,0.00,0.00
34908.50,5.90,1380.19,2.00,22.92,82.25,21.53,0.00,0.00,0.00,0.00,0.00,0.00
34914.50,5.90,1379.69,2.00,22.95,82.17,21.89,0.00,0.00,0.00,0.00,0.00,0.00
34920.50,5.91,1377.96,2.00,22.90,82.18,22.25,0.00,0.00,0.00,0.00,0.00,0.00
34926.50,5.90,1377.48,2.00,22.93,82.18,20.65,0.00,0.00,0.00,0.00,0.00,0.00
34932.50,5.90,1377.20,2.00,22.92,81.98,22.89,0.00,0.00,0.00,0.00,0.00,0.00
34938.50,5.90,1376.44,2.00,22.92,81.97,22.38,0.00,0.00,0.00,0.00,0.00,0.00
34944.50,5.91,1375.60,2.00,22.92,81.93,20.29,0.00,0.00,0.00,0.00,0.00,0.17
34950.50,5.90,1375.30,2.00,22.92,82.20,20.93,0.00,0.00,0.00,0.00,0.00,0.00
34956.50,5.90,1374.78,2.00,22.90,82.07,22.16,0.00,0.00,0.00,0.00,0.00,0.00
34962.50,5.91,1373.98,2.00,22.90,82.02,21.24,0.00,0.00,0.00,0.00,0.00,0.00
34968.50,5.90,1373.62,2.00,22.90,81.89,22.95,0.00,0.00,0.00,0.00,0.00,0.17
34974.50,5.89,1373.14,2.00,22.90,81.95,19.05,0.00,0.00,0.00,0.00,0.00,0.00
34980.50,5.90,1372.39,2.00,22.90,82.03,21.04,0.00,0.00,0.00,0.00,0.00,0.00
34986.50,5.91,1371.56,2.00,22.90,82.03,21.38,0.00,0.00,0.00,0.00,0.00,0.00
34992.50,5.90,1371.17,2.00,22.90,82.17,22.29,0.00,0.00,0.00,0.00,0.00,0.00
34998.50,5.89,1370.65,2.00,22.90,82.33,22.17,0.00,0.00,0.00,0.00,0.00,0.00
35004.50,5.89,1369.87,2.00,22.90,82.30,22.30,0.00,0.00,0.00,0.00,0.00,0.00
35010.50,5.90,1368.98,2.00,22.90,82.22,21.56,0.00,0.00,0.00,0.00,0.00,0.00
35016.50,5.90,1368.28,2.00,22.90,82.18,20.92,0.00,0.00,0.00,0.00,0.00,0.00
35022.50,5.89,1367.80,2.00,22.90,82.08,20.76,0.00,0.00,0.00,0.00,0.00,0.17
35028.50,5.90,1366.90,2.00,22.90,82.05,21.34,0.00,0.00,0.00,0.00,0.00,0.00
35034.50,5.90,1366.27,2.00,22.90,81.85,21.61,0.00,0.00,0.00,0.00,0.00,0.00
35040.50,5.89,1365.58,2.00,22.92,82.03,21.48,0.00,0.00,0.00,0.00,0.00,0.00
35046.50,5.90,1364.61,2.00,22.92,81.98,22.17,0.00,0.00,0.00,0.00,0.00,0.00
35052.50,5.90,1363.54,2.00,22.93,81.88,21.92,0.00,0.00,0.00,0.00,0.00,0.00
35058.50,5.89,1363.24,2.00,22.92,82.00,20.57,0.00,0.00,0.00,0.00,0.00,0.17
35064.50,5.90,1362.56,2.00,22.92,82.07,20.27,0.00,0.00,0.00,0.00,0.00,0.17
35070.50,5.90,1361.85,2.00,22.93,82.10,19.97,0.00,0.00,0.00,0.00,0.00,0.00
35076.50,5.90,1361.40,2.00,22.95,82.07,23.26,0.00,0.00,0.00,0.00,0.00,0.00
35082.50,5.90,1360.89,2.00,22.97,82.15,21.14,0.00,0.00,0.00,0.00,0.00,0.00
35088.50,5.91,1360.22,2.00,22.97,81.97,21.36,0.00,0.00,0.00,0.00,0.00,0.00
35094.50,5.91,1359.58,2.00,22.95,81.93,22.48,0.00,0.00,0.00,0.00,0.00,0.00
35100.50,5.90,1359.09,2.00,22.98,82.10,21.46,0.00,0.00,0.00,0.00,0.00,0.00
35106.50,5.90,1358.75,2.00,22.93,82.12,20.80,0.00,0.00,0.00,0.00,0.00,0.00
35112.50,5.90,1358.16,2.00,22.98,82.09,21.73,0.00,0.00,0.00,0.00,0.00,0.17
35118.50,5.90,1357.50,2.00,22.98,81.90,19.93,0.00,0.00,0.00,0.00,0.00,0.00
35124.50,5.91,1356.72,2.00,22.95,81.90,22.70,0.00,0.00,0.00,0.00,0.00,0.00
35130.50,5.90,1356.26,2.00,22.93,81.85,22.10,0.00,0.00,0.00,0.00,0.00,0.00
35136.50,5.91,1355.60,2.00,22.90,81.98,20.82,0.00,0.00,0.00,0.00,0.00,0.00
35142.50,5.91,1354.98,2.00,22.90,81.80,22.55,0.00,0.00,0.00,0.00,0.00,0.00
35148.50,5.91,1354.75,2.00,22.92,81.87,22.65,0.00,0.00,0.00,0.00,0.00,0.00
35154.50,5.91,1354.03,2.00,22.90,81.70,21.83,0.00,0.00,0.00,0.00,0.00,0.00
35160.50,5.91,1353.42,2.00,22.90,81.60,21.79,0.00,0.00,0.00,0.00,0.00,0.00
35166.50,5.91,1352.87,2.00,22.90,81.65,23.02,0.00,0.00,0.00,0.00,0.00,0.00
35172.50,5.90,1352.75,2.00,22.90,81.83,21.07,0.00,0.00,0.00,0.00,0.00,0.17
35178.50,5.90,1352.02,2.00,22.92,81.88,22.04,0.00,0.00,0.00,0.00,0.00,0.00
35184.50,5.90,1350.76,2.00,22.93,81.82,22.43,0.00,0.00,0.00,0.00,0.00,0.00
35190.50,5.90,1350.27,2.00,22.90,81.88,22.20,0.00,0.00,0.00,0.00,0.00,0.00
35196.50,5.90,1349.96,2.00,22.92,82.05,21.57,0.00,0.00,0.00,0.00,0.00,0.00
35202.50,5.90,1349.42,2.00,22.90,81.93,21.16,0.00,0.00,0.00,0.00,0.00,0.00
35208.50,5.90,1348.72,2.00,22.94,81.96,20.89,0.00,0.00,0.00,0.00,0.00,0.17
35214.50,5.89,1348.34,2.00,22.90,81.95,22.37,0.00,0.00,0.00,0.00,0.00,0.00
35220.50,5.89,1347.92,2.00,22.93,81.98,20.61,0.00,0.00,0.00,0.00,0.00,0.17
35226.50,5.90,1347.02,2.00,22.93,81.90,21.97,0.00,0.00,0.00,0.00,0.00,0.00
35232.50,5.90,1346.39,2.00,22.90,81.80,21.78,0.00,0.00,0.00,0.00,0.00,0.00
35238.50,5.90,1345.65,2.00,22.92,81.55,22.93,0.00,0.00,0.00,0.00,0.00,0.00
35244.50,5.91,1345.08,2.00,22.92,81.67,21.13,0.00,0.00,0.00,0.00,0.00,0.00
35250.50,5.90,1344.34,2.00,22.92,81.77,20.60,0.00,0.00,0.00,0.00,0.00,0.00
35256.50,5.90,1344.08,2.00,22.90,81.70,23.17,0.00,0.00,0.00,0.00,0.00,0.17
35262.50,5.91,1343.40,2.00,22.95,81.70,23.28,0.00,0.00,0.00,0.00,0.00,0.00
35268.50,5.91,1342.59,2.00,22.92,81.75,20.49,0.00,0.00,0.00,0.00,0.00,0.00
35274.50,5.91,1342.25,2.00,22.92,81.65,21.70,0.00,0.00,0.00,0.00,0.00,0.00
35280.50,5.91,1341.99,2.00,22.90,81.55,21.57,0.00,0.00,0.00,0.00,0.00,0.00
35286.50,5.91,1341.40,2.00,22.92,81.53,22.88,0.00,0.00,0.00,0.00,0.00,0.00
35292.50,5.92,1340.86,2.00,22.92,81.38,23.06,0.00,0.00,0.00,0.00,0.00,0.00
35298.50,5.91,1340.31,2.00,22.90,81.43,21.92,0.00,0.00,0.00,0.00,0.00,0.00
35304.50,5.91,1340.24,2.00,22.92,81.40,21.61,0.00,0.00,0.00,0.00,0.00,0.00
35310.50,5.92,1339.84,2.00,22.92,81.40,20.04,0.00,0.00,0.00,0.00,0.00,0.00
35316.50,5.91,1339.35,2.00,22.90,81.46,22.14,0.00,0.00,0.00,0.00,0.00,0.17
35322.50,5.91,1338.82,2.00,22.90,81.42,20.44,0.00,0.00,0.00,0.00,0.00,0.00
35328.50,5.92,1338.53,2.00,22.90,81.52,21.03,0.00,0.00,0.00,0.00,0.00,0.00
35334.50,5.91,1338.12,2.00,22.90,81.51,20.95,0.00,0.00,0.00,0.00,0.00,0.17
35340.50,5.91,1337.65,2.00,22.90,81.57,21.04,0.00,0.00,0.00,0.00,0.00,0.00
35346.50,5.91,1337.16,2.00,22.90,81.65,21.42,0.00,0.00,0.00,0.00,0.00,0.00
35352.50,5.91,1336.30,2.00,22.90,81.40,20.49,0.00,0.00,0.00,0.00,0.00,0.00
35358.50,5.91,1335.83,2.00,22.90,81.45,22.04,0.00,0.00,0.00,0.00,0.00,0.00
35364.50,5.92,1335.14,2.00,22.90,81.40,21.15,0.00,0.00,0.00,0.00,0.00,0.17
35370.50,5.92,1334.59,2.00,22.90,81.62,22.20,0.00,0.00,0.00,0.00,0.00,0.00
35376.50,5.90,1334.59,2.00,22.90,81.50,21.50,0.00,0.00,0.00,0.00,0.00,0.00
35382.50,5.91,1334.31,2.00,22.90,81.48,20.53,0.00,0.00,0.00,0.00,0.00,0.00
35388.50,5.91,1333.48,2.00,22.90,81.57,22.29,0.00,0.00,0.00,0.00,0.00,0.00
35394.50,5.92,1332.73,2.00,22.90,81.67,21.23,0.00,0.00,0.00,0.00,0.00,0.00
35400.50,5.91,1332.56,2.00,22.90,81.53,21.87,0.00,0.00,0.00,0.00,0.00,0.00
35406.50,5.91,1332.08,2.00,22.90,81.63,22.70,0.00,0.00,0.00,0.00,0.00,0.00
35412.50,5.91,1331.42,2.00,22.90,81.52,21.66,0.00,0.00,0.00,0.00,0.00,0.00
35418.50,5.91,1330.97,2.00,22.90,81.42,22.30,0.00,0.00,0.00,0.00,0.00,0.00
35424.50,5.91,1330.50,2.00,22.90,81.33,22.17,0.00,0.00,0.00,0.00,0.00,0.17
35430.50,5.90,1330.09,2.00,22.90,81.40,21.77,0.00,0.00,0.00,0.00,0.00,0.00
35436.50,5.91,1329.48,2.00,22.90,81.48,20.49,0.00,0.00,0.00,0.00,0.00,0.00
35442.50,5.91,1328.70,2.00,22.92,81.53,19.70,0.00,0.00,0.00,0.00,0.00,0.00
35448.50,5.91,1328.20,2.00,22.90,81.73,22.08,0.00,0.00,0.00,0.00,0.00,0.00
35454.50,5.91,1327.56,2.00,22.92,81.62,20.91,0.00,0.00,0.00,0.00,0.00,0.00
35460.50,5.91,1327.15,2.00,22.90,81.62,21.60,0.00,0.00,0.00,0.00,0.00,0.00
35466.50,5.91,1326.52,2.00,22.90,81.68,21.25,0.00,0.00,0.00,0.00,0.00,0.00
35472.50,5.91,1326.00,2.00,22.90,81.60,23.16,0.00,0.00,0.00,0.00,0.00,0.17
35478.50,5.91,1325.28,2.00,22.90,81.65,21.79,0.00,0.00,0.00,0.00,0.00,0.00
35484.50,5.91,1324.95,2.00,22.92,81.62,22.41,0.00,0.00,0.00,0.00,0.00,0.00
35490.50,5.91,1324.64,2.00,22.92,81.70,21.81,0.00,0.00,0.00,0.00,0.00,0.00
35496.50,5.91,1324.17,2.00,22.92,81.63,21.03,0.00,0.00,0.00,0.00,0.00,0.00
35502.50,5.91,1323.72,2.00,22.93,81.58,21.00,0.00,0.00,0.00,0.00,0.00,0.00
35508.50,5.90,1323.15,2.00,22.93,81.67,22.83,0.00,0.00,0.00,0.00,0.00,0.00
35514.50,5.91,1322.58,2.00,22.93,81.65,21.63,0.00,0.00,0.00,0.00,0.00,0.00
35520.50,5.91,1321.81,2.00,22.93,81.67,22.30,0.00,0.00,0.00,0.00,0.00,0.17
35526.50,5.91,1321.44,2.00,22.93,81.57,21.21,0.00,0.00,0.00,0.00,0.00,0.00
35532.50,5.90,1321.27,2.00,22.97,81.52,20.58,0.00,0.00,0.00,0.00,0.00,0.00
35538.50,5.91,1320.75,2.00,22.93,81.58,21.27,0.00,0.00,0.00,0.00,0.00,0.00
35544.50,5.91,1320.19,2.00,22.97,81.75,21.22,0.00,0.00,0.00,0.00,0.00,0.00
35550.50,5.91,1319.61,2.00,22.93,81.55,22.43,0.00,0.00,0.00,0.00,0.00,0.00
35556.50,5.90,1319.02,2.00,22.97,81.40,21.90,0.00,0.00,0.00,0.00,0.00,0.00
35562.50,5.90,1318.74,2.00,22.93,81.47,22.78,0.00,0.00,0.00,0.00,0.00,0.00
35568.50,5.91,1317.98,2.00,22.93,81.40,23.25,0.00,0.00,0.00,0.00,0.00,0.00
35574.50,5.90,1317.43,2.00,22.95,81.32,22.60,0.00,0.00,0.00,0.00,0.00,0.00
35580.50,5.90,1316.49,2.00,22.95,81.42,21.24,0.00,0.00,0.00,0.00,0.00,0.00
35586.50,5.90,1315.82,2.00,22.98,81.63,20.75,0.00,0.00,0.00,0.00,0.00,0.00
35592.50,5.91,1315.37,2.00,22.98,81.63,21.35,0.00,0.00,0.00,0.00,0.00,0.00
35598.50,5.91,1314.88,2.00,22.98,81.65,21.49,0.00,0.00,0.00,0.00,0.00,0.00
35604.50,5.91,1314.59,2.00,23.00,81.58,22.57,0.00,0.00,0.00,0.00,0.00,0.00
35610.50,5.91,1314.45,2.00,23.00,81.42,21.28,0.00,0.00,0.00,0.00,0.00,0.17
35616.50,5.91,1313.97,2.00,23.00,81.48,21.54,0.00,0.00,0.00,0.00,0.00,0.00
35622.50,5.91,1313.35,2.00,23.00,81.50,20.59,0.00,0.00,0.00,0.00,0.00,0.00
35628.50,5.91,1312.74,2.00,23.00,81.45,23.11,0.00,0.00,0.00,0.00,0.00,0.00
35634.50,5.91,1312.22,2.00,23.00,81.53,21.87,0.00,0.00,0.00,0.00,0.00,0.00
35640.50,5.90,1311.79,2.00,23.00,81.62,22.68,0.00,0.00,0.00,0.00,0.00,0.00
35646.50,5.90,1310.77,2.00,23.00,81.63,21.89,0.00,0.00,0.00,0.00,0.00,0.00
35652.50,5.90,1310.13,2.00,23.00,81.62,22.50,0.00,0.00,0.00,0.00,0.00,0.00
35658.50,5.91,1309.66,2.00,23.00,81.48,21.43,0.00,0.00,0.00,0.00,0.00,0.00
35664.50,5.91,1309.21,2.00,23.00,81.63,19.95,0.00,0.00,0.00,0.00,0.00,0.00
35670.50,5.91,1308.71,2.00,23.00,81.67,20.07,0.00,0.00,0.00,0.00,0.00,0.00
35676.50,5.91,1308.24,2.00,23.00,81.65,21.89,0.00,0.00,0.00,0.00,0.00,0.17
35682.50,5.91,1307.86,2.00,23.00,81.55,23.02,0.00,0.00,0.00,0.00,0.00,0.00
35688.50,5.91,1307.71,2.00,23.00,81.56,20.95,0.00,0.00,0.00,0.00,0.00,0.17
35694.50,5.91,1307.52,2.00,23.00,81.45,21.29,0.00,0.00,0.00,0.00,0.00,0.17
35700.50,5.91,1306.83,2.00,23.00,81.62,20.94,0.00,0.00,0.00,0.00,0.00,0.00
35706.50,5.91,1306.18,2.00,23.00,81.45,21.32,0.00,0.00,0.00,0.00,0.00,0.00
35712.50,5.92,1305.80,2.00,23.00,81.38,18.96,0.00,0.00,0.00,0.00,0.00,0.17
35718.50,5.92,1305.60,2.00,23.00,81.37,20.36,0.00,0.00,0.00,0.00,0.00,0.00
35724.50,5.91,1305.51,2.00,23.00,81.25,22.31,0.00,0.00,0.00,0.00,0.00,0.00
35730.50,5.91,1305.02,2.00,23.00,81.22,22.16,0.00,0.00,0.00,0.00,0.00,0.00
35736.50,5.91,1304.73,2.00,23.00,81.20,22.24,0.00,0.00,0.00,0.00,0.00,0.00
35742.50,5.90,1304.51,2.00,23.00,81.27,21.20,0.00,0.00,0.00,0.00,0.00,0.00
35748.50,5.90,1303.83,2.00,23.00,81.22,22.79,0.00,0.00,0.00,0.00,0.00,0.00
35754.50,5.91,1303.07,2.00,23.00,81.27,20.84,0.00,0.00,0.00,0.00,0.00,0.00
35760.50,5.91,1302.62,2.00,23.00,81.22,21.85,0.00,0.00,0.00,0.00,0.00,0.00
35766.50,5.90,1302.45,2.00,23.00,81.35,21.42,0.00,0.00,0.00,0.00,0.00,0.00
35772.50,5.91,1302.09,2.00,23.00,81.38,21.16,0.00,0.00,0.00,0.00,0.00,0.00
35778.50,5.91,1301.67,2.00,23.00,81.28,22.18,0.00,0.00,0.00,0.00,0.00,0.00
35784.50,5.90,1301.03,2.00,23.00,81.32,22.13,0.00,0.00,0.00,0.00,0.00,0.00
35790.50,5.91,1300.44,2.00,23.00,81.27,22.89,0.00,0.00,0.00,0.00,0.00,0.00
35796.50,5.90,1300.12,2.00,23.00,81.37,21.25,0.00,0.00,0.00,0.00,0.00,0.00
35802.50,5.91,1299.47,2.00,23.00,81.42,19.39,0.00,0.00,0.00,0.00,0.00,0.00
35808.50,5.91,1298.75,2.00,23.00,81.53,22.30,0.00,0.00,0.00,0.00,0.00,0.00
35814.50,5.91,1298.52,2.00,23.00,81.47,20.92,0.00,0.00,0.00,0.00,0.00,0.00
35820.50,5.91,1297.97,2.00,23.00,81.47,20.94,0.00,0.00,0.00,0.00,0.00,0.17
35826.50,5.91,1297.35,2.00,23.00,81.50,20.43,0.00,0.00,0.00,0.00,0.00,0.00
35832.50,5.91,1296.73,2.00,23.00,81.43,21.13,0.00,0.00,0.00,0.00,0.00,0.00
35838.50,5.90,1296.08,2.00,23.00,81.18,21.89,0.00,0.00,0.00,0.00,0.00,0.00
35844.50,5.90,1295.32,2.00,23.00,81.50,20.39,0.00,0.00,0.00,0.00,0.00,0.00
35850.50,5.90,1294.86,2.00,23.00,81.52,22.09,0.00,0.00,0.00,0.00,0.00,0.00
35856.50,5.91,1294.60,2.00,23.00,81.45,22.57,0.00,0.00,0.00,0.00,0.00,0.00
35862.50,5.91,1294.25,2.00,23.00,81.45,20.81,0.00,0.00,0.00,0.00,0.00,0.00
35868.50,5.91,1293.40,2.00,23.00,81.32,21.64,0.00,0.00,0.00,0.00,0.00,0.00
35874.50,5.91,1293.25,2.00,23.00,81.73,22.52,0.00,0.00,0.00,0.00,0.00,0.00
35880.50,5.91,1292.94,2.00,23.00,81.60,22.27,0.00,0.00,0.00,0.00,0.00,0.00
35886.50,5.91,1292.64,2.00,23.00,81.50,20.33,0.00,0.00,0.00,0.00,0.00,0.00
35892.50,5.91,1292.38,2.00,23.00,81.40,20.97,0.00,0.00,0.00,0.00,0.00,0.00
35898.50,5.92,1291.85,2.00,23.00,81.48,20.84,0.00,0.00,0.00,0.00,0.00,0.00
35904.50,5.91,1291.53,2.00,23.00,81.55,20.44,0.00,0.00,0.00,0.00,0.00,0.00
35910.50,5.91,1291.21,2.00,23.00,81.52,20.74,0.00,0.00,0.00,0.00,0.00,0.00
35916.50,5.90,1291.00,2.00,23.00,81.47,19.59,0.00,0.00,0.00,0.00,0.00,0.00
35922.50,5.90,1290.53,2.00,23.00,81.60,21.24,0.00,0.00,0.00,0.00,0.00,0.00
35928.50,5.90,1289.79,2.00,23.00,81.55,22.16,0.00,0.00,0.00,0.00,0.00,0.00
35934.50,5.91,1289.15,2.00,23.00,81.65,23.11,0.00,0.00,0.00,0.00,0.00,0.00
35940.50,5.90,1289.03,2.00,23.00,81.70,21.56,0.00,0.00,0.00,0.00,0.00,0.00
35946.50,5.89,1288.68,2.00,23.00,81.67,21.70,0.00,0.00,0.00,0.00,0.00,0.00
35952.50,5.89,1288.27,2.00,23.00,81.53,21.43,0.00,0.00,0.00,0.00,0.00,0.00
35958.50,5.89,1287.28,2.00,23.00,81.42,21.79,0.00,0.00,0.00,0.00,0.00,0.00
35964.50,5.89,1286.64,2.00,23.00,81.40,22.13,0.00,0.00,0.00,0.00,0.00,0.00
35970.50,5.89,1286.28,2.00,23.00,81.42,21.86,0.00,0.00,0.00,0.00,0.00,0.00
35976.50,5.89,1285.41,2.00,23.02,81.47,21.70,0.00,0.00,0.00,0.00,0.00,0.00
35982.50,5.89,1284.89,2.00,23.02,81.45,21.36,0.00,0.00,0.00,0.00,0.00,0.00
35988.50,5.88,1284.55,2.00,23.03,81.51,20.25,0.00,0.00,0.00,0.00,0.00,0.17
35994.50,5.89,1283.73,2.00,23.02,81.45,21.41,0.00,0.00,0.00,0.00,0.00,0.00
36000.50,5.89,1283.03,2.00,23.07,81.52,21.33,0.00,0.00,0.00,0.00,0.00,0.00
36006.50,5.89,1282.64,2.00,23.07,81.58,22.77,0.00,0.00,0.00,0.00,0.00,0.00
36012.50,5.89,1282.23,2.00,23.07,81.57,23.09,0.00,0.00,0.00,0.00,0.00,0.00
36018.50,5.89,1282.01,2.00,23.10,81.43,20.42,0.00,0.00,0.00,0.00,0.00,0.00
36024.50,5.89,1281.31,2.00,23.08,81.35,20.22,0.00,0.00,0.00,0.00,0.00,0.00
36030.50,5.89,1280.81,2.00,23.06,81.38,22.57,0.00,0.00,0.00,0.00,0.00,0.17
36036.50,5.89,1280.21,2.00,23.10,81.50,22.14,0.00,0.00,0.00,0.00,0.00,0.00
36042.50,5.89,1279.70,2.00,23.10,81.47,21.82,0.00,0.00,0.00,0.00,0.00,0.00
36048.50,5.90,1279.06,2.00,23.10,81.50,20.93,0.00,0.00,0.00,0.00,0.00,0.00
36054.50,5.89,1278.62,2.00,23.10,81.53,20.94,0.00,0.00,0.00,0.00,0.00,0.00
36060.50,5.90,1278.34,2.00,23.10,81.47,22.36,0.00,0.00,0.00,0.00,0.00,0.00
36066.50,5.90,1278.01,2.00,23.10,81.40,22.28,0.00,0.00,0.00,0.00,0.00,0.00
36072.50,5.89,1277.65,2.00,23.10,81.58,21.44,0.00,0.00,0.00,0.00,0.00,0.00
36078.50,5.90,1276.92,2.00,23.10,81.77,21.75,0.00,0.00,0.00,0.00,0.00,0.00
36084.50,5.90,1276.38,2.00,23.10,81.82,22.14,0.00,0.00,0.00,0.00,0.00,0.00
36090.50,5.90,1275.83,2.00,23.10,81.77,22.00,0.00,0.00,0.00,0.00,0.00,0.00
36096.50,5.90,1275.31,2.00,23.10,81.77,21.33,0.00,0.00,0.00,0.00,0.00,0.00
36102.50,5.90,1275.10,2.00,23.10,81.75,21.35,0.00,0.00,0.00,0.00,0.00,0.00
36108.50,5.91,1274.86,2.00,23.10,81.67,21.63,0.00,0.00,0.00,0.00,0.00,0.00
36114.50,5.90,1274.54,2.00,23.10,81.65,21.47,0.00,0.00,0.00,0.00,0.00,0.00
36120.50,5.91,1274.05,2.00,23.10,81.62,21.30,0.00,0.00,0.00,0.00,0.00,0.00
36126.50,5.91,1273.60,2.00,23.10,81.57,21.66,0.00,0.00,0.00,0.00,0.00,0.00
36132.50,5.91,1273.20,2.00,23.10,81.55,22.05,0.00,0.00,0.00,0.00,0.00,0.00
36138.50,5.91,1273.01,2.00,23.10,81.68,20.45,0.00,0.00,0.00,0.00,0.00,0.00
36144.50,5.91,1272.73,2.00,23.10,81.85,21.63,0.00,0.00,0.00,0.00,0.00,0.00
36150.50,5.91,1272.59,2.00,23.10,81.92,21.27,0.00,0.00,0.00,0.00,0.00,0.00
36156.50,5.92,1272.10,2.00,23.12,81.82,21.40,0.00,0.00,0.00,0.00,0.00,0.17
36162.50,5.92,1271.68,2.00,23.12,81.62,20.40,0.00,0.00,0.00,0.00,0.00,0.00
36168.50,5.91,1271.44,2.00,23.10,81.72,21.88,0.00,0.00,0.00,0.00,0.00,0.00
36174.50,5.92,1271.02,2.00,23.12,81.65,22.15,0.00,0.00,0.00,0.00,0.00,0.00
36180.50,5.91,1270.80,2.00,23.12,81.58,21.10,0.00,0.00,0.00,0.00,0.00,0.00
36186.50,5.90,1270.75,2.00,23.10,81.55,20.99,0.00,0.00,0.00,0.00,0.00,0.00
36192.50,5.91,1270.52,2.00,23.12,81.63,22.60,0.00,0.00,0.00,0.00,0.00,0.00
36198.50,5.91,1270.06,2.00,23.12,81.77,20.90,0.00,0.00,0.00,0.00,0.00,0.17
36204.50,5.91,1269.77,2.00,23.14,81.82,22.86,0.00,0.00,0.00,0.00,0.00,0.17
36210.50,5.91,1269.64,2.00,23.15,81.88,21.27,0.00,0.00,0.00,0.00,0.00,0.00
36216.50,5.91,1269.17,2.00,23.15,81.78,21.63,0.00,0.00,0.00,0.00,0.00,0.00
36222.50,5.90,1268.63,2.00,23.12,81.57,22.20,0.00,0.00,0.00,0.00,0.00,0.00
36228.50,5.90,1268.00,2.00,23.12,81.60,21.18,0.00,0.00,0.00,0.00,0.00,0.00
36234.50,5.91,1267.34,2.00,23.10,81.68,21.56,0.00,0.00,0.00,0.00,0.00,0.00
36240.50,5.91,1266.82,2.00,23.10,81.57,19.82,0.00,0.00,0.00,0.00,0.00,0.00
36246.50,5.90,1266.54,2.00,23.12,81.63,19.89,0.00,0.00,0.00,0.00,0.00,0.00
36252.50,5.90,1265.95,2.00,23.12,81.67,21.05,0.00,0.00,0.00,0.00,0.00,0.33
36258.50,5.90,1265.47,2.00,23.12,81.60,22.94,0.00,0.00,0.00,0.00,0.00,0.00
36264.50,5.90,1264.90,2.00,23.12,81.68,21.10,0.00,0.00,0.00,0.00,0.00,0.00
36270.50,5.90,1264.48,2.00,23.12,81.68,22.36,0.00,0.00,0.00,0.00,0.00,0.00
36276.50,5.89,1264.02,2.00,23.13,81.75,21.16,0.00,0.00,0.00,0.00,0.00,0.00
36282.50,5.90,1263.63,2.00,23.18,81.95,21.43,0.00,0.00,0.00,0.00,0.00,0.00
36288.50,5.90,1263.00,2.00,23.15,81.72,21.15,0.00,0.00,0.00,0.00,0.00,0.00
36294.50,5.90,1262.42,2.00,23.17,81.38,21.78,0.00,0.00,0.00,0.00,0.00,0.00
36300.50,5.91,1262.05,2.00,23.13,81.40,22.26,0.00,0.00,0.00,0.00,0.00,0.00
36306.50,5.90,1261.56,2.00,23.13,81.50,21.65,0.00,0.00,0.00,0.00,0.00,0.00
36312.50,5.91,1260.99,2.00,23.10,81.67,20.90,0.00,0.00,0.00,0.00,0.00,0.00
36318.50,5.90,1260.75,2.00,23.10,81.55,21.00,0.00,0.00,0.00,0.00,0.00,0.17
36324.50,5.89,1260.43,2.00,23.10,81.47,22.87,0.00,0.00,0.00,0.00,0.00,0.00
36330.50,5.90,1259.85,2.00,23.10,81.47,21.73,0.00,0.00,0.00,0.00,0.00,0.00
36336.50,5.89,1259.73,2.00,23.14,81.33,23.42,0.00,0.00,0.00,0.00,0.00,0.17
36342.50,5.89,1259.41,2.00,23.12,81.42,22.75,0.00,0.00,0.00,0.00,0.00,0.00
36348.50,5.89,1258.93,2.00,23.12,81.53,20.50,0.00,0.00,0.00,0.00,0.00,0.00
36354.50,5.89,1258.23,2.00,23.17,81.50,20.49,0.00,0.00,0.00,0.00,0.00,0.17
36360.50,5.89,1257.95,2.00,23.16,81.59,22.70,0.00,0.00,0.00,0.00,0.00,0.17
36366.50,5.89,1257.39,2.00,23.13,81.65,22.20,0.00,0.00,0.00,0.00,0.00,0.00
36372.00,5.90,1256.62,2.00,23.14,81.66,21.18,0.00,0.00,0.00,0.00,0.00,0.00
36377.50,5.90,1256.42,2.00,23.14,81.64,21.94,0.00,0.00,0.00,0.00,0.00,0.17
36383.50,5.89,1256.16,2.00,23.18,81.72,21.45,0.00,0.00,0.00,0.00,0.00,0.00
36389.50,5.89,1255.89,2.00,23.17,81.68,21.59,0.00,0.00,0.00,0.00,0.00,0.00
36395.50,5.89,1255.40,2.00,23.18,81.52,20.72,0.00,0.00,0.00,0.00,0.00,0.00
36401.50,5.90,1254.61,2.00,23.10,81.60,20.22,0.00,0.00,0.00,0.00,0.00,0.00
36407.50,5.90,1254.11,2.00,23.12,81.50,21.99,0.00,0.00,0.00,0.00,0.00,0.00
36413.50,5.89,1253.86,2.00,23.12,81.28,22.14,0.00,0.00,0.00,0.00,0.00,0.00
36419.50,5.90,1253.95,2.00,23.17,81.45,21.29,0.00,0.00,0.00,0.00,0.00,0.00
36425.50,5.89,1253.45,2.00,23.12,81.33,20.32,0.00,0.00,0.00,0.00,0.00,0.50
36431.50,5.89,1253.07,2.00,23.13,81.27,21.47,0.00,0.00,0.00,0.00,0.00,0.00
36437.50,5.89,1252.77,2.00,23.17,81.25,21.68,0.00,0.00,0.00,0.00,0.00,0.00
36443.50,5.89,1252.12,2.00,23.15,81.33,22.84,0.00,0.00,0.00,0.00,0.00,0.00
36449.50,5.89,1251.66,2.00,23.18,81.43,23.03,0.00,0.00,0.00,0.00,0.00,0.00
36455.50,5.89,1250.89,2.00,23.20,81.23,21.04,0.00,0.00,0.00,0.00,0.00,0.17
36461.50,5.89,1250.04,2.00,23.20,81.33,21.02,0.00,0.00,0.00,0.00,0.00,0.00
36467.50,5.89,1249.20,2.00,23.20,81.48,20.12,0.00,0.00,0.00,0.00,0.00,0.17
36473.50,5.89,1248.81,2.00,23.20,81.65,22.98,0.00,0.00,0.00,0.00,0.00,0.00
36479.50,5.89,1248.43,2.00,23.20,81.40,22.14,0.00,0.00,0.00,0.00,0.00,0.00
36485.50,5.89,1247.84,2.00,23.20,81.30,23.23,0.00,0.00,0.00,0.00,0.00,0.00
36491.50,5.90,1247.46,2.00,23.20,81.15,21.84,0.00,0.00,0.00,0.00,0.00,0.00
36497.50,5.90,1246.89,2.00,23.27,81.07,21.31,0.00,0.00,0.00,0.00,0.00,0.00
36503.50,5.90,1246.51,2.00,23.30,81.05,20.57,0.00,0.00,0.00,0.00,0.00,0.00
36509.50,5.90,1246.70,2.00,23.30,81.00,21.24,0.00,0.00,0.00,0.00,0.00,0.00
36515.50,5.89,1246.51,2.00,23.30,81.30,19.70,0.00,0.00,0.00,0.00,0.00,0.00
36521.50,5.90,1246.08,2.00,23.30,81.05,21.09,0.00,0.00,0.00,0.00,0.00,0.00
36527.50,5.91,1245.39,2.00,23.30,80.90,20.68,0.00,0.00,0.00,0.00,0.00,0.00
36533.50,5.91,1245.16,2.00,23.30,80.80,22.65,0.00,0.00,0.00,0.00,0.00,0.00
36539.50,5.90,1245.03,2.00,23.30,80.82,21.87,0.00,0.00,0.00,0.00,0.00,0.17
36545.50,5.91,1244.66,2.00,23.30,81.17,21.46,0.00,0.00,0.00,0.00,0.00,0.00
36551.50,5.90,1244.30,2.00,23.32,81.10,19.94,0.00,0.00,0.00,0.00,0.00,0.00
36557.50,5.91,1243.87,2.00,23.33,81.07,20.60,0.00,0.00,0.00,0.00,0.00,0.00
36563.50,5.90,1243.57,2.00,23.38,81.03,20.03,0.00,0.00,0.00,0.00,0.00,0.17
36569.50,5.90,1243.23,2.00,23.35,81.10,21.01,0.00,0.00,0.00,0.00,0.00,0.00
36575.50,5.91,1243.11,2.00,23.37,81.05,20.92,0.00,0.00,0.00,0.00,0.00,0.00
36581.50,5.91,1242.55,2.00,23.36,80.98,21.76,0.00,0.00,0.00,0.00,0.00,0.17
36587.50,5.91,1242.26,2.00,23.40,81.10,20.75,0.00,0.00,0.00,0.00,0.00,0.00
36593.50,5.91,1241.79,2.00,23.40,80.55,21.89,0.00,0.00,0.00,0.00,0.00,0.00
36599.50,5.91,1241.59,2.00,23.40,79.68,22.23,0.00,0.00,0.00,0.00,0.00,0.00
36605.50,5.92,1241.16,2.00,23.40,80.10,19.84,0.00,0.00,0.00,0.00,0.00,0.17
36611.50,5.92,1240.63,2.00,23.40,80.23,19.91,0.00,0.00,0.00,0.00,0.00,0.00
36617.50,5.92,1240.41,2.00,23.40,80.25,21.46,0.00,0.00,0.00,0.00,0.00,0.00
36623.50,5.92,1240.08,2.00,23.40,80.40,22.65,0.00,0.00,0.00,0.00,0.00,0.00
36629.50,5.92,1239.80,2.00,23.40,80.28,19.62,0.00,0.00,0.00,0.00,0.00,0.00
36635.50,5.92,1239.45,2.00,23.40,80.32,21.47,0.00,0.00,0.00,0.00,0.00,0.00
36641.50,5.92,1239.23,2.00,23.40,80.18,20.54,0.00,0.00,0.00,0.00,0.00,0.00
36647.50,5.92,1239.13,2.00,23.40,80.25,20.79,0.00,0.00,0.00,0.00,0.00,0.00
36653.50,5.92,1238.83,2.00,23.40,80.20,23.21,0.00,0.00,0.00,0.00,0.00,0.00
36659.50,5.92,1238.30,2.00,23.40,80.07,20.75,0.00,0.00,0.00,0.00,0.00,0.17
36665.50,5.92,1238.04,2.00,23.40,80.02,22.30,0.00,0.00,0.00,0.00,0.00,0.00
36671.50,5.92,1237.58,2.00,23.40,80.08,21.57,0.00,0.00,0.00,0.00,0.00,0.17
36677.50,5.92,1237.41,2.00,23.40,80.03,21.64,0.00,0.00,0.00,0.00,0.00,0.17
36683.50,5.92,1237.34,2.00,23.40,79.94,21.44,0.00,0.00,0.00,0.00,0.00,0.17
36689.50,5.93,1236.91,2.00,23.40,79.95,22.07,0.00,0.00,0.00,0.00,0.00,0.00
36695.50,5.93,1236.60,2.00,23.40,79.97,22.50,0.00,0.00,0.00,0.00,0.00,0.00
36701.50,5.94,1236.22,2.00,23.40,79.68,22.46,0.00,0.00,0.00,0.00,0.00,0.00
36707.50,5.94,1235.88,2.00,23.40,80.00,21.17,0.00,0.00,0.00,0.00,0.00,0.00
36713.50,5.93,1236.05,2.00,23.40,79.92,21.94,0.00,0.00,0.00,0.00,0.00,0.00
36719.50,5.93,1236.15,2.00,23.42,79.70,20.58,0.00,0.00,0.00,0.00,0.00,0.17
36725.50,5.93,1236.10,2.00,23.50,79.67,21.41,0.00,0.00,0.00,0.00,0.00,0.00
36731.50,5.93,1235.68,2.00,23.50,79.75,21.72,0.00,0.00,0.00,0.00,0.00,0.00
36737.50,5.93,1235.27,2.00,23.50,79.70,20.87,0.00,0.00,0.00,0.00,0.00,0.00
36743.50,5.93,1234.87,2.00,23.50,79.90,22.13,0.00,0.00,0.00,0.00,0.00,0.00
36749.50,5.92,1234.37,2.00,23.50,80.12,22.25,0.00,0.00,0.00,0.00,0.00,0.00
36755.50,5.93,1233.87,2.00,23.50,80.30,22.33,0.00,0.00,0.00,0.00,0.00,0.00
36761.50,6.02,1227.75,2.00,23.52,80.22,21.46,0.00,0.00,0.00,0.00,0.00,0.00
36767.50,5.95,1232.47,2.00,23.53,80.53,20.40,0.00,0.00,0.00,0.00,0.00,0.00
36773.50,5.97,1233.79,2.00,23.57,80.90,21.25,0.00,0.00,0.00,0.00,0.00,0.00
36779.50,6.00,1232.26,2.00,23.58,80.97,22.33,0.00,0.00,0.00,0.00,0.00,0.00
36785.50,6.00,1232.59,2.00,23.60,80.87,21.83,0.00,0.00,0.00,0.00,0.00,0.00
36791.50,6.00,1233.44,2.00,23.58,80.60,19.56,0.00,0.00,0.00,0.00,0.00,0.00
36797.50,6.00,1234.18,2.00,23.52,80.58,21.20,0.00,0.00,0.00,0.00,0.00,0.00
36803.50,6.00,1234.54,2.00,23.52,80.62,22.43,0.00,0.00,0.00,0.00,0.00,0.00
36809.50,6.00,1234.84,2.00,23.57,80.55,21.96,0.00,0.00,0.00,0.00,0.00,0.00
36815.50,6.00,1235.38,2.00,23.53,80.62,21.01,0.00,0.00,0.00,0.00,0.00,0.17
36821.50,6.00,1235.61,2.00,23.53,80.69,21.40,0.00,0.00,0.00,0.00,0.00,0.17
36827.50,6.00,1235.91,2.00,23.52,80.52,20.89,0.00,0.00,0.00,0.00,0.00,0.00
36833.50,6.01,1235.62,2.00,23.55,80.50,20.91,0.00,0.00,0.00,0.00,0.00,0.00
36839.50,6.01,1235.69,2.00,23.50,80.40,22.19,0.00,0.00,0.00,0.00,0.00,0.00
36845.50,6.01,1235.55,2.00,23.52,80.28,22.31,0.00,0.00,0.00,0.00,0.00,0.00
36851.50,6.01,1235.74,2.00,23.50,80.47,22.03,0.00,0.00,0.00,0.00,0.00,0.00
36857.50,6.01,1235.89,2.00,23.50,80.38,21.14,0.00,0.00,0.00,0.00,0.00,0.00
36863.50,6.01,1235.91,2.00,23.52,80.23,20.16,0.00,0.00,0.00,0.00,0.00,0.00
36869.50,6.01,1235.84,2.00,23.52,80.33,23.87,0.00,0.00,0.00,0.00,0.00,0.00
36875.50,6.01,1235.91,2.00,23.50,80.33,21.47,0.00,0.00,0.00,0.00,0.00,0.00
36881.50,6.01,1235.91,2.00,23.50,80.52,21.57,0.00,0.00,0.00,0.00,0.00,0.00
36887.50,6.05,1234.51,2.00,23.55,80.32,23.13,0.00,0.00,0.00,0.00,0.00,0.00
36893.50,6.03,1235.22,2.00,23.60,80.35,21.64,0.00,0.00,0.00,0.00,0.00,0.00
36899.50,6.03,1236.04,2.00,23.60,80.55,22.00,0.00,0.00,0.00,0.00,0.00,0.17
36905.50,6.03,1235.84,2.00,23.60,80.60,21.57,0.00,0.00,0.00,0.00,0.00,0.00
36911.50,6.03,1236.33,2.00,23.60,80.58,22.84,0.00,0.00,0.00,0.00,0.00,0.00
36917.50,6.03,1236.16,2.00,23.60,80.62,22.69,0.00,0.00,0.00,0.00,0.00,0.17
36923.50,6.03,1235.81,2.00,23.62,80.82,22.08,0.00,0.00,0.00,0.00,0.00,0.00
36929.50,6.02,1235.60,2.00,23.63,80.95,20.59,0.00,0.00,0.00,0.00,0.00,0.00
36935.50,6.02,1235.44,2.00,23.68,80.85,22.34,0.00,0.00,0.00,0.00,0.00,0.17
36941.50,6.02,1235.50,2.00,23.67,81.03,21.58,0.00,0.00,0.00,0.00,0.00,0.00
36947.50,6.09,1233.52,2.00,23.70,81.12,22.02,0.00,0.00,0.00,0.00,0.00,0.00
36953.50,6.21,1227.16,2.00,23.70,80.73,22.24,0.00,0.00,0.00,0.00,0.00,0.17
36959.50,6.11,1233.84,2.00,23.70,80.45,20.54,0.00,0.00,0.00,0.00,0.00,0.00
36965.50,6.06,1288.82,2.00,23.70,80.53,22.20,0.00,0.00,0.00,0.00,0.00,0.00
36971.50,6.03,1291.20,2.00,23.68,80.45,21.16,0.00,0.00,0.00,0.00,0.00,0.00
36977.50,6.03,1291.08,2.00,23.70,80.42,21.83,0.00,0.00,0.00,0.00,0.00,0.00
36983.50,6.03,1290.26,2.00,23.70,80.42,21.31,0.00,0.00,0.00,0.00,0.00,0.17
36989.50,6.03,1289.28,2.00,23.70,80.75,20.50,0.00,0.00,0.00,0.00,0.00,0.00
36995.50,6.03,1288.54,2.00,23.70,80.82,21.38,0.00,0.00,0.00,0.00,0.00,0.00
37001.50,6.02,1288.02,2.00,23.70,80.58,22.95,0.00,0.00,0.00,0.00,0.00,0.00
37007.50,6.02,1287.23,2.00,23.70,80.80,21.56,0.00,0.00,0.00,0.00,0.00,0.00
37013.50,6.01,1286.46,2.00,23.70,80.67,21.58,0.00,0.00,0.00,0.00,0.00,0.00
37019.50,6.02,1285.73,2.00,23.70,80.67,22.12,0.00,0.00,0.00,0.00,0.00,0.50
37025.50,6.02,1285.17,2.00,23.70,80.55,21.80,0.00,0.00,0.00,0.00,0.00,0.00
37031.50,6.00,1284.87,2.00,23.70,80.42,21.79,0.00,0.00,0.00,0.00,0.00,0.33
37037.50,6.00,1284.75,2.00,23.70,80.72,21.37,0.00,0.00,0.00,0.00,0.00,0.00
37043.50,6.00,1284.13,2.00,23.70,80.97,22.10,0.00,0.00,0.00,0.00,0.00,0.00
37049.50,5.99,1283.85,2.00,23.70,80.62,23.95,0.00,0.00,0.00,0.00,0.00,0.33
37055.50,6.00,1283.09,2.00,23.70,80.45,20.29,0.00,0.00,0.00,0.00,0.00,0.00
37061.50,5.99,1282.88,2.00,23.70,80.72,23.06,0.00,0.00,0.00,0.00,0.00,0.00
37067.50,5.99,1282.11,2.00,23.70,80.73,23.16,0.00,0.00,0.00,0.00,0.00,0.00
37073.50,5.99,1281.15,2.00,23.70,81.00,22.67,0.00,0.00,0.00,0.00,0.00,0.33
37079.50,5.99,1280.39,2.00,23.70,80.62,23.28,0.00,0.00,0.00,0.00,0.00,0.17
37085.50,5.99,1279.74,2.00,23.70,80.35,21.31,0.00,0.00,0.00,0.00,0.00,0.00
37091.50,5.98,1279.58,2.00,23.70,80.67,20.23,0.00,0.00,0.00,0.00,0.00,0.00
37097.50,5.98,1279.39,2.00,23.70,80.67,21.86,0.00,0.00,0.00,0.00,0.00,0.00
37103.50,5.97,1278.92,2.00,23.75,80.25,20.96,0.00,0.00,0.00,0.00,0.00,0.00
37109.50,5.97,1278.50,2.00,23.77,80.18,22.08,0.00,0.00,0.00,0.00,0.00,0.00
37115.50,5.97,1277.80,2.00,23.78,80.37,20.50,0.00,0.00,0.00,0.00,0.00,0.00
37121.50,5.97,1277.30,2.00,23.77,80.13,23.53,0.00,0.00,0.00,0.00,0.00,0.00
37127.50,5.97,1276.74,2.00,23.78,80.30,21.39,0.00,0.00,0.00,0.00,0.00,0.17
37133.50,5.97,1276.17,2.00,23.80,80.37,20.32,0.00,0.00,0.00,0.00,0.00,0.00
37139.50,5.97,1275.83,2.00,23.78,80.12,21.63,0.00,0.00,0.00,0.00,0.00,0.00
37145.50,5.96,1275.38,2.00,23.78,80.22,22.58,0.00,0.00,0.00,0.00,0.00,0.00
37151.50,5.96,1274.89,2.00,23.80,80.13,21.71,0.00,0.00,0.00,0.00,0.00,0.00
37157.50,5.96,1274.22,2.00,23.80,79.97,21.12,0.00,0.00,0.00,0.00,0.00,0.00
37163.50,5.96,1273.71,2.00,23.80,79.82,19.89,0.00,0.00,0.00,0.00,0.00,0.00
37169.50,5.96,1273.39,2.00,23.80,79.80,20.52,0.00,0.00,0.00,0.00,0.00,0.00
37175.50,5.96,1272.84,2.00,23.80,79.85,22.31,0.00,0.00,0.00,0.00,0.00,0.00
37181.50,5.96,1272.18,2.00,23.80,79.95,20.86,0.00,0.00,0.00,0.00,0.00,0.00
37187.50,5.96,1271.81,2.00,23.80,79.88,21.58,0.00,0.00,0.00,0.00,0.00,0.00
37193.50,5.96,1271.78,2.00,23.80,79.87,20.66,0.00,0.00,0.00,0.00,0.00,0.17
37199.50,5.95,1271.37,2.00,23.80,79.93,21.55,0.00,0.00,0.00,0.00,0.00,0.17
37205.50,5.95,1270.83,2.00,23.80,79.80,21.13,0.00,0.00,0.00,0.00,0.00,0.00
37211.50,5.95,1270.22,2.00,23.80,79.93,22.14,0.00,0.00,0.00,0.00,0.00,0.33
37217.50,5.94,1269.99,2.00,23.80,79.92,20.78,0.00,0.00,0.00,0.00,0.00,0.00
37223.50,5.95,1269.57,2.00,23.80,79.83,19.63,0.00,0.00,0.00,0.00,0.00,0.00
37229.50,5.95,1269.04,2.00,23.80,79.87,20.78,0.00,0.00,0.00,0.00,0.00,0.17
37235.50,5.95,1268.44,2.00,23.80,79.90,21.69,0.00,0.00,0.00,0.00,0.00,0.00
37241.50,5.95,1267.84,2.00,23.80,80.05,21.03,0.00,0.00,0.00,0.00,0.00,0.17
37247.50,5.95,1267.11,2.00,23.80,80.00,21.13,0.00,0.00,0.00,0.00,0.00,0.00
37253.50,5.96,1266.66,2.00,23.80,79.98,22.39,0.00,0.00,0.00,0.00,0.00,0.00
37259.50,5.96,1266.21,2.00,23.80,80.18,22.31,0.00,0.00,0.00,0.00,0.00,0.00
37265.50,5.96,1265.85,2.00,23.80,79.93,20.80,0.00,0.00,0.00,0.00,0.00,0.00
37271.50,5.96,1265.71,2.00,23.80,79.60,21.58,0.00,0.00,0.00,0.00,0.00,0.00
37277.50,5.96,1265.73,2.00,23.80,79.67,20.81,0.00,0.00,0.00,0.00,0.00,0.00
37283.50,5.96,1265.67,2.00,23.80,79.98,22.60,0.00,0.00,0.00,0.00,0.00,0.00
37289.50,5.96,1265.36,2.00,23.80,79.78,22.29,0.00,0.00,0.00,0.00,0.00,0.17
37295.50,5.96,1265.05,2.00,23.80,79.77,22.56,0.00,0.00,0.00,0.00,0.00,0.00
37301.50,5.96,1264.75,2.00,23.80,79.99,20.61,0.00,0.00,0.00,0.00,0.00,0.17
37307.50,5.96,1264.52,2.00,23.80,79.92,22.63,0.00,0.00,0.00,0.00,0.00,0.17
37313.50,5.95,1264.26,2.00,23.80,79.87,21.91,0.00,0.00,0.00,0.00,0.00,0.00
37319.50,5.96,1263.80,2.00,23.80,79.99,21.56,0.00,0.00,0.00,0.00,0.00,0.17
37325.50,5.95,1263.75,2.00,23.80,80.18,21.03,0.00,0.00,0.00,0.00,0.00,0.00
37331.50,5.95,1263.70,2.00,23.80,80.24,22.66,0.00,0.00,0.00,0.00,0.00,0.17
37337.50,5.95,1263.29,2.00,23.80,80.37,20.83,0.00,0.00,0.00,0.00,0.00,0.00
37343.00,5.95,1262.87,2.00,23.80,80.22,21.42,0.00,0.00,0.00,0.00,0.00,0.00
37349.00,5.95,1262.51,2.00,23.80,80.23,23.41,0.00,0.00,0.00,0.00,0.00,0.29
37355.50,5.96,1262.16,2.00,23.80,80.30,21.68,0.00,0.00,0.00,0.00,0.00,0.00
37361.50,5.96,1261.54,2.00,23.80,80.40,19.30,0.00,0.00,0.00,0.00,0.00,0.00
37367.50,5.95,1261.23,2.00,23.80,80.20,22.93,0.00,0.00,0.00,0.00,0.00,0.00
37373.50,5.95,1260.87,2.00,23.80,80.40,21.56,0.00,0.00,0.00,0.00,0.00,0.00
37379.50,5.95,1260.78,2.00,23.80,80.50,20.98,0.00,0.00,0.00,0.00,0.00,0.00
37385.50,5.95,1260.18,2.00,23.80,80.54,19.32,0.00,0.00,0.00,0.00,0.00,0.17
37391.50,5.95,1259.90,2.00,23.80,80.52,21.05,0.00,0.00,0.00,0.00,0.00,0.00
37397.50,5.96,1259.50,2.00,23.80,80.40,21.91,0.00,0.00,0.00,0.00,0.00,0.00
37403.50,5.95,1258.62,2.00,23.80,80.27,21.36,0.00,0.00,0.00,0.00,0.00,0.17
37409.50,5.95,1258.36,2.00,23.80,80.12,21.36,0.00,0.00,0.00,0.00,0.00,0.00
37415.50,5.95,1258.00,2.00,23.80,80.05,21.92,0.00,0.00,0.00,0.00,0.00,0.00
37421.50,5.95,1257.68,2.00,23.80,80.15,21.28,0.00,0.00,0.00,0.00,0.00,0.00
37427.50,5.96,1257.34,2.00,23.80,79.98,20.65,0.00,0.00,0.00,0.00,0.00,0.00
37433.50,5.95,1257.58,2.00,23.78,80.02,22.62,0.00,0.00,0.00,0.00,0.00,0.00
37439.50,5.95,1257.04,2.00,23.79,80.09,22.86,0.00,0.00,0.00,0.00,0.00,0.17
37445.50,5.95,1256.59,2.00,23.78,80.17,21.95,0.00,0.00,0.00,0.00,0.00,0.00
37451.50,5.95,1256.35,2.00,23.78,80.18,20.75,0.00,0.00,0.00,0.00,0.00,0.00
37457.50,5.95,1256.07,2.00,23.75,80.25,22.55,0.00,0.00,0.00,0.00,0.00,0.00
37463.50,5.95,1255.85,2.00,23.80,80.10,22.22,0.00,0.00,0.00,0.00,0.00,0.00
37469.50,5.95,1255.73,2.00,23.78,80.33,21.52,0.00,0.00,0.00,0.00,0.00,0.00
37475.50,5.95,1255.38,2.00,23.78,80.37,22.19,0.00,0.00,0.00,0.00,0.00,0.00
37481.50,5.95,1255.07,2.00,23.78,80.32,21.71,0.00,0.00,0.00,0.00,0.00,0.00
37487.50,5.95,1254.92,2.00,23.75,80.22,22.10,0.00,0.00,0.00,0.00,0.00,0.00
37493.50,5.95,1254.81,2.00,23.75,79.78,21.64,0.00,0.00,0.00,0.00,0.00,0.00
37499.50,5.95,1254.62,2.00,23.75,79.92,21.59,0.00,0.00,0.00,0.00,0.00,0.00
37505.50,5.94,1254.38,2.00,23.70,79.98,20.57,0.00,0.00,0.00,0.00,0.00,0.00
37511.50,5.94,1253.88,2.00,23.70,80.03,22.28,0.00,0.00,0.00,0.00,0.00,0.00
37517.50,5.95,1253.20,2.00,23.70,80.25,22.32,0.00,0.00,0.00,0.00,0.00,0.00
37523.50,5.95,1252.89,2.00,23.72,80.28,21.74,0.00,0.00,0.00,0.00,0.00,0.00
37529.50,5.95,1252.55,2.00,23.70,80.26,20.56,0.00,0.00,0.00,0.00,0.00,0.17
37535.50,5.95,1251.96,2.00,23.70,80.33,20.98,0.00,0.00,0.00,0.00,0.00,0.00
37541.50,5.95,1251.54,2.00,23.72,80.37,21.29,0.00,0.00,0.00,0.00,0.00,0.00
37547.50,5.95,1251.27,2.00,23.72,80.42,20.95,0.00,0.00,0.00,0.00,0.00,0.00
37553.50,5.96,1251.25,2.00,23.70,80.23,21.18,0.00,0.00,0.00,0.00,0.00,0.00
37559.50,5.96,1251.14,2.00,23.70,80.35,20.85,0.00,0.00,0.00,0.00,0.00,0.00
37565.50,5.96,1251.16,2.00,23.70,80.43,21.62,0.00,0.00,0.00,0.00,0.00,0.00
37571.50,5.96,1250.88,2.00,23.70,80.48,22.65,0.00,0.00,0.00,0.00,0.00,0.00
37577.50,5.96,1250.90,2.00,23.70,80.43,20.92,0.00,0.00,0.00,0.00,0.00,0.33
37583.50,5.96,1250.61,2.00,23.70,80.27,21.49,0.00,0.00,0.00,0.00,0.00,0.00
37589.50,5.96,1250.59,2.00,23.70,80.40,22.45,0.00,0.00,0.00,0.00,0.00,0.00
37595.50,5.96,1250.37,2.00,23.70,80.60,21.39,0.00,0.00,0.00,0.00,0.00,0.00
37601.50,5.96,1250.40,2.00,23.70,80.57,20.45,0.00,0.00,0.00,0.00,0.00,0.00
37607.50,5.96,1250.04,2.00,23.70,80.55,21.52,0.00,0.00,0.00,0.00,0.00,0.17
37613.50,5.96,1249.52,2.00,23.70,80.48,20.50,0.00,0.00,0.00,0.00,0.00,0.00
37619.50,5.96,1249.48,2.00,23.72,80.68,22.20,0.00,0.00,0.00,0.00,0.00,0.00
37625.50,5.96,1249.16,2.00,23.70,80.70,21.39,0.00,0.00,0.00,0.00,0.00,0.00
37631.50,5.96,1249.02,2.00,23.70,80.57,20.60,0.00,0.00,0.00,0.00,0.00,0.00
37637.50,5.96,1248.52,2.00,23.75,80.50,22.08,0.00,0.00,0.00,0.00,0.00,0.00
37643.50,5.96,1248.35,2.00,23.72,80.42,20.51,0.00,0.00,0.00,0.00,0.00,0.17
37649.50,5.96,1248.75,2.00,23.77,80.37,22.57,0.00,0.00,0.00,0.00,0.00,0.50
37655.00,5.97,1248.28,2.00,23.80,80.76,22.55,0.00,0.00,0.00,0.00,0.00,0.00
37660.00,5.96,1248.20,2.00,23.80,80.72,20.99,0.00,0.00,0.00,0.00,0.00,0.00
37665.50,5.96,1248.22,2.00,23.80,80.48,20.76,0.00,0.00,0.00,0.00,0.00,0.17
37671.50,5.97,1248.77,2.00,23.80,80.50,22.83,0.00,0.00,0.00,0.00,0.00,0.00
37677.50,5.97,1249.29,2.00,23.80,80.29,20.05,0.00,0.00,0.00,0.00,0.00,0.17
37683.50,5.97,1249.94,2.00,23.80,80.33,22.26,0.00,0.00,0.00,0.00,0.00,0.00
37689.50,5.97,1250.37,2.00,23.80,80.35,20.31,0.00,0.00,0.00,0.00,0.00,0.00
37695.50,5.97,1250.64,2.00,23.80,80.39,21.14,0.00,0.00,0.00,0.00,0.00,0.17
37701.50,5.97,1250.60,2.00,23.80,80.72,20.29,0.00,0.00,0.00,0.00,0.00,0.00
37707.00,5.97,1248.63,2.00,23.84,80.16,21.81,0.00,0.00,0.00,0.00,0.00,0.00
37712.50,5.97,1246.73,2.00,23.83,80.22,21.80,0.00,0.00,0.00,0.00,0.00,0.00
37718.00,5.97,1246.64,2.00,23.90,80.40,20.25,0.00,0.00,0.00,0.00,0.00,0.00
37723.50,5.97,1246.48,2.00,23.87,79.45,22.02,0.00,0.00,0.00,0.00,0.00,0.00
37729.50,5.96,1246.59,2.00,23.90,79.34,20.69,0.00,0.00,0.00,0.00,0.00,0.17
37735.50,5.97,1246.55,2.00,23.90,80.17,21.29,0.00,0.00,0.00,0.00,0.00,0.00
37741.50,5.97,1246.54,2.00,23.90,79.72,22.54,0.00,0.00,0.00,0.00,0.00,0.00
37747.50,5.97,1246.49,2.00,23.87,79.42,22.20,0.00,0.00,0.00,0.00,0.00,0.00
37753.50,5.97,1246.55,2.00,23.87,79.25,21.41,0.00,0.00,0.00,0.00,0.00,0.00
37759.50,5.96,1246.58,2.00,23.88,79.42,21.44,0.00,0.00,0.00,0.00,0.00,0.00
37765.50,5.96,1246.35,2.00,23.90,79.55,21.27,0.00,0.00,0.00,0.00,0.00,0.17
37771.50,5.96,1246.52,2.00,23.90,79.25,20.93,0.00,0.00,0.00,0.00,0.00,0.00
37777.50,5.97,1246.62,2.00,23.97,79.40,20.50,0.00,0.00,0.00,0.00,0.00,0.00
37783.50,5.98,1247.06,2.00,24.00,79.40,21.81,0.00,0.00,0.00,0.00,0.00,0.17
37789.50,5.98,1246.71,2.00,24.00,79.15,20.01,0.00,0.00,0.00,0.00,0.00,0.00
37795.50,5.99,1246.59,2.00,24.00,79.10,23.14,0.00,0.00,0.00,0.00,0.00,0.00
37801.50,5.98,1247.03,2.00,24.02,78.98,19.87,0.00,0.00,0.00,0.00,0.00,0.00
37807.50,5.99,1247.07,2.00,24.03,79.08,20.66,0.00,0.00,0.00,0.00,0.00,0.00
37813.50,5.99,1247.62,2.00,24.03,78.92,21.69,0.00,0.00,0.00,0.00,0.00,0.17
37819.50,5.98,1247.81,2.00,24.02,79.00,21.50,0.00,0.00,0.00,0.00,0.00,0.00
37825.50,5.99,1248.28,2.00,24.02,79.33,20.43,0.00,0.00,0.00,0.00,0.00,0.00
37831.50,5.99,1248.46,2.00,24.00,79.53,21.78,0.00,0.00,0.00,0.00,0.00,0.00
37837.50,5.99,1248.62,2.00,24.00,79.52,21.61,0.00,0.00,0.00,0.00,0.00,0.00
37843.50,5.99,1248.70,2.00,24.00,79.33,21.93,0.00,0.00,0.00,0.00,0.00,0.00
37849.50,5.99,1249.13,2.00,23.98,79.43,20.59,0.00,0.00,0.00,0.00,0.00,0.00
37855.50,5.99,1249.07,2.00,23.97,79.52,20.90,0.00,0.00,0.00,0.00,0.00,0.00
37861.50,5.99,1249.15,2.00,23.95,80.00,21.10,0.00,0.00,0.00,0.00,0.00,0.00
37867.50,5.99,1249.48,2.00,23.90,80.05,21.03,0.00,0.00,0.00,0.00,0.00,0.00
37873.50,5.99,1249.77,2.00,23.90,79.77,22.05,0.00,0.00,0.00,0.00,0.00,0.00
37878.00,5.99,1250.23,2.00,23.90,80.10,21.17,0.00,0.00,0.00,0.00,0.00,0.00
37880.25,5.99,1250.30,2.00,23.90,79.93,21.96,0.00,0.00,0.00,0.00,0.00,0.08
37882.50,5.99,1250.37,2.00,23.90,79.75,22.75,0.00,0.00,0.00,0.00,0.00,0.17
37882.50,5.99,1250.43,2.00,23.90,79.75,22.75,0.00,0.00,0.00,0.00,0.00,0.17
37882.51,5.99,1250.48,2.00,23.90,79.75,22.75,0.00,0.00,0.00,0.00,0.00,0.17
37882.51,5.99,1250.54,2.00,23.90,79.75,22.75,0.00,0.00,0.00,0.00,0.00,0.17
37882.51,5.99,1250.60,2.00,23.90,79.75,22.75,0.00,0.00,0.00,0.00,0.00,0.17
37882.52,5.99,1250.65,2.00,23.90,79.75,22.75,0.00,0.00,0.00,0.00,0.00,0.17
37882.52,5.99,1250.71,2.00,23.90,79.76,22.75,0.00,0.00,0.00,0.00,0.00,0.17
37882.52,5.99,1250.76,2.00,23.90,79.76,22.75,0.00,0.00,0.00,0.00,0.00,0.17
37882.53,5.98,1250.82,2.00,23.90,79.76,22.76,0.00,0.00,0.00,0.00,0.00,0.17
37882.53,5.98,1250.88,2.00,23.90,79.76,22.76,0.00,0.00,0.00,0.00,0.00,0.17
37882.53,5.98,1250.93,2.00,23.90,79.76,22.76,0.00,0.00,0.00,0.00,0.00,0.17
37882.54,5.98,1250.99,2.00,23.90,79.76,22.76,0.00,0.00,0.00,0.00,0.00,0.17
37882.54,5.98,1251.05,2.00,23.90,79.76,22.76,0.00,0.00,0.00,0.00,0.00,0.17
37882.54,5.98,1251.10,2.00,23.90,79.76,22.76,0.00,0.00,0.00,0.00,0.00,0.17
37882.55,5.98,1251.16,2.00,23.90,79.76,22.76,0.00,0.00,0.00,0.00,0.00,0.17
37882.55,5.98,1251.21,2.00,23.90,79.76,22.76,0.00,0.00,0.00,0.00,0.00,0.17
37882.55,5.98,1251.27,2.00,23.90,79.76,22.76,0.00,0.00,0.00,0.00,0.00,0.17
37882.56,5.98,1251.33,2.00,23.90,79.76,22.77,0.00,0.00,0.00,0.00,0.00,0.17
37882.56,5.98,1251.38,2.00,23.90,79.77,22.77,0.00,0.00,0.00,0.00,0.00,0.17
37882.56,5.98,1251.44,2.00,23.90,79.77,22.77,0.00,0.00,0.00,0.00,0.00,0.17
37882.57,5.98,1251.49,2.00,23.89,79.77,22.77,0.00,0.00,0.00,0.00,0.00,0.17
37882.57,5.98,1251.55,2.00,23.89,79.77,22.77,0.00,0.00,0.00,0.00,0.00,0.17
37882.57,5.98,1251.61,2.00,23.89,79.77,22.77,0.00,0.00,0.00,0.00,0.00,0.17
37882.58,5.98,1251.66,2.00,23.89,79.77,22.77,0.00,0.00,0.00,0.00,0.00,0.17
37882.58,5.98,1251.72,2.00,23.89,79.77,22.77,0.00,0.00,0.00,0.00,0.00,0.17
37882.59,5.98,1251.77,2.00,23.89,79.77,22.77,0.00,0.00,0.00,0.00,0.00,0.17
37882.59,5.98,1251.83,2.00,23.89,79.77,22.78,0.00,0.00,0.00,0.00,0.00,0.17
37882.59,5.98,1251.89,2.00,23.89,79.77,22.78,0.00,0.00,0.00,0.00,0.00,0.17
37882.60,5.98,1251.94,2.00,23.89,79.77,22.78,0.00,0.00,0.00,0.00,0.00,0.17
37882.60,5.98,1252.00,2.00,23.89,79.78,22.78,0.00,0.00,0.00,0.00,0.00,0.17
37882.60,5.98,1252.06,2.00,23.89,79.78,22.78,0.00,0.00,0.00,0.00,0.00,0.17
37882.61,5.98,1252.11,2.00,23.89,79.78,22.78,0.00,0.00,0.00,0.00,0.00,0.17
37882.61,5.98,1252.17,2.00,23.89,79.78,22.78,0.00,0.00,0.00,0.00,0.00,0.17
37882.61,5.98,1252.22,2.00,23.89,79.78,22.78,0.00,0.00,0.00,0.00,0.00,0.17
37882.62,5.98,1252.28,2.00,23.89,79.78,22.78,0.00,0.00,0.00,0.00,0.00,0.17
37882.62,5.98,1252.34,2.00,23.89,79.78,22.79,0.00,0.00,0.00,0.00,0.00,0.17
37882.62,5.98,1252.39,2.00,23.89,79.78,22.79,0.00,0.00,0.00,0.00,0.00,0.17
37882.63,5.98,1252.45,2.00,23.89,79.78,22.79,0.00,0.00,0.00,0.00,0.00,0.17
37882.63,5.98,1252.50,2.00,23.89,79.78,22.79,0.00,0.00,0.00,0.00,0.00,0.17
37882.63,5.98,1252.56,2.00,23.89,79.78,22.79,0.00,0.00,0.00,0.00,0.00,0.17
37882.64,5.98,1252.62,2.00,23.89,79.78,22.79,0.00,0.00,0.00,0.00,0.00,0.17
37882.64,5.98,1252.67,2.00,23.89,79.79,22.79,0.00,0.00,0.00,0.00,0.00,0.17
37882.64,5.98,1252.73,2.00,23.89,79.79,22.79,0.00,0.00,0.00,0.00,0.00,0.17
37882.65,5.98,1252.78,2.00,23.89,79.79,22.79,0.00,0.00,0.00,0.00,0.00,0.17
37882.65,5.98,1252.84,2.00,23.89,79.79,22.80,0.00,0.00,0.00,0.00,0.00,0.17
37882.65,5.98,1252.90,2.00,23.89,79.79,22.80,0.00,0.00,0.00,0.00,0.00,0.17
37882.66,5.98,1252.95,2.00,23.89,79.79,22.80,0.00,0.00,0.00,0.00,0.00,0.17
37882.66,5.98,1253.01,2.00,23.89,79.79,22.80,0.00,0.00,0.00,0.00,0.00,0.17
37882.66,5.98,1253.07,2.00,23.89,79.79,22.80,0.00,0.00,0.00,0.00,0.00,0.17
37882.67,5.98,1253.12,2.00,23.89,79.79,22.80,0.00,0.00,0.00,0.00,0.00,0.17
37882.67,5.97,1253.18,2.00,23.89,79.79,22.80,0.00,0.00,0.00,0.00,0.00,0.17
37882.67,5.97,1253.23,2.00,23.89,79.79,22.80,0.00,0.00,0.00,0.00,0.00,0.17
37882.68,5.97,1253.29,2.00,23.89,79.80,22.80,0.00,0.00,0.00,0.00,0.00,0.17
37882.68,5.97,1253.35,2.00,23.89,79.80,22.81,0.00,0.00,0.00,0.00,0.00,0.17
37882.68,5.97,1253.40,2.00,23.89,79.80,22.81,0.00,0.00,0.00,0.00,0.00,0.17
37882.69,5.97,1253.46,2.00,23.89,79.80,22.81,0.00,0.00,0.00,0.00,0.00,0.17
37882.69,5.97,1253.51,2.00,23.89,79.80,22.81,0.00,0.00,0.00,0.00,0.00,0.17
37882.69,5.97,1253.57,2.00,23.89,79.80,22.81,0.00,0.00,0.00,0.00,0.00,0.17
37882.70,5.97,1253.63,2.00,23.89,79.80,22.81,0.00,0.00,0.00,0.00,0.00,0.17
37882.70,5.97,1253.68,2.00,23.89,79.80,22.81,0.00,0.00,0.00,0.00,0.00,0.17
37882.70,5.97,1253.74,2.00,23.88,79.80,22.81,0.00,0.00,0.00,0.00,0.00,0.17
37882.71,5.97,1253.79,2.00,23.88,79.80,22.81,0.00,0.00,0.00,0.00,0.00,0.17
37882.71,5.97,1253.85,2.00,23.88,79.80,22.82,0.00,0.00,0.00,0.00,0.00,0.17
37882.71,5.97,1253.91,2.00,23.88,79.80,22.82,0.00,0.00,0.00,0.00,0.00,0.17
37882.72,5.97,1253.96,2.00,23.88,79.81,22.82,0.00,0.00,0.00,0.00,0.00,0.17
37882.72,5.97,1254.02,2.00,23.88,79.81,22.82,0.00,0.00,0.00,0.00,0.00,0.17
37882.72,5.97,1254.08,2.00,23.88,79.81,22.82,0.00,0.00,0.00,0.00,0.00,0.17
37882.73,5.97,1254.13,2.00,23.88,79.81,22.82,0.00,0.00,0.00,0.00,0.00,0.18
37882.73,5.97,1254.19,2.00,23.88,79.81,22.82,0.00,0.00,0.00,0.00,0.00,0.18
37882.73,5.97,1254.24,2.00,23.88,79.81,22.82,0.00,0.00,0.00,0.00,0.00,0.18
37882.74,5.97,1254.30,2.00,23.88,79.81,22.82,0.00,0.00,0.00,0.00,0.00,0.18
37882.74,5.97,1254.36,2.00,23.88,79.81,22.83,0.00,0.00,0.00,0.00,0.00,0.18
37882.75,5.97,1254.41,2.00,23.88,79.81,22.83,0.00,0.00,0.00,0.00,0.00,0.18
37882.75,5.97,1254.47,2.00,23.88,79.81,22.83,0.00,0.00,0.00,0.00,0.00,0.18
37882.75,5.97,1254.52,2.00,23.88,79.81,22.83,0.00,0.00,0.00,0.00,0.00,0.18
37882.76,5.97,1254.58,2.00,23.88,79.82,22.83,0.00,0.00,0.00,0.00,0.00,0.18
37882.76,5.97,1254.64,2.00,23.88,79.82,22.83,0.00,0.00,0.00,0.00,0.00,0.18
37882.76,5.97,1254.69,2.00,23.88,79.82,22.83,0.00,0.00,0.00,0.00,0.00,0.18
37882.77,5.97,1254.75,2.00,23.88,79.82,22.83,0.00,0.00,0.00,0.00,0.00,0.18
37882.77,5.97,1254.80,2.00,23.88,79.82,22.83,0.00,0.00,0.00,0.00,0.00,0.18
37882.77,5.97,1254.86,2.00,23.88,79.82,22.84,0.00,0.00,0.00,0.00,0.00,0.18
37882.78,5.97,1254.92,2.00,23.88,79.82,22.84,0.00,0.00,0.00,0.00,0.00,0.18
37882.78,5.97,1254.97,2.00,23.88,79.82,22.84,0.00,0.00,0.00,0.00,0.00,0.18
37882.78,5.97,1255.03,2.00,23.88,79.82,22.84,0.00,0.00,0.00,0.00,0.00,0.18
37882.79,5.97,1255.09,2.00,23.88,79.82,22.84,0.00,0.00,0.00,0.00,0.00,0.18
37882.79,5.97,1255.14,2.00,23.88,79.82,22.84,0.00,0.00,0.00,0.00,0.00,0.18
37882.79,5.97,1255.20,2.00,23.88,79.82,22.84,0.00,0.00,0.00,0.00,0.00,0.18
37882.80,5.97,1255.25,2.00,23.88,79.83,22.84,0.00,0.00,0.00,0.00,0.00,0.18
37882.80,5.97,1255.31,2.00,23.88,79.83,22.84,0.00,0.00,0.00,0.00,0.00,0.18
37882.80,5.97,1255.37,2.00,23.88,79.83,22.85,0.00,0.00,0.00,0.00,0.00,0.18
37882.81,5.97,1255.42,2.00,23.88,79.83,22.85,0.00,0.00,0.00,0.00,0.00,0.18
37882.81,5.97,1255.48,2.00,23.88,79.83,22.85,0.00,0.00,0.00,0.00,0.00,0.18
37882.81,5.96,1255.53,2.00,23.88,79.83,22.85,0.00,0.00,0.00,0.00,0.00,0.18
37882.82,5.96,1255.59,2.00,23.88,79.83,22.85,0.00,0.00,0.00,0.00,0.00,0.18
37882.82,5.96,1255.65,2.00,23.88,79.83,22.85,0.00,0.00,0.00,0.00,0.00,0.18
37882.82,5.96,1255.70,2.00,23.88,79.83,22.85,0.00,0.00,0.00,0.00,0.00,0.18
37882.83,5.96,1255.76,2.00,23.88,79.83,22.85,0.00,0.00,0.00,0.00,0.00,0.18
37882.83,5.96,1255.81,2.00,23.88,79.83,22.85,0.00,0.00,0.00,0.00,0.00,0.18
37882.83,5.96,1255.87,2.00,23.88,79.84,22.86,0.00,0.00,0.00,0.00,0.00,0.18
37882.84,5.96,1255.93,2.00,23.88,79.84,22.86,0.00,0.00,0.00,0.00,0.00,0.18
37882.84,5.96,1255.98,2.00,23.87,79.84,22.86,0.00,0.00,0.00,0.00,0.00,0.18
37882.84,5.96,1256.04,2.00,23.87,79.84,22.86,0.00,0.00,0.00,0.00,0.00,0.18
37882.85,5.96,1256.10,2.00,23.87,79.84,22.86,0.00,0.00,0.00,0.00,0.00,0.18
37882.85,5.96,1256.15,2.00,23.87,79.84,22.86,0.00,0.00,0.00,0.00,0.00,0.18
37882.85,5.96,1256.21,2.00,23.87,79.84,22.86,0.00,0.00,0.00,0.00,0.00,0.18
37882.86,5.96,1256.26,2.00,23.87,79.84,22.86,0.00,0.00,0.00,0.00,0.00,0.18
37882.86,5.96,1256.32,2.00,23.87,79.84,22.86,0.00,0.00,0.00,0.00,0.00,0.18
37882.86,5.96,1256.38,2.00,23.87,79.84,22.87,0.00,0.00,0.00,0.00,0.00,0.18
37882.87,5.96,1256.43,2.00,23.87,79.84,22.87,0.00,0.00,0.00,0.00,0.00,0.18
37882.87,5.96,1256.49,2.00,23.87,79.84,22.87,0.00,0.00,0.00,0.00,0.00,0.18
37882.87,5.96,1256.54,2.00,23.87,79.85,22.87,0.00,0.00,0.00,0.00,0.00,0.18
37882.88,5.96,1256.60,2.00,23.87,79.85,22.87,0.00,0.00,0.00,0.00,0.00,0.18
37882.88,5.96,1256.66,2.00,23.87,79.85,22.87,0.00,0.00,0.00,0.00,0.00,0.18
37882.88,5.96,1256.71,2.00,23.87,79.85,22.87,0.00,0.00,0.00,0.00,0.00,0.18
37882.89,5.96,1256.77,2.00,23.87,79.85,22.87,0.00,0.00,0.00,0.00,0.00,0.18
37882.89,5.96,1256.82,2.00,23.87,79.85,22.87,0.00,0.00,0.00,0.00,0.00,0.18
37882.89,5.96,1256.88,2.00,23.87,79.85,22.88,0.00,0.00,0.00,0.00,0.00,0.18
37882.90,5.96,1256.94,2.00,23.87,79.85,22.88,0.00,0.00,0.00,0.00,0.00,0.18
37882.90,5.96,1256.99,2.00,23.87,79.85,22.88,0.00,0.00,0.00,0.00,0.00,0.18
37882.91,5.96,1257.05,2.00,23.87,79.85,22.88,0.00,0.00,0.00,0.00,0.00,0.18
37882.91,5.96,1257.11,2.00,23.87,79.85,22.88,0.00,0.00,0.00,0.00,0.00,0.18
37882.91,5.96,1257.16,2.00,23.87,79.86,22.88,0.00,0.00,0.00,0.00,0.00,0.18
37882.92,5.96,1257.22,2.00,23.87,79.86,22.88,0.00,0.00,0.00,0.00,0.00,0.18
37882.92,5.96,1257.27,2.00,23.87,79.86,22.88,0.00,0.00,0.00,0.00,0.00,0.18
37882.92,5.96,1257.33,2.00,23.87,79.86,22.88,0.00,0.00,0.00,0.00,0.00,0.18
37882.93,5.96,1257.39,2.00,23.87,79.86,22.89,0.00,0.00,0.00,0.00,0.00,0.18
37882.93,5.96,1257.44,2.00,23.87,79.86,22.89,0.00,0.00,0.00,0.00,0.00,0.18
37882.93,5.96,1257.50,2.00,23.87,79.86,22.89,0.00,0.00,0.00,0.00,0.00,0.18
37882.94,5.96,1257.55,2.00,23.87,79.86,22.89,0.00,0.00,0.00,0.00,0.00,0.18
37882.94,5.96,1257.61,2.00,23.87,79.86,22.89,0.00,0.00,0.00,0.00,0.00,0.18
37882.94,5.96,1257.67,2.00,23.87,79.86,22.89,0.00,0.00,0.00,0.00,0.00,0.18
37882.95,5.96,1257.72,2.00,23.87,79.86,22.89,0.00,0.00,0.00,0.00,0.00,0.18
37882.95,5.96,1257.78,2.00,23.87,79.86,22.89,0.00,0.00,0.00,0.00,0.00,0.18
37882.95,5.96,1257.84,2.00,23.87,79.87,22.89,0.00,0.00,0.00,0.00,0.00,0.18
37882.96,5.95,1257.89,2.00,23.87,79.87,22.90,0.00,0.00,0.00,0.00,0.00,0.18
37882.96,5.95,1257.95,2.00,23.87,79.87,22.90,0.00,0.00,0.00,0.00,0.00,0.18
37882.96,5.95,1258.00,2.00,23.87,79.87,22.90,0.00,0.00,0.00,0.00,0.00,0.18
37882.97,5.95,1258.06,2.00,23.87,79.87,22.90,0.00,0.00,0.00,0.00,0.00,0.18
37882.97,5.95,1258.12,2.00,23.87,79.87,22.90,0.00,0.00,0.00,0.00,0.00,0.18
37882.97,5.95,1258.17,2.00,23.86,79.87,22.90,0.00,0.00,0.00,0.00,0.00,0.18
37882.98,5.95,1258.23,2.00,23.86,79.87,22.90,0.00,0.00,0.00,0.00,0.00,0.18
37882.98,5.95,1258.28,2.00,23.86,79.87,22.90,0.00,0.00,0.00,0.00,0.00,0.18
37882.98,5.95,1258.34,2.00,23.86,79.87,22.90,0.00,0.00,0.00,0.00,0.00,0.18
37882.99,5.95,1258.40,2.00,23.86,79.87,22.91,0.00,0.00,0.00,0.00,0.00,0.18
37882.99,5.95,1258.45,2.00,23.86,79.88,22.91,0.00,0.00,0.00,0.00,0.00,0.18
37882.99,5.95,1258.51,2.00,23.86,79.88,22.91,0.00,0.00,0.00,0.00,0.00,0.18
37883.00,5.95,1258.56,2.00,23.86,79.88,22.91,0.00,0.00,0.00,0.00,0.00,0.19
37883.00,5.95,1258.62,2.00,23.86,79.88,22.91,0.00,0.00,0.00,0.00,0.00,0.19
37883.00,5.95,1258.68,2.00,23.86,79.88,22.91,0.00,0.00,0.00,0.00,0.00,0.19
37883.01,5.95,1258.73,2.00,23.86,79.88,22.91,0.00,0.00,0.00,0.00,0.00,0.19
37883.01,5.95,1258.79,2.00,23.86,79.88,22.91,0.00,0.00,0.00,0.00,0.00,0.19
37883.01,5.95,1258.85,2.00,23.86,79.88,22.91,0.00,0.00,0.00,0.00,0.00,0.19
37883.02,5.95,1258.90,2.00,23.86,79.88,22.92,0.00,0.00,0.00,0.00,0.00,0.19
37883.02,5.95,1258.96,2.00,23.86,79.88,22.92,0.00,0.00,0.00,0.00,0.00,0.19
37883.02,5.95,1259.01,2.00,23.86,79.88,22.92,0.00,0.00,0.00,0.00,0.00,0.19
37883.03,5.95,1259.07,2.00,23.86,79.88,22.92,0.00,0.00,0.00,0.00,0.00,0.19
37883.03,5.95,1259.13,2.00,23.86,79.89,22.92,0.00,0.00,0.00,0.00,0.00,0.19
37883.03,5.95,1259.18,2.00,23.86,79.89,22.92,0.00,0.00,0.00,0.00,0.00,0.19
37883.04,5.95,1259.24,2.00,23.86,79.89,22.92,0.00,0.00,0.00,0.00,0.00,0.19
37883.04,5.95,1259.29,2.00,23.86,79.89,22.92,0.00,0.00,0.00,0.00,0.00,0.19
37883.04,5.95,1259.35,2.00,23.86,79.89,22.92,0.00,0.00,0.00,0.00,0.00,0.19
37883.05,5.95,1259.41,2.00,23.86,79.89,22.93,0.00,0.00,0.00,0.00,0.00,0.19
37883.05,5.95,1259.46,2.00,23.86,79.89,22.93,0.00,0.00,0.00,0.00,0.00,0.19
37883.05,5.95,1259.52,2.00,23.86,79.89,22.93,0.00,0.00,0.00,0.00,0.00,0.19
37883.06,5.95,1259.57,2.00,23.86,79.89,22.93,0.00,0.00,0.00,0.00,0.00,0.19
37883.06,5.95,1259.63,2.00,23.86,79.89,22.93,0.00,0.00,0.00,0.00,0.00,0.19
37883.07,5.95,1259.69,2.00,23.86,79.89,22.93,0.00,0.00,0.00,0.00,0.00,0.19
37883.07,5.95,1259.74,2.00,23.86,79.90,22.93,0.00,0.00,0.00,0.00,0.00,0.19
37883.07,5.95,1259.80,2.00,23.86,79.90,22.93,0.00,0.00,0.00,0.00,0.00,0.19
37883.08,5.95,1259.86,2.00,23.86,79.90,22.94,0.00,0.00,0.00,0.00,0.00,0.19
37883.08,5.95,1259.91,2.00,23.86,79.90,22.94,0.00,0.00,0.00,0.00,0.00,0.19
37883.08,5.95,1259.97,2.00,23.86,79.90,22.94,0.00,0.00,0.00,0.00,0.00,0.19
37883.09,5.95,1260.02,2.00,23.86,79.90,22.94,0.00,0.00,0.00,0.00,0.00,0.19
37883.09,5.95,1260.08,2.00,23.86,79.90,22.94,0.00,0.00,0.00,0.00,0.00,0.19
37883.09,5.95,1260.14,2.00,23.86,79.90,22.94,0.00,0.00,0.00,0.00,0.00,0.19
37883.10,5.95,1260.19,2.00,23.86,79.90,22.94,0.00,0.00,0.00,0.00,0.00,0.19
37883.10,5.94,1260.25,2.00,23.86,79.90,22.94,0.00,0.00,0.00,0.00,0.00,0.19
37883.10,5.94,1260.30,2.00,23.86,79.90,22.94,0.00,0.00,0.00,0.00,0.00,0.19
37883.11,5.94,1260.36,2.00,23.86,79.90,22.95,0.00,0.00,0.00,0.00,0.00,0.19
37883.11,5.94,1260.42,2.00,23.85,79.91,22.95,0.00,0.00,0.00,0.00,0.00,0.19
37883.11,5.94,1260.47,2.00,23.85,79.91,22.95,0.00,0.00,0.00,0.00,0.00,0.19
37883.12,5.94,1260.53,2.00,23.85,79.91,22.95,0.00,0.00,0.00,0.00,0.00,0.19
37883.12,5.94,1260.58,2.00,23.85,79.91,22.95,0.00,0.00,0.00,0.00,0.00,0.19
37883.12,5.94,1260.64,2.00,23.85,79.91,22.95,0.00,0.00,0.00,0.00,0.00,0.19
37883.13,5.94,1260.70,2.00,23.85,79.91,22.95,0.00,0.00,0.00,0.00,0.00,0.19
37883.13,5.94,1260.75,2.00,23.85,79.91,22.95,0.00,0.00,0.00,0.00,0.00,0.19
37883.13,5.94,1260.81,2.00,23.85,79.91,22.95,0.00,0.00,0.00,0.00,0.00,0.19
37883.14,5.94,1260.87,2.00,23.85,79.91,22.96,0.00,0.00,0.00,0.00,0.00,0.19
37883.14,5.94,1260.92,2.00,23.85,79.91,22.96,0.00,0.00,0.00,0.00,0.00,0.19
37883.14,5.94,1260.98,2.00,23.85,79.91,22.96,0.00,0.00,0.00,0.00,0.00,0.19
37883.15,5.94,1261.03,2.00,23.85,79.92,22.96,0.00,0.00,0.00,0.00,0.00,0.19
37883.15,5.94,1261.09,2.00,23.85,79.92,22.96,0.00,0.00,0.00,0.00,0.00,0.19
37883.15,5.94,1261.15,2.00,23.85,79.92,22.96,0.00,0.00,0.00,0.00,0.00,0.19
37883.16,5.94,1261.20,2.00,23.85,79.92,22.96,0.00,0.00,0.00,0.00,0.00,0.19
37883.16,5.94,1261.26,2.00,23.85,79.92,22.96,0.00,0.00,0.00,0.00,0.00,0.19
37883.16,5.94,1261.31,2.00,23.85,79.92,22.96,0.00,0.00,0.00,0.00,0.00,0.19
37883.17,5.94,1261.37,2.00,23.85,79.92,22.97,0.00,0.00,0.00,0.00,0.00,0.19
37883.17,5.94,1261.43,2.00,23.85,79.92,22.97,0.00,0.00,0.00,0.00,0.00,0.19
37883.17,5.94,1261.48,2.00,23.85,79.92,22.97,0.00,0.00,0.00,0.00,0.00,0.19
37883.18,5.94,1261.54,2.00,23.85,79.92,22.97,0.00,0.00,0.00,0.00,0.00,0.19
37883.18,5.94,1261.59,2.00,23.85,79.92,22.97,0.00,0.00,0.00,0.00,0.00,0.19
37883.18,5.94,1261.65,2.00,23.85,79.92,22.97,0.00,0.00,0.00,0.00,0.00,0.19
37883.19,5.94,1261.71,2.00,23.85,79.93,22.97,0.00,0.00,0.00,0.00,0.00,0.19
37883.19,5.94,1261.76,2.00,23.85,79.93,22.97,0.00,0.00,0.00,0.00,0.00,0.19
37883.19,5.94,1261.82,2.00,23.85,79.93,22.97,0.00,0.00,0.00,0.00,0.00,0.19
37883.20,5.94,1261.88,2.00,23.85,79.93,22.98,0.00,0.00,0.00,0.00,0.00,0.19
37883.20,5.94,1261.93,2.00,23.85,79.93,22.98,0.00,0.00,0.00,0.00,0.00,0.19
37883.20,5.94,1261.99,2.00,23.85,79.93,22.98,0.00,0.00,0.00,0.00,0.00,0.19
37883.21,5.94,1262.04,2.00,23.85,79.93,22.98,0.00,0.00,0.00,0.00,0.00,0.19
37883.21,5.94,1262.10,2.00,23.85,79.93,22.98,0.00,0.00,0.00,0.00,0.00,0.19
37883.21,5.94,1262.16,2.00,23.85,79.93,22.98,0.00,0.00,0.00,0.00,0.00,0.19
37883.22,5.94,1262.21,2.00,23.85,79.93,22.98,0.00,0.00,0.00,0.00,0.00,0.19
37883.22,5.94,1262.27,2.00,23.85,79.93,22.98,0.00,0.00,0.00,0.00,0.00,0.19
37883.23,5.94,1262.32,2.00,23.85,79.94,22.98,0.00,0.00,0.00,0.00,0.00,0.19
37883.23,5.94,1262.38,2.00,23.85,79.94,22.99,0.00,0.00,0.00,0.00,0.00,0.19
37883.23,5.94,1262.44,2.00,23.85,79.94,22.99,0.00,0.00,0.00,0.00,0.00,0.19
37883.24,5.94,1262.49,2.00,23.85,79.94,22.99,0.00,0.00,0.00,0.00,0.00,0.19
37883.24,5.94,1262.55,2.00,23.85,79.94,22.99,0.00,0.00,0.00,0.00,0.00,0.19
37883.24,5.93,1262.60,2.00,23.85,79.94,22.99,0.00,0.00,0.00,0.00,0.00,0.19
37883.25,5.93,1262.66,2.00,23.84,79.94,22.99,0.00,0.00,0.00,0.00,0.00,0.19
37883.25,5.93,1262.72,2.00,23.84,79.94,22.99,0.00,0.00,0.00,0.00,0.00,0.19
37883.25,5.93,1262.77,2.00,23.84,79.94,22.99,0.00,0.00,0.00,0.00,0.00,0.19
37883.26,5.93,1262.83,2.00,23.84,79.94,22.99,0.00,0.00,0.00,0.00,0.00,0.19
37883.26,5.93,1262.89,2.00,23.84,79.94,23.00,0.00,0.00,0.00,0.00,0.00,0.19
37883.26,5.93,1262.94,2.00,23.84,79.94,23.00,0.00,0.00,0.00,0.00,0.00,0.19
37883.27,5.93,1263.00,2.00,23.84,79.95,23.00,0.00,0.00,0.00,0.00,0.00,0.20
37883.27,5.93,1263.05,2.00,23.84,79.95,23.00,0.00,0.00,0.00,0.00,0.00,0.20
37883.27,5.93,1263.11,2.00,23.84,79.95,23.00,0.00,0.00,0.00,0.00,0.00,0.20
37883.28,5.93,1263.17,2.00,23.84,79.95,23.00,0.00,0.00,0.00,0.00,0.00,0.20
37883.28,5.93,1263.22,2.00,23.84,79.95,23.00,0.00,0.00,0.00,0.00,0.00,0.20
37883.28,5.93,1263.28,2.00,23.84,79.95,23.00,0.00,0.00,0.00,0.00,0.00,0.20
37883.29,5.93,1263.33,2.00,23.84,79.95,23.00,0.00,0.00,0.00,0.00,0.00,0.20
37883.29,5.93,1263.39,2.00,23.84,79.95,23.01,0.00,0.00,0.00,0.00,0.00,0.20
37883.29,5.93,1263.45,2.00,23.84,79.95,23.01,0.00,0.00,0.00,0.00,0.00,0.20
37883.30,5.93,1263.50,2.00,23.84,79.95,23.01,0.00,0.00,0.00,0.00,0.00,0.20
37883.30,5.93,1263.56,2.00,23.84,79.95,23.01,0.00,0.00,0.00,0.00,0.00,0.20
37883.30,5.93,1263.61,2.00,23.84,79.96,23.01,0.00,0.00,0.00,0.00,0.00,0.20
37883.31,5.93,1263.67,2.00,23.84,79.96,23.01,0.00,0.00,0.00,0.00,0.00,0.20
37883.31,5.93,1263.73,2.00,23.84,79.96,23.01,0.00,0.00,0.00,0.00,0.00,0.20
37883.31,5.93,1263.78,2.00,23.84,79.96,23.01,0.00,0.00,0.00,0.00,0.00,0.20
37883.32,5.93,1263.84,2.00,23.84,79.96,23.01,0.00,0.00,0.00,0.00,0.00,0.20
37883.32,5.93,1263.90,2.00,23.84,79.96,23.02,0.00,0.00,0.00,0.00,0.00,0.20
37883.32,5.93,1263.95,2.00,23.84,79.96,23.02,0.00,0.00,0.00,0.00,0.00,0.20
37883.33,5.93,1264.01,2.00,23.84,79.96,23.02,0.00,0.00,0.00,0.00,0.00,0.20
37883.33,5.93,1264.06,2.00,23.84,79.96,23.02,0.00,0.00,0.00,0.00,0.00,0.20
37883.33,5.93,1264.12,2.00,23.84,79.96,23.02,0.00,0.00,0.00,0.00,0.00,0.20
37883.34,5.93,1264.18,2.00,23.84,79.96,23.02,0.00,0.00,0.00,0.00,0.00,0.20
37883.34,5.93,1264.23,2.00,23.84,79.96,23.02,0.00,0.00,0.00,0.00,0.00,0.20
37883.34,5.93,1264.29,2.00,23.84,79.97,23.02,0.00,0.00,0.00,0.00,0.00,0.20
37883.35,5.93,1264.34,2.00,23.84,79.97,23.02,0.00,0.00,0.00,0.00,0.00,0.20
37883.35,5.93,1264.40,2.00,23.84,79.97,23.03,0.00,0.00,0.00,0.00,0.00,0.20
37883.35,5.93,1264.46,2.00,23.84,79.97,23.03,0.00,0.00,0.00,0.00,0.00,0.20
37883.36,5.93,1264.51,2.00,23.84,79.97,23.03,0.00,0.00,0.00,0.00,0.00,0.20
37883.36,5.93,1264.57,2.00,23.84,79.97,23.03,0.00,0.00,0.00,0.00,0.00,0.20
37883.36,5.93,1264.63,2.00,23.84,79.97,23.03,0.00,0.00,0.00,0.00,0.00,0.20
37883.37,5.93,1264.68,2.00,23.84,79.97,23.03,0.00,0.00,0.00,0.00,0.00,0.20
37883.37,5.93,1264.74,2.00,23.84,79.97,23.03,0.00,0.00,0.00,0.00,0.00,0.20
37883.37,5.93,1264.79,2.00,23.84,79.97,23.03,0.00,0.00,0.00,0.00,0.00,0.20
37883.38,5.93,1264.85,2.00,23.83,79.97,23.03,0.00,0.00,0.00,0.00,0.00,0.20
37883.38,5.93,1264.91,2.00,23.83,79.98,23.04,0.00,0.00,0.00,0.00,0.00,0.20
37883.39,5.93,1264.96,2.00,23.83,79.98,23.04,0.00,0.00,0.00,0.00,0.00,0.20
37883.39,5.92,1265.02,2.00,23.83,79.98,23.04,0.00,0.00,0.00,0.00,0.00,0.20
37883.39,5.92,1265.07,2.00,23.83,79.98,23.04,0.00,0.00,0.00,0.00,0.00,0.20
37883.40,5.92,1265.13,2.00,23.83,79.98,23.04,0.00,0.00,0.00,0.00,0.00,0.20
37883.40,5.92,1265.19,2.00,23.83,79.98,23.04,0.00,0.00,0.00,0.00,0.00,0.20
37883.40,5.92,1265.24,2.00,23.83,79.98,23.04,0.00,0.00,0.00,0.00,0.00,0.20
37883.41,5.92,1265.30,2.00,23.83,79.98,23.04,0.00,0.00,0.00,0.00,0.00,0.20
37883.41,5.92,1265.35,2.00,23.83,79.98,23.04,0.00,0.00,0.00,0.00,0.00,0.20
37883.41,5.92,1265.41,2.00,23.83,79.98,23.05,0.00,0.00,0.00,0.00,0.00,0.20
37883.42,5.92,1265.47,2.00,23.83,79.98,23.05,0.00,0.00,0.00,0.00,0.00,0.20
37883.42,5.92,1265.52,2.00,23.83,79.98,23.05,0.00,0.00,0.00,0.00,0.00,0.20
37883.42,5.92,1265.58,2.00,23.83,79.99,23.05,0.00,0.00,0.00,0.00,0.00,0.20
37883.43,5.92,1265.64,2.00,23.83,79.99,23.05,0.00,0.00,0.00,0.00,0.00,0.20
37883.43,5.92,1265.69,2.00,23.83,79.99,23.05,0.00,0.00,0.00,0.00,0.00,0.20
37883.43,5.92,1265.75,2.00,23.83,79.99,23.05,0.00,0.00,0.00,0.00,0.00,0.20
37883.44,5.92,1265.80,2.00,23.83,79.99,23.05,0.00,0.00,0.00,0.00,0.00,0.20
37883.44,5.92,1265.86,2.00,23.83,79.99,23.05,0.00,0.00,0.00,0.00,0.00,0.20
37883.44,5.92,1265.92,2.00,23.83,79.99,23.06,0.00,0.00,0.00,0.00,0.00,0.20
37883.45,5.92,1265.97,2.00,23.83,79.99,23.06,0.00,0.00,0.00,0.00,0.00,0.20
37883.45,5.92,1266.03,2.00,23.83,79.99,23.06,0.00,0.00,0.00,0.00,0.00,0.20
37883.45,5.92,1266.08,2.00,23.83,79.99,23.06,0.00,0.00,0.00,0.00,0.00,0.20
37883.46,5.92,1266.14,2.00,23.83,79.99,23.06,0.00,0.00,0.00,0.00,0.00,0.20
37883.46,5.92,1266.20,2.00,23.83,80.00,23.06,0.00,0.00,0.00,0.00,0.00,0.20
37883.46,5.92,1266.25,2.00,23.83,80.00,23.06,0.00,0.00,0.00,0.00,0.00,0.20
37883.47,5.92,1266.31,2.00,23.83,80.00,23.06,0.00,0.00,0.00,0.00,0.00,0.20
37883.47,5.92,1266.36,2.00,23.83,80.00,23.06,0.00,0.00,0.00,0.00,0.00,0.20
37883.47,5.92,1266.42,2.00,23.83,80.00,23.07,0.00,0.00,0.00,0.00,0.00,0.20
37883.48,5.92,1266.48,2.00,23.83,80.00,23.07,0.00,0.00,0.00,0.00,0.00,0.20
37883.48,5.92,1266.53,2.00,23.83,80.00,23.07,0.00,0.00,0.00,0.00,0.00,0.20
37883.48,5.92,1266.59,2.00,23.83,80.00,23.07,0.00,0.00,0.00,0.00,0.00,0.20
37883.49,5.92,1266.65,2.00,23.83,80.00,23.07,0.00,0.00,0.00,0.00,0.00,0.20
37883.49,5.92,1266.70,2.00,23.83,80.00,23.07,0.00,0.00,0.00,0.00,0.00,0.20
37883.49,5.92,1266.76,2.00,23.83,80.00,23.07,0.00,0.00,0.00,0.00,0.00,0.20
37883.50,5.92,1266.81,2.00,23.83,80.00,23.07,0.00,0.00,0.00,0.00,0.00,0.20
37883.50,5.92,1266.87,2.00,23.83,80.01,23.07,0.00,0.00,0.00,0.00,0.00,0.20
37883.50,5.92,1266.93,2.00,23.83,80.01,23.08,0.00,0.00,0.00,0.00,0.00,0.20
37883.51,5.92,1266.98,2.00,23.83,80.01,23.08,0.00,0.00,0.00,0.00,0.00,0.20
37883.51,5.92,1267.04,2.00,23.83,80.01,23.08,0.00,0.00,0.00,0.00,0.00,0.20
37883.51,5.92,1267.09,2.00,23.82,80.01,23.08,0.00,0.00,0.00,0.00,0.00,0.20
37883.52,5.92,1267.15,2.00,23.82,80.01,23.08,0.00,0.00,0.00,0.00,0.00,0.20
37883.52,5.92,1267.21,2.00,23.82,80.01,23.08,0.00,0.00,0.00,0.00,0.00,0.20
37883.52,5.92,1267.26,2.00,23.82,80.01,23.08,0.00,0.00,0.00,0.00,0.00,0.20
37883.53,5.92,1267.32,2.00,23.82,80.01,23.08,0.00,0.00,0.00,0.00,0.00,0.20
37883.53,5.91,1267.37,2.00,23.82,80.01,23.08,0.00,0.00,0.00,0.00,0.00,0.20
37883.53,5.91,1267.43,2.00,23.82,80.01,23.09,0.00,0.00,0.00,0.00,0.00,0.20
37883.54,5.91,1267.49,2.00,23.82,80.02,23.09,0.00,0.00,0.00,0.00,0.00,0.21
37883.54,5.91,1267.54,2.00,23.82,80.02,23.09,0.00,0.00,0.00,0.00,0.00,0.21
37883.55,5.91,1267.60,2.00,23.82,80.02,23.09,0.00,0.00,0.00,0.00,0.00,0.21
37883.55,5.91,1267.66,2.00,23.82,80.02,23.09,0.00,0.00,0.00,0.00,0.00,0.21
37883.55,5.91,1267.71,2.00,23.82,80.02,23.09,0.00,0.00,0.00,0.00,0.00,0.21
37883.56,5.91,1267.77,2.00,23.82,80.02,23.09,0.00,0.00,0.00,0.00,0.00,0.21
37883.56,5.91,1267.82,2.00,23.82,80.02,23.09,0.00,0.00,0.00,0.00,0.00,0.21
37883.56,5.91,1267.88,2.00,23.82,80.02,23.09,0.00,0.00,0.00,0.00,0.00,0.21
37883.57,5.91,1267.94,2.00,23.82,80.02,23.10,0.00,0.00,0.00,0.00,0.00,0.21
37883.57,5.91,1267.99,2.00,23.82,80.02,23.10,0.00,0.00,0.00,0.00,0.00,0.21
37883.57,5.91,1268.05,2.00,23.82,80.02,23.10,0.00,0.00,0.00,0.00,0.00,0.21
37883.58,5.91,1268.10,2.00,23.82,80.02,23.10,0.00,0.00,0.00,0.00,0.00,0.21
37883.58,5.91,1268.16,2.00,23.82,80.03,23.10,0.00,0.00,0.00,0.00,0.00,0.21
37883.58,5.91,1268.22,2.00,23.82,80.03,23.10,0.00,0.00,0.00,0.00,0.00,0.21
37883.59,5.91,1268.27,2.00,23.82,80.03,23.10,0.00,0.00,0.00,0.00,0.00,0.21
37883.59,5.91,1268.33,2.00,23.82,80.03,23.10,0.00,0.00,0.00,0.00,0.00,0.21
37883.59,5.91,1268.38,2.00,23.82,80.03,23.10,0.00,0.00,0.00,0.00,0.00,0.21
37883.60,5.91,1268.44,2.00,23.82,80.03,23.11,0.00,0.00,0.00,0.00,0.00,0.21
37883.60,5.91,1268.50,2.00,23.82,80.03,23.11,0.00,0.00,0.00,0.00,0.00,0.21
37883.60,5.91,1268.55,2.00,23.82,80.03,23.11,0.00,0.00,0.00,0.00,0.00,0.21
37883.61,5.91,1268.61,2.00,23.82,80.03,23.11,0.00,0.00,0.00,0.00,0.00,0.21
37883.61,5.91,1268.67,2.00,23.82,80.03,23.11,0.00,0.00,0.00,0.00,0.00,0.21
37883.61,5.91,1268.72,2.00,23.82,80.03,23.11,0.00,0.00,0.00,0.00,0.00,0.21
37883.62,5.91,1268.78,2.00,23.82,80.04,23.11,0.00,0.00,0.00,0.00,0.00,0.21
37883.62,5.91,1268.83,2.00,23.82,80.04,23.11,0.00,0.00,0.00,0.00,0.00,0.21
37883.62,5.91,1268.89,2.00,23.82,80.04,23.11,0.00,0.00,0.00,0.00,0.00,0.21
37883.63,5.91,1268.95,2.00,23.82,80.04,23.12,0.00,0.00,0.00,0.00,0.00,0.21
37883.63,5.91,1269.00,2.00,23.82,80.04,23.12,0.00,0.00,0.00,0.00,0.00,0.21
37883.63,5.91,1269.06,2.00,23.82,80.04,23.12,0.00,0.00,0.00,0.00,0.00,0.21
37883.64,5.91,1269.11,2.00,23.82,80.04,23.12,0.00,0.00,0.00,0.00,0.00,0.21
37883.64,5.91,1269.17,2.00,23.82,80.04,23.12,0.00,0.00,0.00,0.00,0.00,0.21
37883.64,5.91,1269.23,2.00,23.82,80.04,23.12,0.00,0.00,0.00,0.00,0.00,0.21
37883.65,5.91,1269.28,2.00,23.82,80.04,23.12,0.00,0.00,0.00,0.00,0.00,0.21
37883.65,5.91,1269.34,2.00,23.81,80.04,23.12,0.00,0.00,0.00,0.00,0.00,0.21
37883.65,5.91,1269.39,2.00,23.81,80.04,23.12,0.00,0.00,0.00,0.00,0.00,0.21
37883.66,5.91,1269.45,2.00,23.81,80.05,23.13,0.00,0.00,0.00,0.00,0.00,0.21
37883.66,5.91,1269.51,2.00,23.81,80.05,23.13,0.00,0.00,0.00,0.00,0.00,0.21
37883.66,5.91,1269.56,2.00,23.81,80.05,23.13,0.00,0.00,0.00,0.00,0.00,0.21
37883.67,5.91,1269.62,2.00,23.81,80.05,23.13,0.00,0.00,0.00,0.00,0.00,0.21
37883.67,5.91,1269.68,2.00,23.81,80.05,23.13,0.00,0.00,0.00,0.00,0.00,0.21
37883.67,5.90,1269.73,2.00,23.81,80.05,23.13,0.00,0.00,0.00,0.00,0.00,0.21
37883.68,5.90,1269.79,2.00,23.81,80.05,23.13,0.00,0.00,0.00,0.00,0.00,0.21
37883.68,5.90,1269.84,2.00,23.81,80.05,23.13,0.00,0.00,0.00,0.00,0.00,0.21
37883.68,5.90,1269.90,2.00,23.81,80.05,23.13,0.00,0.00,0.00,0.00,0.00,0.21
37883.69,5.90,1269.96,2.00,23.81,80.05,23.14,0.00,0.00,0.00,0.00,0.00,0.21
37883.69,5.90,1270.01,2.00,23.81,80.05,23.14,0.00,0.00,0.00,0.00,0.00,0.21
37883.69,5.90,1270.07,2.00,23.81,80.06,23.14,0.00,0.00,0.00,0.00,0.00,0.21
37883.70,5.90,1270.12,2.00,23.81,80.06,23.14,0.00,0.00,0.00,0.00,0.00,0.21
37883.70,5.90,1270.18,2.00,23.81,80.06,23.14,0.00,0.00,0.00,0.00,0.00,0.21
37883.70,5.90,1270.24,2.00,23.81,80.06,23.14,0.00,0.00,0.00,0.00,0.00,0.21
37883.71,5.90,1270.29,2.00,23.81,80.06,23.14,0.00,0.00,0.00,0.00,0.00,0.21
37883.71,5.90,1270.35,2.00,23.81,80.06,23.14,0.00,0.00,0.00,0.00,0.00,0.21
37883.72,5.90,1270.40,2.00,23.81,80.06,23.14,0.00,0.00,0.00,0.00,0.00,0.21
37883.72,5.90,1270.46,2.00,23.81,80.06,23.15,0.00,0.00,0.00,0.00,0.00,0.21
37883.72,5.90,1270.52,2.00,23.81,80.06,23.15,0.00,0.00,0.00,0.00,0.00,0.21
37883.73,5.90,1270.57,2.00,23.81,80.06,23.15,0.00,0.00,0.00,0.00,0.00,0.21
37883.73,5.90,1270.63,2.00,23.81,80.06,23.15,0.00,0.00,0.00,0.00,0.00,0.21
37883.73,5.90,1270.69,2.00,23.81,80.06,23.15,0.00,0.00,0.00,0.00,0.00,0.21
37883.74,5.90,1270.74,2.00,23.81,80.07,23.15,0.00,0.00,0.00,0.00,0.00,0.21
37883.74,5.90,1270.80,2.00,23.81,80.07,23.15,0.00,0.00,0.00,0.00,0.00,0.21
37883.74,5.90,1270.85,2.00,23.81,80.07,23.15,0.00,0.00,0.00,0.00,0.00,0.21
37883.75,5.90,1270.91,2.00,23.81,80.07,23.15,0.00,0.00,0.00,0.00,0.00,0.21
37883.75,5.90,1270.97,2.00,23.81,80.07,23.16,0.00,0.00,0.00,0.00,0.00,0.21
37883.75,5.90,1271.02,2.00,23.81,80.07,23.16,0.00,0.00,0.00,0.00,0.00,0.21
37883.76,5.90,1271.08,2.00,23.81,80.07,23.16,0.00,0.00,0.00,0.00,0.00,0.21
37883.76,5.90,1271.13,2.00,23.81,80.07,23.16,0.00,0.00,0.00,0.00,0.00,0.21
37883.76,5.90,1271.19,2.00,23.81,80.07,23.16,0.00,0.00,0.00,0.00,0.00,0.21
37883.77,5.90,1271.25,2.00,23.81,80.07,23.16,0.00,0.00,0.00,0.00,0.00,0.21
37883.77,5.90,1271.30,2.00,23.81,80.07,23.16,0.00,0.00,0.00,0.00,0.00,0.21
37883.77,5.90,1271.36,2.00,23.81,80.08,23.16,0.00,0.00,0.00,0.00,0.00,0.21
37883.78,5.90,1271.42,2.00,23.81,80.08,23.16,0.00,0.00,0.00,0.00,0.00,0.21
37883.78,5.90,1271.47,2.00,23.81,80.08,23.17,0.00,0.00,0.00,0.00,0.00,0.21
37883.78,5.90,1271.53,2.00,23.80,80.08,23.17,0.00,0.00,0.00,0.00,0.00,0.21
37883.79,5.90,1271.58,2.00,23.80,80.08,23.17,0.00,0.00,0.00,0.00,0.00,0.21
37883.79,5.90,1271.64,2.00,23.80,80.08,23.17,0.00,0.00,0.00,0.00,0.00,0.21
37883.79,5.90,1271.70,2.00,23.80,80.08,23.17,0.00,0.00,0.00,0.00,0.00,0.21
37883.80,5.90,1271.75,2.00,23.80,80.08,23.17,0.00,0.00,0.00,0.00,0.00,0.21
37883.80,5.90,1271.81,2.00,23.80,80.08,23.17,0.00,0.00,0.00,0.00,0.00,0.21
37883.80,5.90,1271.86,2.00,23.80,80.08,23.17,0.00,0.00,0.00,0.00,0.00,0.21
37883.81,5.90,1271.92,2.00,23.80,80.08,23.17,0.00,0.00,0.00,0.00,0.00,0.22
37883.81,5.90,1271.98,2.00,23.80,80.08,23.18,0.00,0.00,0.00,0.00,0.00,0.22
37883.81,5.90,1272.03,2.00,23.80,80.09,23.18,0.00,0.00,0.00,0.00,0.00,0.22
37883.82,5.89,1272.09,2.00,23.80,80.09,23.18,0.00,0.00,0.00,0.00,0.00,0.22
37883.82,5.89,1272.14,2.00,23.80,80.09,23.18,0.00,0.00,0.00,0.00,0.00,0.22
37883.82,5.89,1272.20,2.00,23.80,80.09,23.18,0.00,0.00,0.00,0.00,0.00,0.22
37883.83,5.89,1272.26,2.00,23.80,80.09,23.18,0.00,0.00,0.00,0.00,0.00,0.22
37883.83,5.89,1272.31,2.00,23.80,80.09,23.18,0.00,0.00,0.00,0.00,0.00,0.22
37883.83,5.89,1272.37,2.00,23.80,80.09,23.18,0.00,0.00,0.00,0.00,0.00,0.22
37883.84,5.89,1272.43,2.00,23.80,80.09,23.18,0.00,0.00,0.00,0.00,0.00,0.22
37883.84,5.89,1272.48,2.00,23.80,80.09,23.19,0.00,0.00,0.00,0.00,0.00,0.22
37883.84,5.89,1272.54,2.00,23.80,80.09,23.19,0.00,0.00,0.00,0.00,0.00,0.22
37883.85,5.89,1272.59,2.00,23.80,80.09,23.19,0.00,0.00,0.00,0.00,0.00,0.22
37883.85,5.89,1272.65,2.00,23.80,80.10,23.19,0.00,0.00,0.00,0.00,0.00,0.22
37883.85,5.89,1272.71,2.00,23.80,80.10,23.19,0.00,0.00,0.00,0.00,0.00,0.22
37883.86,5.89,1272.76,2.00,23.80,80.10,23.19,0.00,0.00,0.00,0.00,0.00,0.22
37883.86,5.89,1272.82,2.00,23.80,80.10,23.19,0.00,0.00,0.00,0.00,0.00,0.22
37883.86,5.89,1272.87,2.00,23.80,80.10,23.19,0.00,0.00,0.00,0.00,0.00,0.22
37883.87,5.89,1272.93,2.00,23.80,80.10,23.19,0.00,0.00,0.00,0.00,0.00,0.22
37883.87,5.89,1272.99,2.00,23.80,80.10,23.20,0.00,0.00,0.00,0.00,0.00,0.22
37883.88,5.89,1273.04,2.00,23.80,80.10,23.20,0.00,0.00,0.00,0.00,0.00,0.22
37883.88,5.89,1273.10,2.00,23.80,80.10,23.20,0.00,0.00,0.00,0.00,0.00,0.22
37883.88,5.89,1273.15,2.00,23.80,80.10,23.20,0.00,0.00,0.00,0.00,0.00,0.22
37883.89,5.89,1273.21,2.00,23.80,80.10,23.20,0.00,0.00,0.00,0.00,0.00,0.22
37883.89,5.89,1273.27,2.00,23.80,80.10,23.20,0.00,0.00,0.00,0.00,0.00,0.22
37883.89,5.89,1273.32,2.00,23.80,80.11,23.20,0.00,0.00,0.00,0.00,0.00,0.22
37883.90,5.89,1273.38,2.00,23.80,80.11,23.20,0.00,0.00,0.00,0.00,0.00,0.22
37883.90,5.89,1273.44,2.00,23.80,80.11,23.20,0.00,0.00,0.00,0.00,0.00,0.22
37883.90,5.89,1273.49,2.00,23.80,80.11,23.21,0.00,0.00,0.00,0.00,0.00,0.22
37883.91,5.89,1273.55,2.00,23.80,80.11,23.21,0.00,0.00,0.00,0.00,0.00,0.22
37883.91,5.89,1273.60,2.00,23.80,80.11,23.21,0.00,0.00,0.00,0.00,0.00,0.22
37883.91,5.89,1273.66,2.00,23.80,80.11,23.21,0.00,0.00,0.00,0.00,0.00,0.22
37883.92,5.89,1273.72,2.00,23.80,80.11,23.21,0.00,0.00,0.00,0.00,0.00,0.22
37883.92,5.89,1273.77,2.00,23.79,80.11,23.21,0.00,0.00,0.00,0.00,0.00,0.22
37883.92,5.89,1273.83,2.00,23.79,80.11,23.21,0.00,0.00,0.00,0.00,0.00,0.22
37883.93,5.89,1273.88,2.00,23.79,80.11,23.21,0.00,0.00,0.00,0.00,0.00,0.22
37883.93,5.89,1273.94,2.00,23.79,80.12,23.21,0.00,0.00,0.00,0.00,0.00,0.22
37883.93,5.89,1274.00,2.00,23.79,80.12,23.22,0.00,0.00,0.00,0.00,0.00,0.22
37883.94,5.89,1274.05,2.00,23.79,80.12,23.22,0.00,0.00,0.00,0.00,0.00,0.22
37883.94,5.89,1274.11,2.00,23.79,80.12,23.22,0.00,0.00,0.00,0.00,0.00,0.22
37883.94,5.89,1274.16,2.00,23.79,80.12,23.22,0.00,0.00,0.00,0.00,0.00,0.22
37883.95,5.89,1274.22,2.00,23.79,80.12,23.22,0.00,0.00,0.00,0.00,0.00,0.22
37883.95,5.89,1274.28,2.00,23.79,80.12,23.22,0.00,0.00,0.00,0.00,0.00,0.22
37883.95,5.89,1274.33,2.00,23.79,80.12,23.22,0.00,0.00,0.00,0.00,0.00,0.22
37883.96,5.89,1274.39,2.00,23.79,80.12,23.22,0.00,0.00,0.00,0.00,0.00,0.22
37883.96,5.88,1274.45,2.00,23.79,80.12,23.22,0.00,0.00,0.00,0.00,0.00,0.22
37883.96,5.88,1274.50,2.00,23.79,80.12,23.23,0.00,0.00,0.00,0.00,0.00,0.22
37883.97,5.88,1274.56,2.00,23.79,80.12,23.23,0.00,0.00,0.00,0.00,0.00,0.22
37883.97,5.88,1274.61,2.00,23.79,80.13,23.23,0.00,0.00,0.00,0.00,0.00,0.22
37883.97,5.88,1274.67,2.00,23.79,80.13,23.23,0.00,0.00,0.00,0.00,0.00,0.22
37883.98,5.88,1274.73,2.00,23.79,80.13,23.23,0.00,0.00,0.00,0.00,0.00,0.22
37883.98,5.88,1274.78,2.00,23.79,80.13,23.23,0.00,0.00,0.00,0.00,0.00,0.22
37883.98,5.88,1274.84,2.00,23.79,80.13,23.23,0.00,0.00,0.00,0.00,0.00,0.22
37883.99,5.88,1274.89,2.00,23.79,80.13,23.23,0.00,0.00,0.00,0.00,0.00,0.22
37883.99,5.88,1274.95,2.00,23.79,80.13,23.23,0.00,0.00,0.00,0.00,0.00,0.22
37883.99,5.88,1275.01,2.00,23.79,80.13,23.24,0.00,0.00,0.00,0.00,0.00,0.22
37884.00,5.88,1275.06,2.00,23.79,80.13,23.24,0.00,0.00,0.00,0.00,0.00,0.22
37884.00,5.88,1275.12,2.00,23.79,80.13,23.24,0.00,0.00,0.00,0.00,0.00,0.22
37884.00,5.88,1275.17,2.00,23.79,80.13,23.24,0.00,0.00,0.00,0.00,0.00,0.22
37884.01,5.88,1275.23,2.00,23.79,80.14,23.24,0.00,0.00,0.00,0.00,0.00,0.22
37884.01,5.88,1275.29,2.00,23.79,80.14,23.24,0.00,0.00,0.00,0.00,0.00,0.22
37884.01,5.88,1275.34,2.00,23.79,80.14,23.24,0.00,0.00,0.00,0.00,0.00,0.22
37884.02,5.88,1275.40,2.00,23.79,80.14,23.24,0.00,0.00,0.00,0.00,0.00,0.22
37884.02,5.88,1275.46,2.00,23.79,80.14,23.24,0.00,0.00,0.00,0.00,0.00,0.22
37884.02,5.88,1275.51,2.00,23.79,80.14,23.25,0.00,0.00,0.00,0.00,0.00,0.22
37884.03,5.88,1275.57,2.00,23.79,80.14,23.25,0.00,0.00,0.00,0.00,0.00,0.22
37884.03,5.88,1275.62,2.00,23.79,80.14,23.25,0.00,0.00,0.00,0.00,0.00,0.22
37884.04,5.88,1275.68,2.00,23.79,80.14,23.25,0.00,0.00,0.00,0.00,0.00,0.22
37884.04,5.88,1275.74,2.00,23.79,80.14,23.25,0.00,0.00,0.00,0.00,0.00,0.22
37884.04,5.88,1275.79,2.00,23.79,80.14,23.25,0.00,0.00,0.00,0.00,0.00,0.22
37884.05,5.88,1275.85,2.00,23.79,80.14,23.25,0.00,0.00,0.00,0.00,0.00,0.22
37884.05,5.88,1275.90,2.00,23.79,80.15,23.25,0.00,0.00,0.00,0.00,0.00,0.22
37884.05,5.88,1275.96,2.00,23.79,80.15,23.25,0.00,0.00,0.00,0.00,0.00,0.22
37884.06,5.88,1276.02,2.00,23.78,80.15,23.26,0.00,0.00,0.00,0.00,0.00,0.22
37884.06,5.88,1276.07,2.00,23.78,80.15,23.26,0.00,0.00,0.00,0.00,0.00,0.22
37884.06,5.88,1276.13,2.00,23.78,80.15,23.26,0.00,0.00,0.00,0.00,0.00,0.22
37884.07,5.88,1276.18,2.00,23.78,80.15,23.26,0.00,0.00,0.00,0.00,0.00,0.22
37884.07,5.88,1276.24,2.00,23.78,80.15,23.26,0.00,0.00,0.00,0.00,0.00,0.22
37884.07,5.88,1276.30,2.00,23.78,80.15,23.26,0.00,0.00,0.00,0.00,0.00,0.22
37884.08,5.88,1276.35,2.00,23.78,80.15,23.26,0.00,0.00,0.00,0.00,0.00,0.23
37884.08,5.88,1276.41,2.00,23.78,80.15,23.26,0.00,0.00,0.00,0.00,0.00,0.23
37884.08,5.88,1276.47,2.00,23.78,80.15,23.26,0.00,0.00,0.00,0.00,0.00,0.23
37884.09,5.88,1276.52,2.00,23.78,80.16,23.27,0.00,0.00,0.00,0.00,0.00,0.23
37884.09,5.88,1276.58,2.00,23.78,80.16,23.27,0.00,0.00,0.00,0.00,0.00,0.23
37884.09,5.88,1276.63,2.00,23.78,80.16,23.27,0.00,0.00,0.00,0.00,0.00,0.23
37884.10,5.88,1276.69,2.00,23.78,80.16,23.27,0.00,0.00,0.00,0.00,0.00,0.23
37884.10,5.88,1276.75,2.00,23.78,80.16,23.27,0.00,0.00,0.00,0.00,0.00,0.23
37884.10,5.88,1276.80,2.00,23.78,80.16,23.27,0.00,0.00,0.00,0.00,0.00,0.23
37884.11,5.87,1276.86,2.00,23.78,80.16,23.27,0.00,0.00,0.00,0.00,0.00,0.23
37884.11,5.87,1276.91,2.00,23.78,80.16,23.27,0.00,0.00,0.00,0.00,0.00,0.23
37884.11,5.87,1276.97,2.00,23.78,80.16,23.27,0.00,0.00,0.00,0.00,0.00,0.23
37884.12,5.87,1277.03,2.00,23.78,80.16,23.28,0.00,0.00,0.00,0.00,0.00,0.23
37884.12,5.87,1277.08,2.00,23.78,80.16,23.28,0.00,0.00,0.00,0.00,0.00,0.23
37884.12,5.87,1277.14,2.00,23.78,80.16,23.28,0.00,0.00,0.00,0.00,0.00,0.23
37884.13,5.87,1277.19,2.00,23.78,80.17,23.28,0.00,0.00,0.00,0.00,0.00,0.23
37884.13,5.87,1277.25,2.00,23.78,80.17,23.28,0.00,0.00,0.00,0.00,0.00,0.23
37884.13,5.87,1277.31,2.00,23.78,80.17,23.28,0.00,0.00,0.00,0.00,0.00,0.23
37884.14,5.87,1277.36,2.00,23.78,80.17,23.28,0.00,0.00,0.00,0.00,0.00,0.23
37884.14,5.87,1277.42,2.00,23.78,80.17,23.28,0.00,0.00,0.00,0.00,0.00,0.23
37884.14,5.87,1277.48,2.00,23.78,80.17,23.28,0.00,0.00,0.00,0.00,0.00,0.23
37884.15,5.87,1277.53,2.00,23.78,80.17,23.29,0.00,0.00,0.00,0.00,0.00,0.23
37884.15,5.87,1277.59,2.00,23.78,80.17,23.29,0.00,0.00,0.00,0.00,0.00,0.23
37884.15,5.87,1277.64,2.00,23.78,80.17,23.29,0.00,0.00,0.00,0.00,0.00,0.23
37884.16,5.87,1277.70,2.00,23.78,80.17,23.29,0.00,0.00,0.00,0.00,0.00,0.23
37884.16,5.87,1277.76,2.00,23.78,80.17,23.29,0.00,0.00,0.00,0.00,0.00,0.23
37884.16,5.87,1277.81,2.00,23.78,80.18,23.29,0.00,0.00,0.00,0.00,0.00,0.23
37884.17,5.87,1277.87,2.00,23.78,80.18,23.29,0.00,0.00,0.00,0.00,0.00,0.23
37884.17,5.87,1277.92,2.00,23.78,80.18,23.29,0.00,0.00,0.00,0.00,0.00,0.23
37884.17,5.87,1277.98,2.00,23.78,80.18,23.29,0.00,0.00,0.00,0.00,0.00,0.23
37884.18,5.87,1278.04,2.00,23.78,80.18,23.30,0.00,0.00,0.00,0.00,0.00,0.23
37884.18,5.87,1278.09,2.00,23.78,80.18,23.30,0.00,0.00,0.00,0.00,0.00,0.23
37884.18,5.87,1278.15,2.00,23.78,80.18,23.30,0.00,0.00,0.00,0.00,0.00,0.23
37884.19,5.87,1278.21,2.00,23.77,80.18,23.30,0.00,0.00,0.00,0.00,0.00,0.23
37884.19,5.87,1278.26,2.00,23.77,80.18,23.30,0.00,0.00,0.00,0.00,0.00,0.23
37884.20,5.87,1278.32,2.00,23.77,80.18,23.30,0.00,0.00,0.00,0.00,0.00,0.23
37884.20,5.87,1278.37,2.00,23.77,80.18,23.30,0.00,0.00,0.00,0.00,0.00,0.23
37884.20,5.87,1278.43,2.00,23.77,80.18,23.30,0.00,0.00,0.00,0.00,0.00,0.23
37884.21,5.87,1278.49,2.00,23.77,80.19,23.31,0.00,0.00,0.00,0.00,0.00,0.23
37884.21,5.87,1278.54,2.00,23.77,80.19,23.31,0.00,0.00,0.00,0.00,0.00,0.23
37884.21,5.87,1278.60,2.00,23.77,80.19,23.31,0.00,0.00,0.00,0.00,0.00,0.23
37884.22,5.87,1278.65,2.00,23.77,80.19,23.31,0.00,0.00,0.00,0.00,0.00,0.23
37884.22,5.87,1278.71,2.00,23.77,80.19,23.31,0.00,0.00,0.00,0.00,0.00,0.23
37884.22,5.87,1278.77,2.00,23.77,80.19,23.31,0.00,0.00,0.00,0.00,0.00,0.23
37884.23,5.87,1278.82,2.00,23.77,80.19,23.31,0.00,0.00,0.00,0.00,0.00,0.23
37884.23,5.87,1278.88,2.00,23.77,80.19,23.31,0.00,0.00,0.00,0.00,0.00,0.23
37884.23,5.87,1278.93,2.00,23.77,80.19,23.31,0.00,0.00,0.00,0.00,0.00,0.23
37884.24,5.87,1278.99,2.00,23.77,80.19,23.32,0.00,0.00,0.00,0.00,0.00,0.23
37884.24,5.87,1279.05,2.00,23.77,80.19,23.32,0.00,0.00,0.00,0.00,0.00,0.23
37884.24,5.87,1279.10,2.00,23.77,80.20,23.32,0.00,0.00,0.00,0.00,0.00,0.23
37884.25,5.87,1279.16,2.00,23.77,80.20,23.32,0.00,0.00,0.00,0.00,0.00,0.23
37884.25,5.86,1279.22,2.00,23.77,80.20,23.32,0.00,0.00,0.00,0.00,0.00,0.23
37884.25,5.86,1279.27,2.00,23.77,80.20,23.32,0.00,0.00,0.00,0.00,0.00,0.23
37884.26,5.86,1279.33,2.00,23.77,80.20,23.32,0.00,0.00,0.00,0.00,0.00,0.23
37884.26,5.86,1279.38,2.00,23.77,80.20,23.32,0.00,0.00,0.00,0.00,0.00,0.23
37884.26,5.86,1279.44,2.00,23.77,80.20,23.32,0.00,0.00,0.00,0.00,0.00,0.23
37884.27,5.86,1279.50,2.00,23.77,80.20,23.33,0.00,0.00,0.00,0.00,0.00,0.23
37884.27,5.86,1279.55,2.00,23.77,80.20,23.33,0.00,0.00,0.00,0.00,0.00,0.23
37884.27,5.86,1279.61,2.00,23.77,80.20,23.33,0.00,0.00,0.00,0.00,0.00,0.23
37884.28,5.86,1279.66,2.00,23.77,80.20,23.33,0.00,0.00,0.00,0.00,0.00,0.23
37884.28,5.86,1279.72,2.00,23.77,80.20,23.33,0.00,0.00,0.00,0.00,0.00,0.23
37884.28,5.86,1279.78,2.00,23.77,80.21,23.33,0.00,0.00,0.00,0.00,0.00,0.23
37884.29,5.86,1279.83,2.00,23.77,80.21,23.33,0.00,0.00,0.00,0.00,0.00,0.23
37884.29,5.86,1279.89,2.00,23.77,80.21,23.33,0.00,0.00,0.00,0.00,0.00,0.23
37884.29,5.86,1279.94,2.00,23.77,80.21,23.33,0.00,0.00,0.00,0.00,0.00,0.23
37884.30,5.86,1280.00,2.00,23.77,80.21,23.34,0.00,0.00,0.00,0.00,0.00,0.23
37884.30,5.86,1280.06,2.00,23.77,80.21,23.34,0.00,0.00,0.00,0.00,0.00,0.23
37884.30,5.86,1280.11,2.00,23.77,80.21,23.34,0.00,0.00,0.00,0.00,0.00,0.23
37884.31,5.86,1280.17,2.00,23.77,80.21,23.34,0.00,0.00,0.00,0.00,0.00,0.23
37884.31,5.86,1280.23,2.00,23.77,80.21,23.34,0.00,0.00,0.00,0.00,0.00,0.23
37884.31,5.86,1280.28,2.00,23.77,80.21,23.34,0.00,0.00,0.00,0.00,0.00,0.23
37884.32,5.86,1280.34,2.00,23.77,80.21,23.34,0.00,0.00,0.00,0.00,0.00,0.23
37884.32,5.86,1280.39,2.00,23.77,80.22,23.34,0.00,0.00,0.00,0.00,0.00,0.23
37884.32,5.86,1280.45,2.00,23.76,80.22,23.34,0.00,0.00,0.00,0.00,0.00,0.23
37884.33,5.86,1280.51,2.00,23.76,80.22,23.35,0.00,0.00,0.00,0.00,0.00,0.23
37884.33,5.86,1280.56,2.00,23.76,80.22,23.35,0.00,0.00,0.00,0.00,0.00,0.23
37884.33,5.86,1280.62,2.00,23.76,80.22,23.35,0.00,0.00,0.00,0.00,0.00,0.23
37884.34,5.86,1280.67,2.00,23.76,80.22,23.35,0.00,0.00,0.00,0.00,0.00,0.23
37884.34,5.86,1280.73,2.00,23.76,80.22,23.35,0.00,0.00,0.00,0.00,0.00,0.23
37884.34,5.86,1280.79,2.00,23.76,80.22,23.35,0.00,0.00,0.00,0.00,0.00,0.23
37884.35,5.86,1280.84,2.00,23.76,80.22,23.35,0.00,0.00,0.00,0.00,0.00,0.24
37884.35,5.86,1280.90,2.00,23.76,80.22,23.35,0.00,0.00,0.00,0.00,0.00,0.24
37884.36,5.86,1280.95,2.00,23.76,80.22,23.35,0.00,0.00,0.00,0.00,0.00,0.24
37884.36,5.86,1281.01,2.00,23.76,80.22,23.36,0.00,0.00,0.00,0.00,0.00,0.24
37884.36,5.86,1281.07,2.00,23.76,80.23,23.36,0.00,0.00,0.00,0.00,0.00,0.24
37884.37,5.86,1281.12,2.00,23.76,80.23,23.36,0.00,0.00,0.00,0.00,0.00,0.24
37884.37,5.86,1281.18,2.00,23.76,80.23,23.36,0.00,0.00,0.00,0.00,0.00,0.24
37884.37,5.86,1281.24,2.00,23.76,80.23,23.36,0.00,0.00,0.00,0.00,0.00,0.24
37884.38,5.86,1281.29,2.00,23.76,80.23,23.36,0.00,0.00,0.00,0.00,0.00,0.24
37884.38,5.86,1281.35,2.00,23.76,80.23,23.36,0.00,0.00,0.00,0.00,0.00,0.24
37884.38,5.86,1281.40,2.00,23.76,80.23,23.36,0.00,0.00,0.00,0.00,0.00,0.24
37884.39,5.86,1281.46,2.00,23.76,80.23,23.36,0.00,0.00,0.00,0.00,0.00,0.24
37884.39,5.86,1281.52,2.00,23.76,80.23,23.37,0.00,0.00,0.00,0.00,0.00,0.24
37884.39,5.85,1281.57,2.00,23.76,80.23,23.37,0.00,0.00,0.00,0.00,0.00,0.24
37884.40,5.85,1281.63,2.00,23.76,80.23,23.37,0.00,0.00,0.00,0.00,0.00,0.24
37884.40,5.85,1281.68,2.00,23.76,80.24,23.37,0.00,0.00,0.00,0.00,0.00,0.24
37884.40,5.85,1281.74,2.00,23.76,80.24,23.37,0.00,0.00,0.00,0.00,0.00,0.24
37884.41,5.85,1281.80,2.00,23.76,80.24,23.37,0.00,0.00,0.00,0.00,0.00,0.24
37884.41,5.85,1281.85,2.00,23.76,80.24,23.37,0.00,0.00,0.00,0.00,0.00,0.24
37884.41,5.85,1281.91,2.00,23.76,80.24,23.37,0.00,0.00,0.00,0.00,0.00,0.24
37884.42,5.85,1281.96,2.00,23.76,80.24,23.37,0.00,0.00,0.00,0.00,0.00,0.24
37884.42,5.85,1282.02,2.00,23.76,80.24,23.38,0.00,0.00,0.00,0.00,0.00,0.24
37884.42,5.85,1282.08,2.00,23.76,80.24,23.38,0.00,0.00,0.00,0.00,0.00,0.24
37884.43,5.85,1282.13,2.00,23.76,80.24,23.38,0.00,0.00,0.00,0.00,0.00,0.24
37884.43,5.85,1282.19,2.00,23.76,80.24,23.38,0.00,0.00,0.00,0.00,0.00,0.24
37884.43,5.85,1282.25,2.00,23.76,80.24,23.38,0.00,0.00,0.00,0.00,0.00,0.24
37884.44,5.85,1282.30,2.00,23.76,80.24,23.38,0.00,0.00,0.00,0.00,0.00,0.24
37884.44,5.85,1282.36,2.00,23.76,80.25,23.38,0.00,0.00,0.00,0.00,0.00,0.24
37884.44,5.85,1282.41,2.00,23.76,80.25,23.38,0.00,0.00,0.00,0.00,0.00,0.24
37884.45,5.85,1282.47,2.00,23.76,80.25,23.38,0.00,0.00,0.00,0.00,0.00,0.24
37884.45,5.85,1282.53,2.00,23.76,80.25,23.39,0.00,0.00,0.00,0.00,0.00,0.24
37884.45,5.85,1282.58,2.00,23.76,80.25,23.39,0.00,0.00,0.00,0.00,0.00,0.24
37884.46,5.85,1282.64,2.00,23.76,80.25,23.39,0.00,0.00,0.00,0.00,0.00,0.24
37884.46,5.85,1282.69,2.00,23.75,80.25,23.39,0.00,0.00,0.00,0.00,0.00,0.24
37884.46,5.85,1282.75,2.00,23.75,80.25,23.39,0.00,0.00,0.00,0.00,0.00,0.24
37884.47,5.85,1282.81,2.00,23.75,80.25,23.39,0.00,0.00,0.00,0.00,0.00,0.24
37884.47,5.85,1282.86,2.00,23.75,80.25,23.39,0.00,0.00,0.00,0.00,0.00,0.24
37884.47,5.85,1282.92,2.00,23.75,80.25,23.39,0.00,0.00,0.00,0.00,0.00,0.24
37884.48,5.85,1282.97,2.00,23.75,80.26,23.39,0.00,0.00,0.00,0.00,0.00,0.24
37884.48,5.85,1283.03,2.00,23.75,80.26,23.40,0.00,0.00,0.00,0.00,0.00,0.24
37884.48,5.85,1283.09,2.00,23.75,80.26,23.40,0.00,0.00,0.00,0.00,0.00,0.24
37884.49,5.85,1283.14,2.00,23.75,80.26,23.40,0.00,0.00,0.00,0.00,0.00,0.24
37884.49,5.85,1283.20,2.00,23.75,80.26,23.40,0.00,0.00,0.00,0.00,0.00,0.24
37884.49,5.85,1283.26,2.00,23.75,80.26,23.40,0.00,0.00,0.00,0.00,0.00,0.24
37884.50,5.85,1283.31,2.00,23.75,80.26,23.40,0.00,0.00,0.00,0.00,0.00,0.24
37884.50,5.85,1283.37,2.00,23.75,80.26,23.40,0.00,0.00,0.00,0.00,0.00,0.24
37884.50,5.85,1283.42,2.00,23.75,80.26,23.40,0.00,0.00,0.00,0.00,0.00,0.24
37884.51,5.85,1283.48,2.00,23.75,80.26,23.40,0.00,0.00,0.00,0.00,0.00,0.24
37884.51,5.85,1283.54,2.00,23.75,80.26,23.41,0.00,0.00,0.00,0.00,0.00,0.24
37884.52,5.85,1283.59,2.00,23.75,80.26,23.41,0.00,0.00,0.00,0.00,0.00,0.24
37884.52,5.85,1283.65,2.00,23.75,80.27,23.41,0.00,0.00,0.00,0.00,0.00,0.24
37884.52,5.85,1283.70,2.00,23.75,80.27,23.41,0.00,0.00,0.00,0.00,0.00,0.24
37884.53,5.85,1283.76,2.00,23.75,80.27,23.41,0.00,0.00,0.00,0.00,0.00,0.24
37884.53,5.85,1283.82,2.00,23.75,80.27,23.41,0.00,0.00,0.00,0.00,0.00,0.24
37884.53,5.85,1283.87,2.00,23.75,80.27,23.41,0.00,0.00,0.00,0.00,0.00,0.24
37884.54,5.84,1283.93,2.00,23.75,80.27,23.41,0.00,0.00,0.00,0.00,0.00,0.24
37884.54,5.84,1283.98,2.00,23.75,80.27,23.41,0.00,0.00,0.00,0.00,0.00,0.24
37884.54,5.84,1284.04,2.00,23.75,80.27,23.42,0.00,0.00,0.00,0.00,0.00,0.24
37884.55,5.84,1284.10,2.00,23.75,80.27,23.42,0.00,0.00,0.00,0.00,0.00,0.24
37884.55,5.84,1284.15,2.00,23.75,80.27,23.42,0.00,0.00,0.00,0.00,0.00,0.24
37884.55,5.84,1284.21,2.00,23.75,80.27,23.42,0.00,0.00,0.00,0.00,0.00,0.24
37884.56,5.84,1284.27,2.00,23.75,80.28,23.42,0.00,0.00,0.00,0.00,0.00,0.24
37884.56,5.84,1284.32,2.00,23.75,80.28,23.42,0.00,0.00,0.00,0.00,0.00,0.24
37884.56,5.84,1284.38,2.00,23.75,80.28,23.42,0.00,0.00,0.00,0.00,0.00,0.24
37884.57,5.84,1284.43,2.00,23.75,80.28,23.42,0.00,0.00,0.00,0.00,0.00,0.24
37884.57,5.84,1284.49,2.00,23.75,80.28,23.42,0.00,0.00,0.00,0.00,0.00,0.24
37884.57,5.84,1284.55,2.00,23.75,80.28,23.43,0.00,0.00,0.00,0.00,0.00,0.24
37884.58,5.84,1284.60,2.00,23.75,80.28,23.43,0.00,0.00,0.00,0.00,0.00,0.24
37884.58,5.84,1284.66,2.00,23.75,80.28,23.43,0.00,0.00,0.00,0.00,0.00,0.24
37884.58,5.84,1284.71,2.00,23.75,80.28,23.43,0.00,0.00,0.00,0.00,0.00,0.24
37884.59,5.84,1284.77,2.00,23.75,80.28,23.43,0.00,0.00,0.00,0.00,0.00,0.24
37884.59,5.84,1284.83,2.00,23.75,80.28,23.43,0.00,0.00,0.00,0.00,0.00,0.24
37884.59,5.84,1284.88,2.00,23.74,80.28,23.43,0.00,0.00,0.00,0.00,0.00,0.24
37884.60,5.84,1284.94,2.00,23.74,80.29,23.43,0.00,0.00,0.00,0.00,0.00,0.24
37884.60,5.84,1285.00,2.00,23.74,80.29,23.43,0.00,0.00,0.00,0.00,0.00,0.24
37884.60,5.84,1285.05,2.00,23.74,80.29,23.44,0.00,0.00,0.00,0.00,0.00,0.24
37884.61,5.84,1285.11,2.00,23.74,80.29,23.44,0.00,0.00,0.00,0.00,0.00,0.24
37884.61,5.84,1285.16,2.00,23.74,80.29,23.44,0.00,0.00,0.00,0.00,0.00,0.24
37884.61,5.84,1285.22,2.00,23.74,80.29,23.44,0.00,0.00,0.00,0.00,0.00,0.24
37884.62,5.84,1285.28,2.00,23.74,80.29,23.44,0.00,0.00,0.00,0.00,0.00,0.25
37884.62,5.84,1285.33,2.00,23.74,80.29,23.44,0.00,0.00,0.00,0.00,0.00,0.25
37884.62,5.84,1285.39,2.00,23.74,80.29,23.44,0.00,0.00,0.00,0.00,0.00,0.25
37884.63,5.84,1285.44,2.00,23.74,80.29,23.44,0.00,0.00,0.00,0.00,0.00,0.25
37884.63,5.84,1285.50,2.00,23.74,80.29,23.44,0.00,0.00,0.00,0.00,0.00,0.25
37884.63,5.84,1285.56,2.00,23.74,80.30,23.45,0.00,0.00,0.00,0.00,0.00,0.25
37884.64,5.84,1285.61,2.00,23.74,80.30,23.45,0.00,0.00,0.00,0.00,0.00,0.25
37884.64,5.84,1285.67,2.00,23.74,80.30,23.45,0.00,0.00,0.00,0.00,0.00,0.25
37884.64,5.84,1285.72,2.00,23.74,80.30,23.45,0.00,0.00,0.00,0.00,0.00,0.25
37884.65,5.84,1285.78,2.00,23.74,80.30,23.45,0.00,0.00,0.00,0.00,0.00,0.25
37884.65,5.84,1285.84,2.00,23.74,80.30,23.45,0.00,0.00,0.00,0.00,0.00,0.25
37884.65,5.84,1285.89,2.00,23.74,80.30,23.45,0.00,0.00,0.00,0.00,0.00,0.25
37884.66,5.84,1285.95,2.00,23.74,80.30,23.45,0.00,0.00,0.00,0.00,0.00,0.25
37884.66,5.84,1286.01,2.00,23.74,80.30,23.45,0.00,0.00,0.00,0.00,0.00,0.25
37884.66,5.84,1286.06,2.00,23.74,80.30,23.46,0.00,0.00,0.00,0.00,0.00,0.25
37884.67,5.84,1286.12,2.00,23.74,80.30,23.46,0.00,0.00,0.00,0.00,0.00,0.25
37884.67,5.84,1286.17,2.00,23.74,80.30,23.46,0.00,0.00,0.00,0.00,0.00,0.25
37884.68,5.84,1286.23,2.00,23.74,80.31,23.46,0.00,0.00,0.00,0.00,0.00,0.25
37884.68,5.83,1286.29,2.00,23.74,80.31,23.46,0.00,0.00,0.00,0.00,0.00,0.25
37884.68,5.83,1286.34,2.00,23.74,80.31,23.46,0.00,0.00,0.00,0.00,0.00,0.25
37884.69,5.83,1286.40,2.00,23.74,80.31,23.46,0.00,0.00,0.00,0.00,0.00,0.25
37884.69,5.83,1286.45,2.00,23.74,80.31,23.46,0.00,0.00,0.00,0.00,0.00,0.25
37884.69,5.83,1286.51,2.00,23.74,80.31,23.46,0.00,0.00,0.00,0.00,0.00,0.25
37884.70,5.83,1286.57,2.00,23.74,80.31,23.47,0.00,0.00,0.00,0.00,0.00,0.25
37884.70,5.83,1286.62,2.00,23.74,80.31,23.47,0.00,0.00,0.00,0.00,0.00,0.25
37884.70,5.83,1286.68,2.00,23.74,80.31,23.47,0.00,0.00,0.00,0.00,0.00,0.25
37884.71,5.83,1286.73,2.00,23.74,80.31,23.47,0.00,0.00,0.00,0.00,0.00,0.25
37884.71,5.83,1286.79,2.00,23.74,80.31,23.47,0.00,0.00,0.00,0.00,0.00,0.25
37884.71,5.83,1286.85,2.00,23.74,80.32,23.47,0.00,0.00,0.00,0.00,0.00,0.25
37884.72,5.83,1286.90,2.00,23.74,80.32,23.47,0.00,0.00,0.00,0.00,0.00,0.25
37884.72,5.83,1286.96,2.00,23.74,80.32,23.47,0.00,0.00,0.00,0.00,0.00,0.25
37884.72,5.83,1287.02,2.00,23.74,80.32,23.47,0.00,0.00,0.00,0.00,0.00,0.25
37884.73,5.83,1287.07,2.00,23.74,80.32,23.48,0.00,0.00,0.00,0.00,0.00,0.25
37884.73,5.83,1287.13,2.00,23.73,80.32,23.48,0.00,0.00,0.00,0.00,0.00,0.25
37884.73,5.83,1287.18,2.00,23.73,80.32,23.48,0.00,0.00,0.00,0.00,0.00,0.25
37884.74,5.83,1287.24,2.00,23.73,80.32,23.48,0.00,0.00,0.00,0.00,0.00,0.25
37884.74,5.83,1287.30,2.00,23.73,80.32,23.48,0.00,0.00,0.00,0.00,0.00,0.25
37884.74,5.83,1287.35,2.00,23.73,80.32,23.48,0.00,0.00,0.00,0.00,0.00,0.25
37884.75,5.83,1287.41,2.00,23.73,80.32,23.48,0.00,0.00,0.00,0.00,0.00,0.25
37884.75,5.83,1287.46,2.00,23.73,80.32,23.48,0.00,0.00,0.00,0.00,0.00,0.25
37884.75,5.83,1287.52,2.00,23.73,80.33,23.48,0.00,0.00,0.00,0.00,0.00,0.25
37884.76,5.83,1287.58,2.00,23.73,80.33,23.49,0.00,0.00,0.00,0.00,0.00,0.25
37884.76,5.83,1287.63,2.00,23.73,80.33,23.49,0.00,0.00,0.00,0.00,0.00,0.25
37884.76,5.83,1287.69,2.00,23.73,80.33,23.49,0.00,0.00,0.00,0.00,0.00,0.25
37884.77,5.83,1287.74,2.00,23.73,80.33,23.49,0.00,0.00,0.00,0.00,0.00,0.25
37884.77,5.83,1287.80,2.00,23.73,80.33,23.49,0.00,0.00,0.00,0.00,0.00,0.25
37884.77,5.83,1287.86,2.00,23.73,80.33,23.49,0.00,0.00,0.00,0.00,0.00,0.25
37884.78,5.83,1287.91,2.00,23.73,80.33,23.49,0.00,0.00,0.00,0.00,0.00,0.25
37884.78,5.83,1287.97,2.00,23.73,80.33,23.49,0.00,0.00,0.00,0.00,0.00,0.25
37884.78,5.83,1288.03,2.00,23.73,80.33,23.49,0.00,0.00,0.00,0.00,0.00,0.25
37884.79,5.83,1288.08,2.00,23.73,80.33,23.50,0.00,0.00,0.00,0.00,0.00,0.25
37884.79,5.83,1288.14,2.00,23.73,80.34,23.50,0.00,0.00,0.00,0.00,0.00,0.25
37884.79,5.83,1288.19,2.00,23.73,80.34,23.50,0.00,0.00,0.00,0.00,0.00,0.25
37884.80,5.83,1288.25,2.00,23.73,80.34,23.50,0.00,0.00,0.00,0.00,0.00,0.25
37884.80,5.83,1288.31,2.00,23.73,80.34,23.50,0.00,0.00,0.00,0.00,0.00,0.25
37884.80,5.83,1288.36,2.00,23.73,80.34,23.50,0.00,0.00,0.00,0.00,0.00,0.25
37884.81,5.83,1288.42,2.00,23.73,80.34,23.50,0.00,0.00,0.00,0.00,0.00,0.25
37884.81,5.83,1288.47,2.00,23.73,80.34,23.50,0.00,0.00,0.00,0.00,0.00,0.25
37884.81,5.83,1288.53,2.00,23.73,80.34,23.50,0.00,0.00,0.00,0.00,0.00,0.25
37884.82,5.83,1288.59,2.00,23.73,80.34,23.51,0.00,0.00,0.00,0.00,0.00,0.25
37884.82,5.83,1288.64,2.00,23.73,80.34,23.51,0.00,0.00,0.00,0.00,0.00,0.25
37884.82,5.82,1288.70,2.00,23.73,80.34,23.51,0.00,0.00,0.00,0.00,0.00,0.25
37884.83,5.82,1288.75,2.00,23.73,80.35,23.51,0.00,0.00,0.00,0.00,0.00,0.25
37884.83,5.82,1288.81,2.00,23.73,80.35,23.51,0.00,0.00,0.00,0.00,0.00,0.25
37884.84,5.82,1288.87,2.00,23.73,80.35,23.51,0.00,0.00,0.00,0.00,0.00,0.25
37884.84,5.82,1288.92,2.00,23.73,80.35,23.51,0.00,0.00,0.00,0.00,0.00,0.25
37884.84,5.82,1288.98,2.00,23.73,80.35,23.51,0.00,0.00,0.00,0.00,0.00,0.25
37884.85,5.82,1289.04,2.00,23.73,80.35,23.51,0.00,0.00,0.00,0.00,0.00,0.25
37884.85,5.82,1289.09,2.00,23.73,80.35,23.52,0.00,0.00,0.00,0.00,0.00,0.25
37884.85,5.82,1289.15,2.00,23.73,80.35,23.52,0.00,0.00,0.00,0.00,0.00,0.25
37884.86,5.82,1289.20,2.00,23.73,80.35,23.52,0.00,0.00,0.00,0.00,0.00,0.25
37884.86,5.82,1289.26,2.00,23.73,80.35,23.52,0.00,0.00,0.00,0.00,0.00,0.25
37884.86,5.82,1289.32,2.00,23.73,80.35,23.52,0.00,0.00,0.00,0.00,0.00,0.25
37884.87,5.82,1289.37,2.00,23.72,80.35,23.52,0.00,0.00,0.00,0.00,0.00,0.25
37884.87,5.82,1289.43,2.00,23.72,80.36,23.52,0.00,0.00,0.00,0.00,0.00,0.25
37884.87,5.82,1289.48,2.00,23.72,80.36,23.52,0.00,0.00,0.00,0.00,0.00,0.25
37884.88,5.82,1289.54,2.00,23.72,80.36,23.52,0.00,0.00,0.00,0.00,0.00,0.25
37884.88,5.82,1289.60,2.00,23.72,80.36,23.53,0.00,0.00,0.00,0.00,0.00,0.25
37884.88,5.82,1289.65,2.00,23.72,80.36,23.53,0.00,0.00,0.00,0.00,0.00,0.25
37884.89,5.82,1289.71,2.00,23.72,80.36,23.53,0.00,0.00,0.00,0.00,0.00,0.26
37884.89,5.82,1289.76,2.00,23.72,80.36,23.53,0.00,0.00,0.00,0.00,0.00,0.26
37884.89,5.82,1289.82,2.00,23.72,80.36,23.53,0.00,0.00,0.00,0.00,0.00,0.26
37884.90,5.82,1289.88,2.00,23.72,80.36,23.53,0.00,0.00,0.00,0.00,0.00,0.26
37884.90,5.82,1289.93,2.00,23.72,80.36,23.53,0.00,0.00,0.00,0.00,0.00,0.26
37884.90,5.82,1289.99,2.00,23.72,80.36,23.53,0.00,0.00,0.00,0.00,0.00,0.26
37884.91,5.82,1290.05,2.00,23.72,80.37,23.53,0.00,0.00,0.00,0.00,0.00,0.26
37884.91,5.82,1290.10,2.00,23.72,80.37,23.54,0.00,0.00,0.00,0.00,0.00,0.26
37884.91,5.82,1290.16,2.00,23.72,80.37,23.54,0.00,0.00,0.00,0.00,0.00,0.26
37884.92,5.82,1290.21,2.00,23.72,80.37,23.54,0.00,0.00,0.00,0.00,0.00,0.26
37884.92,5.82,1290.27,2.00,23.72,80.37,23.54,0.00,0.00,0.00,0.00,0.00,0.26
37884.92,5.82,1290.33,2.00,23.72,80.37,23.54,0.00,0.00,0.00,0.00,0.00,0.26
37884.93,5.82,1290.38,2.00,23.72,80.37,23.54,0.00,0.00,0.00,0.00,0.00,0.26
37884.93,5.82,1290.44,2.00,23.72,80.37,23.54,0.00,0.00,0.00,0.00,0.00,0.26
37884.93,5.82,1290.49,2.00,23.72,80.37,23.54,0.00,0.00,0.00,0.00,0.00,0.26
37884.94,5.82,1290.55,2.00,23.72,80.37,23.54,0.00,0.00,0.00,0.00,0.00,0.26
37884.94,5.82,1290.61,2.00,23.72,80.37,23.55,0.00,0.00,0.00,0.00,0.00,0.26
37884.94,5.82,1290.66,2.00,23.72,80.37,23.55,0.00,0.00,0.00,0.00,0.00,0.26
37884.95,5.82,1290.72,2.00,23.72,80.38,23.55,0.00,0.00,0.00,0.00,0.00,0.26
37884.95,5.82,1290.77,2.00,23.72,80.38,23.55,0.00,0.00,0.00,0.00,0.00,0.26
37884.95,5.82,1290.83,2.00,23.72,80.38,23.55,0.00,0.00,0.00,0.00,0.00,0.26
37884.96,5.82,1290.89,2.00,23.72,80.38,23.55,0.00,0.00,0.00,0.00,0.00,0.26
37884.96,5.82,1290.94,2.00,23.72,80.38,23.55,0.00,0.00,0.00,0.00,0.00,0.26
37884.96,5.82,1291.00,2.00,23.72,80.38,23.55,0.00,0.00,0.00,0.00,0.00,0.26
37884.97,5.81,1291.06,2.00,23.72,80.38,23.55,0.00,0.00,0.00,0.00,0.00,0.26
37884.97,5.81,1291.11,2.00,23.72,80.38,23.56,0.00,0.00,0.00,0.00,0.00,0.26
37884.97,5.81,1291.17,2.00,23.72,80.38,23.56,0.00,0.00,0.00,0.00,0.00,0.26
37884.98,5.81,1291.22,2.00,23.72,80.38,23.56,0.00,0.00,0.00,0.00,0.00,0.26
37884.98,5.81,1291.28,2.00,23.72,80.38,23.56,0.00,0.00,0.00,0.00,0.00,0.26
37884.98,5.81,1291.34,2.00,23.72,80.39,23.56,0.00,0.00,0.00,0.00,0.00,0.26
37884.99,5.81,1291.39,2.00,23.72,80.39,23.56,0.00,0.00,0.00,0.00,0.00,0.26
37884.99,5.81,1291.45,2.00,23.72,80.39,23.56,0.00,0.00,0.00,0.00,0.00,0.26
37885.00,5.81,1291.50,2.00,23.72,80.39,23.56,0.00,0.00,0.00,0.00,0.00,0.26
37885.00,5.81,1291.56,2.00,23.71,80.39,23.56,0.00,0.00,0.00,0.00,0.00,0.26
37885.00,5.81,1291.62,2.00,23.71,80.39,23.57,0.00,0.00,0.00,0.00,0.00,0.26
37885.01,5.81,1291.67,2.00,23.71,80.39,23.57,0.00,0.00,0.00,0.00,0.00,0.26
37885.01,5.81,1291.73,2.00,23.71,80.39,23.57,0.00,0.00,0.00,0.00,0.00,0.26
37885.01,5.81,1291.79,2.00,23.71,80.39,23.57,0.00,0.00,0.00,0.00,0.00,0.26
37885.02,5.81,1291.84,2.00,23.71,80.39,23.57,0.00,0.00,0.00,0.00,0.00,0.26
37885.02,5.81,1291.90,2.00,23.71,80.39,23.57,0.00,0.00,0.00,0.00,0.00,0.26
37885.02,5.81,1291.95,2.00,23.71,80.39,23.57,0.00,0.00,0.00,0.00,0.00,0.26
37885.03,5.81,1292.01,2.00,23.71,80.40,23.57,0.00,0.00,0.00,0.00,0.00,0.26
37885.03,5.81,1292.07,2.00,23.71,80.40,23.57,0.00,0.00,0.00,0.00,0.00,0.26
37885.03,5.81,1292.12,2.00,23.71,80.40,23.58,0.00,0.00,0.00,0.00,0.00,0.26
37885.04,5.81,1292.18,2.00,23.71,80.40,23.58,0.00,0.00,0.00,0.00,0.00,0.26
37885.04,5.81,1292.23,2.00,23.71,80.40,23.58,0.00,0.00,0.00,0.00,0.00,0.26
37885.04,5.81,1292.29,2.00,23.71,80.40,23.58,0.00,0.00,0.00,0.00,0.00,0.26
37885.05,5.81,1292.35,2.00,23.71,80.40,23.58,0.00,0.00,0.00,0.00,0.00,0.26
37885.05,5.81,1292.40,2.00,23.71,80.40,23.58,0.00,0.00,0.00,0.00,0.00,0.26
37885.05,5.81,1292.46,2.00,23.71,80.40,23.58,0.00,0.00,0.00,0.00,0.00,0.26
37885.06,5.81,1292.51,2.00,23.71,80.40,23.58,0.00,0.00,0.00,0.00,0.00,0.26
37885.06,5.81,1292.57,2.00,23.71,80.40,23.58,0.00,0.00,0.00,0.00,0.00,0.26
37885.06,5.81,1292.63,2.00,23.71,80.41,23.59,0.00,0.00,0.00,0.00,0.00,0.26
37885.07,5.81,1292.68,2.00,23.71,80.41,23.59,0.00,0.00,0.00,0.00,0.00,0.26
37885.07,5.81,1292.74,2.00,23.71,80.41,23.59,0.00,0.00,0.00,0.00,0.00,0.26
37885.07,5.81,1292.80,2.00,23.71,80.41,23.59,0.00,0.00,0.00,0.00,0.00,0.26
37885.08,5.81,1292.85,2.00,23.71,80.41,23.59,0.00,0.00,0.00,0.00,0.00,0.26
37885.08,5.81,1292.91,2.00,23.71,80.41,23.59,0.00,0.00,0.00,0.00,0.00,0.26
37885.08,5.81,1292.96,2.00,23.71,80.41,23.59,0.00,0.00,0.00,0.00,0.00,0.26
37885.09,5.81,1293.02,2.00,23.71,80.41,23.59,0.00,0.00,0.00,0.00,0.00,0.26
37885.09,5.81,1293.08,2.00,23.71,80.41,23.59,0.00,0.00,0.00,0.00,0.00,0.26
37885.09,5.81,1293.13,2.00,23.71,80.41,23.60,0.00,0.00,0.00,0.00,0.00,0.26
37885.10,5.81,1293.19,2.00,23.71,80.41,23.60,0.00,0.00,0.00,0.00,0.00,0.26
37885.10,5.81,1293.24,2.00,23.71,80.41,23.60,0.00,0.00,0.00,0.00,0.00,0.26
37885.10,5.81,1293.30,2.00,23.71,80.42,23.60,0.00,0.00,0.00,0.00,0.00,0.26
37885.11,5.81,1293.36,2.00,23.71,80.42,23.60,0.00,0.00,0.00,0.00,0.00,0.26
37885.11,5.80,1293.41,2.00,23.71,80.42,23.60,0.00,0.00,0.00,0.00,0.00,0.26
37885.11,5.80,1293.47,2.00,23.71,80.42,23.60,0.00,0.00,0.00,0.00,0.00,0.26
37885.12,5.80,1293.52,2.00,23.71,80.42,23.60,0.00,0.00,0.00,0.00,0.00,0.26
37885.12,5.80,1293.58,2.00,23.71,80.42,23.60,0.00,0.00,0.00,0.00,0.00,0.26
37885.12,5.80,1293.64,2.00,23.71,80.42,23.61,0.00,0.00,0.00,0.00,0.00,0.26
37885.13,5.80,1293.69,2.00,23.71,80.42,23.61,0.00,0.00,0.00,0.00,0.00,0.26
37885.13,5.80,1293.75,2.00,23.71,80.42,23.61,0.00,0.00,0.00,0.00,0.00,0.26
37885.13,5.80,1293.81,2.00,23.70,80.42,23.61,0.00,0.00,0.00,0.00,0.00,0.26
37885.14,5.80,1293.86,2.00,23.70,80.42,23.61,0.00,0.00,0.00,0.00,0.00,0.26
37885.14,5.80,1293.92,2.00,23.70,80.43,23.61,0.00,0.00,0.00,0.00,0.00,0.26
37885.14,5.80,1293.97,2.00,23.70,80.43,23.61,0.00,0.00,0.00,0.00,0.00,0.26
37885.15,5.80,1294.03,2.00,23.70,80.43,23.61,0.00,0.00,0.00,0.00,0.00,0.26
37885.15,5.80,1294.09,2.00,23.70,80.43,23.61,0.00,0.00,0.00,0.00,0.00,0.26
37885.16,5.80,1294.14,2.00,23.70,80.43,23.62,0.00,0.00,0.00,0.00,0.00,0.27
37885.16,5.80,1294.20,2.00,23.70,80.43,23.62,0.00,0.00,0.00,0.00,0.00,0.27
37885.16,5.80,1294.25,2.00,23.70,80.43,23.62,0.00,0.00,0.00,0.00,0.00,0.27
37885.17,5.80,1294.31,2.00,23.70,80.43,23.62,0.00,0.00,0.00,0.00,0.00,0.27
37885.17,5.80,1294.37,2.00,23.70,80.43,23.62,0.00,0.00,0.00,0.00,0.00,0.27
37885.17,5.80,1294.42,2.00,23.70,80.43,23.62,0.00,0.00,0.00,0.00,0.00,0.27
37885.18,5.80,1294.48,2.00,23.70,80.43,23.62,0.00,0.00,0.00,0.00,0.00,0.27
37885.18,5.80,1294.53,2.00,23.70,80.43,23.62,0.00,0.00,0.00,0.00,0.00,0.27
37885.18,5.80,1294.59,2.00,23.70,80.44,23.62,0.00,0.00,0.00,0.00,0.00,0.27
37885.19,5.80,1294.65,2.00,23.70,80.44,23.63,0.00,0.00,0.00,0.00,0.00,0.27
37885.19,5.80,1294.70,2.00,23.70,80.44,23.63,0.00,0.00,0.00,0.00,0.00,0.27
37885.19,5.80,1294.76,2.00,23.70,80.44,23.63,0.00,0.00,0.00,0.00,0.00,0.27
37885.20,5.80,1294.82,2.00,23.70,80.44,23.63,0.00,0.00,0.00,0.00,0.00,0.27
37885.20,5.80,1294.87,2.00,23.70,80.44,23.63,0.00,0.00,0.00,0.00,0.00,0.27
37885.20,5.80,1294.93,2.00,23.70,80.44,23.63,0.00,0.00,0.00,0.00,0.00,0.27
37885.21,5.80,1294.98,2.00,23.70,80.44,23.63,0.00,0.00,0.00,0.00,0.00,0.27
37885.21,5.80,1295.04,2.00,23.70,80.44,23.63,0.00,0.00,0.00,0.00,0.00,0.27
37885.21,5.80,1295.10,2.00,23.70,80.44,23.63,0.00,0.00,0.00,0.00,0.00,0.27
37885.22,5.80,1295.15,2.00,23.70,80.44,23.64,0.00,0.00,0.00,0.00,0.00,0.27
37885.22,5.80,1295.21,2.00,23.70,80.45,23.64,0.00,0.00,0.00,0.00,0.00,0.27
37885.22,5.80,1295.26,2.00,23.70,80.45,23.64,0.00,0.00,0.00,0.00,0.00,0.27
37885.23,5.80,1295.32,2.00,23.70,80.45,23.64,0.00,0.00,0.00,0.00,0.00,0.27
37885.23,5.80,1295.38,2.00,23.70,80.45,23.64,0.00,0.00,0.00,0.00,0.00,0.27
37885.23,5.80,1295.43,2.00,23.70,80.45,23.64,0.00,0.00,0.00,0.00,0.00,0.27
37885.24,5.80,1295.49,2.00,23.70,80.45,23.64,0.00,0.00,0.00,0.00,0.00,0.27
37885.24,5.80,1295.54,2.00,23.70,80.45,23.64,0.00,0.00,0.00,0.00,0.00,0.27
37885.24,5.80,1295.60,2.00,23.70,80.45,23.64,0.00,0.00,0.00,0.00,0.00,0.27
37885.25,5.80,1295.66,2.00,23.70,80.45,23.65,0.00,0.00,0.00,0.00,0.00,0.27
37885.25,5.80,1295.71,2.00,23.70,80.45,23.65,0.00,0.00,0.00,0.00,0.00,0.27
37885.25,5.79,1295.77,2.00,23.70,80.45,23.65,0.00,0.00,0.00,0.00,0.00,0.27
37885.26,5.79,1295.83,2.00,23.70,80.45,23.65,0.00,0.00,0.00,0.00,0.00,0.27
37885.26,5.79,1295.88,2.00,23.70,80.46,23.65,0.00,0.00,0.00,0.00,0.00,0.27
37885.26,5.79,1295.94,2.00,23.70,80.46,23.65,0.00,0.00,0.00,0.00,0.00,0.27
37885.27,5.79,1295.99,2.00,23.70,80.46,23.65,0.00,0.00,0.00,0.00,0.00,0.27
37885.27,5.79,1296.05,2.00,23.69,80.46,23.65,0.00,0.00,0.00,0.00,0.00,0.27
37885.27,5.79,1296.11,2.00,23.69,80.46,23.65,0.00,0.00,0.00,0.00,0.00,0.27
37885.28,5.79,1296.16,2.00,23.69,80.46,23.66,0.00,0.00,0.00,0.00,0.00,0.27
37885.28,5.79,1296.22,2.00,23.69,80.46,23.66,0.00,0.00,0.00,0.00,0.00,0.27
37885.28,5.79,1296.27,2.00,23.69,80.46,23.66,0.00,0.00,0.00,0.00,0.00,0.27
37885.29,5.79,1296.33,2.00,23.69,80.46,23.66,0.00,0.00,0.00,0.00,0.00,0.27
37885.29,5.79,1296.39,2.00,23.69,80.46,23.66,0.00,0.00,0.00,0.00,0.00,0.27
37885.29,5.79,1296.44,2.00,23.69,80.46,23.66,0.00,0.00,0.00,0.00,0.00,0.27
37885.30,5.79,1296.50,2.00,23.69,80.47,23.66,0.00,0.00,0.00,0.00,0.00,0.27
37885.30,5.79,1296.55,2.00,23.69,80.47,23.66,0.00,0.00,0.00,0.00,0.00,0.27
37885.30,5.79,1296.61,2.00,23.69,80.47,23.66,0.00,0.00,0.00,0.00,0.00,0.27
37885.31,5.79,1296.67,2.00,23.69,80.47,23.67,0.00,0.00,0.00,0.00,0.00,0.27
37885.31,5.79,1296.72,2.00,23.69,80.47,23.67,0.00,0.00,0.00,0.00,0.00,0.27
37885.32,5.79,1296.78,2.00,23.69,80.47,23.67,0.00,0.00,0.00,0.00,0.00,0.27
37885.32,5.79,1296.84,2.00,23.69,80.47,23.67,0.00,0.00,0.00,0.00,0.00,0.27
37885.32,5.79,1296.89,2.00,23.69,80.47,23.67,0.00,0.00,0.00,0.00,0.00,0.27
37885.33,5.79,1296.95,2.00,23.69,80.47,23.67,0.00,0.00,0.00,0.00,0.00,0.27
37885.33,5.79,1297.00,2.00,23.69,80.47,23.67,0.00,0.00,0.00,0.00,0.00,0.27
37885.33,5.79,1297.06,2.00,23.69,80.47,23.67,0.00,0.00,0.00,0.00,0.00,0.27
37885.34,5.79,1297.12,2.00,23.69,80.47,23.68,0.00,0.00,0.00,0.00,0.00,0.27
37885.34,5.79,1297.17,2.00,23.69,80.48,23.68,0.00,0.00,0.00,0.00,0.00,0.27
37885.34,5.79,1297.23,2.00,23.69,80.48,23.68,0.00,0.00,0.00,0.00,0.00,0.27
37885.35,5.79,1297.28,2.00,23.69,80.48,23.68,0.00,0.00,0.00,0.00,0.00,0.27
37885.35,5.79,1297.34,2.00,23.69,80.48,23.68,0.00,0.00,0.00,0.00,0.00,0.27
37885.35,5.79,1297.40,2.00,23.69,80.48,23.68,0.00,0.00,0.00,0.00,0.00,0.27
37885.36,5.79,1297.45,2.00,23.69,80.48,23.68,0.00,0.00,0.00,0.00,0.00,0.27
37885.36,5.79,1297.51,2.00,23.69,80.48,23.68,0.00,0.00,0.00,0.00,0.00,0.27
37885.36,5.79,1297.56,2.00,23.69,80.48,23.68,0.00,0.00,0.00,0.00,0.00,0.27
37885.37,5.79,1297.62,2.00,23.69,80.48,23.69,0.00,0.00,0.00,0.00,0.00,0.27
37885.37,5.79,1297.68,2.00,23.69,80.48,23.69,0.00,0.00,0.00,0.00,0.00,0.27
37885.37,5.79,1297.73,2.00,23.69,80.48,23.69,0.00,0.00,0.00,0.00,0.00,0.27
37885.38,5.79,1297.79,2.00,23.69,80.49,23.69,0.00,0.00,0.00,0.00,0.00,0.27
37885.38,5.79,1297.85,2.00,23.69,80.49,23.69,0.00,0.00,0.00,0.00,0.00,0.27
37885.38,5.79,1297.90,2.00,23.69,80.49,23.69,0.00,0.00,0.00,0.00,0.00,0.27
37885.39,5.79,1297.96,2.00,23.69,80.49,23.69,0.00,0.00,0.00,0.00,0.00,0.27
37885.39,5.79,1298.01,2.00,23.69,80.49,23.69,0.00,0.00,0.00,0.00,0.00,0.27
37885.39,5.79,1298.07,2.00,23.69,80.49,23.69,0.00,0.00,0.00,0.00,0.00,0.27
37885.40,5.78,1298.13,2.00,23.69,80.49,23.70,0.00,0.00,0.00,0.00,0.00,0.27
37885.40,5.78,1298.18,2.00,23.69,80.49,23.70,0.00,0.00,0.00,0.00,0.00,0.27
37885.40,5.78,1298.24,2.00,23.68,80.49,23.70,0.00,0.00,0.00,0.00,0.00,0.27
37885.41,5.78,1298.29,2.00,23.68,80.49,23.70,0.00,0.00,0.00,0.00,0.00,0.27
37885.41,5.78,1298.35,2.00,23.68,80.49,23.70,0.00,0.00,0.00,0.00,0.00,0.27
37885.41,5.78,1298.41,2.00,23.68,80.49,23.70,0.00,0.00,0.00,0.00,0.00,0.27
37885.42,5.78,1298.46,2.00,23.68,80.50,23.70,0.00,0.00,0.00,0.00,0.00,0.27
37885.42,5.78,1298.52,2.00,23.68,80.50,23.70,0.00,0.00,0.00,0.00,0.00,0.27
37885.42,5.78,1298.58,2.00,23.68,80.50,23.70,0.00,0.00,0.00,0.00,0.00,0.27
37885.43,5.78,1298.63,2.00,23.68,80.50,23.71,0.00,0.00,0.00,0.00,0.00,0.28
37885.43,5.78,1298.69,2.00,23.68,80.50,23.71,0.00,0.00,0.00,0.00,0.00,0.28
37885.43,5.78,1298.74,2.00,23.68,80.50,23.71,0.00,0.00,0.00,0.00,0.00,0.28
37885.44,5.78,1298.80,2.00,23.68,80.50,23.71,0.00,0.00,0.00,0.00,0.00,0.28
37885.44,5.78,1298.86,2.00,23.68,80.50,23.71,0.00,0.00,0.00,0.00,0.00,0.28
37885.44,5.78,1298.91,2.00,23.68,80.50,23.71,0.00,0.00,0.00,0.00,0.00,0.28
37885.45,5.78,1298.97,2.00,23.68,80.50,23.71,0.00,0.00,0.00,0.00,0.00,0.28
37885.45,5.78,1299.02,2.00,23.68,80.50,23.71,0.00,0.00,0.00,0.00,0.00,0.28
37885.45,5.78,1299.08,2.00,23.68,80.51,23.71,0.00,0.00,0.00,0.00,0.00,0.28
37885.46,5.78,1299.14,2.00,23.68,80.51,23.72,0.00,0.00,0.00,0.00,0.00,0.28
37885.46,5.78,1299.19,2.00,23.68,80.51,23.72,0.00,0.00,0.00,0.00,0.00,0.28
37885.46,5.78,1299.25,2.00,23.68,80.51,23.72,0.00,0.00,0.00,0.00,0.00,0.28
37885.47,5.78,1299.30,2.00,23.68,80.51,23.72,0.00,0.00,0.00,0.00,0.00,0.28
37885.47,5.78,1299.36,2.00,23.68,80.51,23.72,0.00,0.00,0.00,0.00,0.00,0.28
37885.48,5.78,1299.42,2.00,23.68,80.51,23.72,0.00,0.00,0.00,0.00,0.00,0.28
37885.48,5.78,1299.47,2.00,23.68,80.51,23.72,0.00,0.00,0.00,0.00,0.00,0.28
37885.48,5.78,1299.53,2.00,23.68,80.51,23.72,0.00,0.00,0.00,0.00,0.00,0.28
37885.49,5.78,1299.59,2.00,23.68,80.51,23.72,0.00,0.00,0.00,0.00,0.00,0.28
37885.49,5.78,1299.64,2.00,23.68,80.51,23.73,0.00,0.00,0.00,0.00,0.00,0.28
37885.49,5.78,1299.70,2.00,23.68,80.51,23.73,0.00,0.00,0.00,0.00,0.00,0.28
37885.50,5.78,1299.75,2.00,23.68,80.52,23.73,0.00,0.00,0.00,0.00,0.00,0.28
37885.50,5.78,1299.81,2.00,23.68,80.52,23.73,0.00,0.00,0.00,0.00,0.00,0.28
37885.50,5.78,1299.87,2.00,23.68,80.52,23.73,0.00,0.00,0.00,0.00,0.00,0.28
37885.51,5.78,1299.92,2.00,23.68,80.52,23.73,0.00,0.00,0.00,0.00,0.00,0.28
37885.51,5.78,1299.98,2.00,23.68,80.52,23.73,0.00,0.00,0.00,0.00,0.00,0.28
37885.51,5.78,1300.03,2.00,23.68,80.52,23.73,0.00,0.00,0.00,0.00,0.00,0.28
37885.52,5.78,1300.09,2.00,23.68,80.52,23.73,0.00,0.00,0.00,0.00,0.00,0.28
37885.52,5.78,1300.15,2.00,23.68,80.52,23.74,0.00,0.00,0.00,0.00,0.00,0.28
37885.52,5.78,1300.20,2.00,23.68,80.52,23.74,0.00,0.00,0.00,0.00,0.00,0.28
37885.53,5.78,1300.26,2.00,23.68,80.52,23.74,0.00,0.00,0.00,0.00,0.00,0.28
37885.53,5.78,1300.31,2.00,23.68,80.52,23.74,0.00,0.00,0.00,0.00,0.00,0.28
37885.53,5.78,1300.37,2.00,23.68,80.53,23.74,0.00,0.00,0.00,0.00,0.00,0.28
37885.54,5.78,1300.43,2.00,23.68,80.53,23.74,0.00,0.00,0.00,0.00,0.00,0.28
37885.54,5.78,1300.48,2.00,23.67,80.53,23.74,0.00,0.00,0.00,0.00,0.00,0.28
37885.54,5.77,1300.54,2.00,23.67,80.53,23.74,0.00,0.00,0.00,0.00,0.00,0.28
37885.55,5.77,1300.60,2.00,23.67,80.53,23.74,0.00,0.00,0.00,0.00,0.00,0.28
37885.55,5.77,1300.65,2.00,23.67,80.53,23.75,0.00,0.00,0.00,0.00,0.00,0.28
37885.55,5.77,1300.71,2.00,23.67,80.53,23.75,0.00,0.00,0.00,0.00,0.00,0.28
37885.56,5.77,1300.76,2.00,23.67,80.53,23.75,0.00,0.00,0.00,0.00,0.00,0.28
37885.56,5.77,1300.82,2.00,23.67,80.53,23.75,0.00,0.00,0.00,0.00,0.00,0.28
37885.56,5.77,1300.88,2.00,23.67,80.53,23.75,0.00,0.00,0.00,0.00,0.00,0.28
37885.57,5.77,1300.93,2.00,23.67,80.53,23.75,0.00,0.00,0.00,0.00,0.00,0.28
37885.57,5.77,1300.99,2.00,23.67,80.53,23.75,0.00,0.00,0.00,0.00,0.00,0.28
37885.57,5.77,1301.04,2.00,23.67,80.54,23.75,0.00,0.00,0.00,0.00,0.00,0.28
37885.58,5.77,1301.10,2.00,23.67,80.54,23.75,0.00,0.00,0.00,0.00,0.00,0.28
37885.58,5.77,1301.16,2.00,23.67,80.54,23.76,0.00,0.00,0.00,0.00,0.00,0.28
37885.58,5.77,1301.21,2.00,23.67,80.54,23.76,0.00,0.00,0.00,0.00,0.00,0.28
37885.59,5.77,1301.27,2.00,23.67,80.54,23.76,0.00,0.00,0.00,0.00,0.00,0.28
37885.59,5.77,1301.32,2.00,23.67,80.54,23.76,0.00,0.00,0.00,0.00,0.00,0.28
37885.59,5.77,1301.38,2.00,23.67,80.54,23.76,0.00,0.00,0.00,0.00,0.00,0.28
37885.60,5.77,1301.44,2.00,23.67,80.54,23.76,0.00,0.00,0.00,0.00,0.00,0.28
37885.60,5.77,1301.49,2.00,23.67,80.54,23.76,0.00,0.00,0.00,0.00,0.00,0.28
37885.60,5.77,1301.55,2.00,23.67,80.54,23.76,0.00,0.00,0.00,0.00,0.00,0.28
37885.61,5.77,1301.61,2.00,23.67,80.54,23.76,0.00,0.00,0.00,0.00,0.00,0.28
37885.61,5.77,1301.66,2.00,23.67,80.55,23.77,0.00,0.00,0.00,0.00,0.00,0.28
37885.61,5.77,1301.72,2.00,23.67,80.55,23.77,0.00,0.00,0.00,0.00,0.00,0.28
37885.62,5.77,1301.77,2.00,23.67,80.55,23.77,0.00,0.00,0.00,0.00,0.00,0.28
37885.62,5.77,1301.83,2.00,23.67,80.55,23.77,0.00,0.00,0.00,0.00,0.00,0.28
37885.62,5.77,1301.89,2.00,23.67,80.55,23.77,0.00,0.00,0.00,0.00,0.00,0.28
37885.63,5.77,1301.94,2.00,23.67,80.55,23.77,0.00,0.00,0.00,0.00,0.00,0.28
37885.63,5.77,1302.00,2.00,23.67,80.55,23.77,0.00,0.00,0.00,0.00,0.00,0.28
37885.64,5.77,1302.05,2.00,23.67,80.55,23.77,0.00,0.00,0.00,0.00,0.00,0.28
37885.64,5.77,1302.11,2.00,23.67,80.55,23.77,0.00,0.00,0.00,0.00,0.00,0.28
37885.64,5.77,1302.17,2.00,23.67,80.55,23.78,0.00,0.00,0.00,0.00,0.00,0.28
37885.65,5.77,1302.22,2.00,23.67,80.55,23.78,0.00,0.00,0.00,0.00,0.00,0.28
37885.65,5.77,1302.28,2.00,23.67,80.55,23.78,0.00,0.00,0.00,0.00,0.00,0.28
37885.65,5.77,1302.33,2.00,23.67,80.56,23.78,0.00,0.00,0.00,0.00,0.00,0.28
37885.66,5.77,1302.39,2.00,23.67,80.56,23.78,0.00,0.00,0.00,0.00,0.00,0.28
37885.66,5.77,1302.45,2.00,23.67,80.56,23.78,0.00,0.00,0.00,0.00,0.00,0.28
37885.66,5.77,1302.50,2.00,23.67,80.56,23.78,0.00,0.00,0.00,0.00,0.00,0.28
37885.67,5.77,1302.56,2.00,23.67,80.56,23.78,0.00,0.00,0.00,0.00,0.00,0.28
37885.67,5.77,1302.62,2.00,23.67,80.56,23.78,0.00,0.00,0.00,0.00,0.00,0.28
37885.67,5.77,1302.67,2.00,23.67,80.56,23.79,0.00,0.00,0.00,0.00,0.00,0.28
37885.68,5.77,1302.73,2.00,23.66,80.56,23.79,0.00,0.00,0.00,0.00,0.00,0.28
37885.68,5.77,1302.78,2.00,23.66,80.56,23.79,0.00,0.00,0.00,0.00,0.00,0.28
37885.68,5.77,1302.84,2.00,23.66,80.56,23.79,0.00,0.00,0.00,0.00,0.00,0.28
37885.69,5.76,1302.90,2.00,23.66,80.56,23.79,0.00,0.00,0.00,0.00,0.00,0.28
37885.69,5.76,1302.95,2.00,23.66,80.57,23.79,0.00,0.00,0.00,0.00,0.00,0.28
37885.69,5.76,1303.01,2.00,23.66,80.57,23.79,0.00,0.00,0.00,0.00,0.00,0.28
37885.70,5.76,1303.06,2.00,23.66,80.57,23.79,0.00,0.00,0.00,0.00,0.00,0.29
37885.70,5.76,1303.12,2.00,23.66,80.57,23.79,0.00,0.00,0.00,0.00,0.00,0.29
37885.70,5.76,1303.18,2.00,23.66,80.57,23.80,0.00,0.00,0.00,0.00,0.00,0.29
37885.71,5.76,1303.23,2.00,23.66,80.57,23.80,0.00,0.00,0.00,0.00,0.00,0.29
37885.71,5.76,1303.29,2.00,23.66,80.57,23.80,0.00,0.00,0.00,0.00,0.00,0.29
37885.71,5.76,1303.34,2.00,23.66,80.57,23.80,0.00,0.00,0.00,0.00,0.00,0.29
37885.72,5.76,1303.40,2.00,23.66,80.57,23.80,0.00,0.00,0.00,0.00,0.00,0.29
37885.72,5.76,1303.46,2.00,23.66,80.57,23.80,0.00,0.00,0.00,0.00,0.00,0.29
37885.72,5.76,1303.51,2.00,23.66,80.57,23.80,0.00,0.00,0.00,0.00,0.00,0.29
37885.73,5.76,1303.57,2.00,23.66,80.57,23.80,0.00,0.00,0.00,0.00,0.00,0.29
37885.73,5.76,1303.63,2.00,23.66,80.58,23.80,0.00,0.00,0.00,0.00,0.00,0.29
37885.73,5.76,1303.68,2.00,23.66,80.58,23.81,0.00,0.00,0.00,0.00,0.00,0.29
37885.74,5.76,1303.74,2.00,23.66,80.58,23.81,0.00,0.00,0.00,0.00,0.00,0.29
37885.74,5.76,1303.79,2.00,23.66,80.58,23.81,0.00,0.00,0.00,0.00,0.00,0.29
37885.74,5.76,1303.85,2.00,23.66,80.58,23.81,0.00,0.00,0.00,0.00,0.00,0.29
37885.75,5.76,1303.91,2.00,23.66,80.58,23.81,0.00,0.00,0.00,0.00,0.00,0.29
37885.75,5.76,1303.96,2.00,23.66,80.58,23.81,0.00,0.00,0.00,0.00,0.00,0.29
37885.75,5.76,1304.02,2.00,23.66,80.58,23.81,0.00,0.00,0.00,0.00,0.00,0.29
37885.76,5.76,1304.07,2.00,23.66,80.58,23.81,0.00,0.00,0.00,0.00,0.00,0.29
37885.76,5.76,1304.13,2.00,23.66,80.58,23.81,0.00,0.00,0.00,0.00,0.00,0.29
37885.76,5.76,1304.19,2.00,23.66,80.58,23.82,0.00,0.00,0.00,0.00,0.00,0.29
37885.77,5.76,1304.24,2.00,23.66,80.59,23.82,0.00,0.00,0.00,0.00,0.00,0.29
37885.77,5.76,1304.30,2.00,23.66,80.59,23.82,0.00,0.00,0.00,0.00,0.00,0.29
37885.77,5.76,1304.36,2.00,23.66,80.59,23.82,0.00,0.00,0.00,0.00,0.00,0.29
37885.78,5.76,1304.41,2.00,23.66,80.59,23.82,0.00,0.00,0.00,0.00,0.00,0.29
37885.78,5.76,1304.47,2.00,23.66,80.59,23.82,0.00,0.00,0.00,0.00,0.00,0.29
37885.78,5.76,1304.52,2.00,23.66,80.59,23.82,0.00,0.00,0.00,0.00,0.00,0.29
37885.79,5.76,1304.58,2.00,23.66,80.59,23.82,0.00,0.00,0.00,0.00,0.00,0.29
37885.79,5.76,1304.64,2.00,23.66,80.59,23.82,0.00,0.00,0.00,0.00,0.00,0.29
37885.80,5.76,1304.69,2.00,23.66,80.59,23.83,0.00,0.00,0.00,0.00,0.00,0.29
37885.80,5.76,1304.75,2.00,23.66,80.59,23.83,0.00,0.00,0.00,0.00,0.00,0.29
37885.80,5.76,1304.80,2.00,23.66,80.59,23.83,0.00,0.00,0.00,0.00,0.00,0.29
37885.81,5.76,1304.86,2.00,23.66,80.59,23.83,0.00,0.00,0.00,0.00,0.00,0.29
37885.81,5.76,1304.92,2.00,23.65,80.60,23.83,0.00,0.00,0.00,0.00,0.00,0.29
37885.81,5.76,1304.97,2.00,23.65,80.60,23.83,0.00,0.00,0.00,0.00,0.00,0.29
37885.82,5.76,1305.03,2.00,23.65,80.60,23.83,0.00,0.00,0.00,0.00,0.00,0.29
37885.82,5.76,1305.08,2.00,23.65,80.60,23.83,0.00,0.00,0.00,0.00,0.00,0.29
37885.82,5.76,1305.14,2.00,23.65,80.60,23.83,0.00,0.00,0.00,0.00,0.00,0.29
37885.83,5.76,1305.20,2.00,23.65,80.60,23.84,0.00,0.00,0.00,0.00,0.00,0.29
37885.83,5.75,1305.25,2.00,23.65,80.60,23.84,0.00,0.00,0.00,0.00,0.00,0.29
37885.83,5.75,1305.31,2.00,23.65,80.60,23.84,0.00,0.00,0.00,0.00,0.00,0.29
37885.84,5.75,1305.37,2.00,23.65,80.60,23.84,0.00,0.00,0.00,0.00,0.00,0.29
37885.84,5.75,1305.42,2.00,23.65,80.60,23.84,0.00,0.00,0.00,0.00,0.00,0.29
37885.84,5.75,1305.48,2.00,23.65,80.60,23.84,0.00,0.00,0.00,0.00,0.00,0.29
37885.85,5.75,1305.53,2.00,23.65,80.61,23.84,0.00,0.00,0.00,0.00,0.00,0.29
37885.85,5.75,1305.59,2.00,23.65,80.61,23.84,0.00,0.00,0.00,0.00,0.00,0.29
37885.85,5.75,1305.65,2.00,23.65,80.61,23.84,0.00,0.00,0.00,0.00,0.00,0.29
37885.86,5.75,1305.70,2.00,23.65,80.61,23.85,0.00,0.00,0.00,0.00,0.00,0.29
37885.86,5.75,1305.76,2.00,23.65,80.61,23.85,0.00,0.00,0.00,0.00,0.00,0.29
37885.86,5.75,1305.81,2.00,23.65,80.61,23.85,0.00,0.00,0.00,0.00,0.00,0.29
37885.87,5.75,1305.87,2.00,23.65,80.61,23.85,0.00,0.00,0.00,0.00,0.00,0.29
37885.87,5.75,1305.93,2.00,23.65,80.61,23.85,0.00,0.00,0.00,0.00,0.00,0.29
37885.87,5.75,1305.98,2.00,23.65,80.61,23.85,0.00,0.00,0.00,0.00,0.00,0.29
37885.88,5.75,1306.04,2.00,23.65,80.61,23.85,0.00,0.00,0.00,0.00,0.00,0.29
37885.88,5.75,1306.09,2.00,23.65,80.61,23.85,0.00,0.00,0.00,0.00,0.00,0.29
37885.88,5.75,1306.15,2.00,23.65,80.61,23.85,0.00,0.00,0.00,0.00,0.00,0.29
37885.89,5.75,1306.21,2.00,23.65,80.62,23.86,0.00,0.00,0.00,0.00,0.00,0.29
37885.89,5.75,1306.26,2.00,23.65,80.62,23.86,0.00,0.00,0.00,0.00,0.00,0.29
37885.89,5.75,1306.32,2.00,23.65,80.62,23.86,0.00,0.00,0.00,0.00,0.00,0.29
37885.90,5.75,1306.38,2.00,23.65,80.62,23.86,0.00,0.00,0.00,0.00,0.00,0.29
37885.90,5.75,1306.43,2.00,23.65,80.62,23.86,0.00,0.00,0.00,0.00,0.00,0.29
37885.90,5.75,1306.49,2.00,23.65,80.62,23.86,0.00,0.00,0.00,0.00,0.00,0.29
37885.91,5.75,1306.54,2.00,23.65,80.62,23.86,0.00,0.00,0.00,0.00,0.00,0.29
37885.91,5.75,1306.60,2.00,23.65,80.62,23.86,0.00,0.00,0.00,0.00,0.00,0.29
37885.91,5.75,1306.66,2.00,23.65,80.62,23.86,0.00,0.00,0.00,0.00,0.00,0.29
37885.92,5.75,1306.71,2.00,23.65,80.62,23.87,0.00,0.00,0.00,0.00,0.00,0.29
37885.92,5.75,1306.77,2.00,23.65,80.62,23.87,0.00,0.00,0.00,0.00,0.00,0.29
37885.92,5.75,1306.82,2.00,23.65,80.63,23.87,0.00,0.00,0.00,0.00,0.00,0.29
37885.93,5.75,1306.88,2.00,23.65,80.63,23.87,0.00,0.00,0.00,0.00,0.00,0.29
37885.93,5.75,1306.94,2.00,23.65,80.63,23.87,0.00,0.00,0.00,0.00,0.00,0.29
37885.93,5.75,1306.99,2.00,23.65,80.63,23.87,0.00,0.00,0.00,0.00,0.00,0.29
37885.94,5.75,1307.05,2.00,23.65,80.63,23.87,0.00,0.00,0.00,0.00,0.00,0.29
37885.94,5.75,1307.10,2.00,23.65,80.63,23.87,0.00,0.00,0.00,0.00,0.00,0.29
37885.94,5.75,1307.16,2.00,23.64,80.63,23.87,0.00,0.00,0.00,0.00,0.00,0.29
37885.95,5.75,1307.22,2.00,23.64,80.63,23.88,0.00,0.00,0.00,0.00,0.00,0.29
37885.95,5.75,1307.27,2.00,23.64,80.63,23.88,0.00,0.00,0.00,0.00,0.00,0.29
37885.95,5.75,1307.33,2.00,23.64,80.63,23.88,0.00,0.00,0.00,0.00,0.00,0.29
37885.96,5.75,1307.39,2.00,23.64,80.63,23.88,0.00,0.00,0.00,0.00,0.00,0.29
37885.96,5.75,1307.44,2.00,23.64,80.63,23.88,0.00,0.00,0.00,0.00,0.00,0.29
37885.97,5.75,1307.50,2.00,23.64,80.64,23.88,0.00,0.00,0.00,0.00,0.00,0.30
37885.97,5.75,1307.55,2.00,23.64,80.64,23.88,0.00,0.00,0.00,0.00,0.00,0.30
37885.97,5.74,1307.61,2.00,23.64,80.64,23.88,0.00,0.00,0.00,0.00,0.00,0.30
37885.98,5.74,1307.67,2.00,23.64,80.64,23.88,0.00,0.00,0.00,0.00,0.00,0.30
37885.98,5.74,1307.72,2.00,23.64,80.64,23.89,0.00,0.00,0.00,0.00,0.00,0.30
37885.98,5.74,1307.78,2.00,23.64,80.64,23.89,0.00,0.00,0.00,0.00,0.00,0.30
37885.99,5.74,1307.83,2.00,23.64,80.64,23.89,0.00,0.00,0.00,0.00,0.00,0.30
37885.99,5.74,1307.89,2.00,23.64,80.64,23.89,0.00,0.00,0.00,0.00,0.00,0.30
37885.99,5.74,1307.95,2.00,23.64,80.64,23.89,0.00,0.00,0.00,0.00,0.00,0.30
37886.00,5.74,1308.00,2.00,23.64,80.64,23.89,0.00,0.00,0.00,0.00,0.00,0.30
37886.00,5.74,1308.06,2.00,23.64,80.64,23.89,0.00,0.00,0.00,0.00,0.00,0.30
37886.00,5.74,1308.11,2.00,23.64,80.65,23.89,0.00,0.00,0.00,0.00,0.00,0.30
37886.01,5.74,1308.17,2.00,23.64,80.65,23.89,0.00,0.00,0.00,0.00,0.00,0.30
37886.01,5.74,1308.23,2.00,23.64,80.65,23.90,0.00,0.00,0.00,0.00,0.00,0.30
37886.01,5.74,1308.28,2.00,23.64,80.65,23.90,0.00,0.00,0.00,0.00,0.00,0.30
37886.02,5.74,1308.34,2.00,23.64,80.65,23.90,0.00,0.00,0.00,0.00,0.00,0.30
37886.02,5.74,1308.40,2.00,23.64,80.65,23.90,0.00,0.00,0.00,0.00,0.00,0.30
37886.02,5.74,1308.45,2.00,23.64,80.65,23.90,0.00,0.00,0.00,0.00,0.00,0.30
37886.03,5.74,1308.51,2.00,23.64,80.65,23.90,0.00,0.00,0.00,0.00,0.00,0.30
37886.03,5.74,1308.56,2.00,23.64,80.65,23.90,0.00,0.00,0.00,0.00,0.00,0.30
37886.03,5.74,1308.62,2.00,23.64,80.65,23.90,0.00,0.00,0.00,0.00,0.00,0.30
37886.04,5.74,1308.68,2.00,23.64,80.65,23.90,0.00,0.00,0.00,0.00,0.00,0.30
37886.04,5.74,1308.73,2.00,23.64,80.65,23.91,0.00,0.00,0.00,0.00,0.00,0.30
37886.04,5.74,1308.79,2.00,23.64,80.66,23.91,0.00,0.00,0.00,0.00,0.00,0.30
37886.05,5.74,1308.84,2.00,23.64,80.66,23.91,0.00,0.00,0.00,0.00,0.00,0.30
37886.05,5.74,1308.90,2.00,23.64,80.66,23.91,0.00,0.00,0.00,0.00,0.00,0.30
37886.05,5.74,1308.96,2.00,23.64,80.66,23.91,0.00,0.00,0.00,0.00,0.00,0.30
37886.06,5.74,1309.01,2.00,23.64,80.66,23.91,0.00,0.00,0.00,0.00,0.00,0.30
37886.06,5.74,1309.07,2.00,23.64,80.66,23.91,0.00,0.00,0.00,0.00,0.00,0.30
37886.06,5.74,1309.12,2.00,23.64,80.66,23.91,0.00,0.00,0.00,0.00,0.00,0.30
37886.07,5.74,1309.18,2.00,23.64,80.66,23.91,0.00,0.00,0.00,0.00,0.00,0.30
37886.07,5.74,1309.24,2.00,23.64,80.66,23.92,0.00,0.00,0.00,0.00,0.00,0.30
37886.07,5.74,1309.29,2.00,23.64,80.66,23.92,0.00,0.00,0.00,0.00,0.00,0.30
37886.08,5.74,1309.35,2.00,23.63,80.66,23.92,0.00,0.00,0.00,0.00,0.00,0.30
37886.08,5.74,1309.41,2.00,23.63,80.67,23.92,0.00,0.00,0.00,0.00,0.00,0.30
37886.08,5.74,1309.46,2.00,23.63,80.67,23.92,0.00,0.00,0.00,0.00,0.00,0.30
37886.09,5.74,1309.52,2.00,23.63,80.67,23.92,0.00,0.00,0.00,0.00,0.00,0.30
37886.09,5.74,1309.57,2.00,23.63,80.67,23.92,0.00,0.00,0.00,0.00,0.00,0.30
37886.09,5.74,1309.63,2.00,23.63,80.67,23.92,0.00,0.00,0.00,0.00,0.00,0.30
37886.10,5.74,1309.69,2.00,23.63,80.67,23.92,0.00,0.00,0.00,0.00,0.00,0.30
37886.10,5.74,1309.74,2.00,23.63,80.67,23.93,0.00,0.00,0.00,0.00,0.00,0.30
37886.10,5.74,1309.80,2.00,23.63,80.67,23.93,0.00,0.00,0.00,0.00,0.00,0.30
37886.11,5.74,1309.85,2.00,23.63,80.67,23.93,0.00,0.00,0.00,0.00,0.00,0.30
37886.11,5.74,1309.91,2.00,23.63,80.67,23.93,0.00,0.00,0.00,0.00,0.00,0.30
37886.11,5.73,1309.97,2.00,23.63,80.67,23.93,0.00,0.00,0.00,0.00,0.00,0.30
37886.12,5.73,1310.02,2.00,23.63,80.67,23.93,0.00,0.00,0.00,0.00,0.00,0.30
37886.12,5.73,1310.08,2.00,23.63,80.68,23.93,0.00,0.00,0.00,0.00,0.00,0.30
37886.13,5.73,1310.13,2.00,23.63,80.68,23.93,0.00,0.00,0.00,0.00,0.00,0.30
37886.13,5.73,1310.19,2.00,23.63,80.68,23.93,0.00,0.00,0.00,0.00,0.00,0.30
37886.13,5.73,1310.25,2.00,23.63,80.68,23.94,0.00,0.00,0.00,0.00,0.00,0.30
37886.14,5.73,1310.30,2.00,23.63,80.68,23.94,0.00,0.00,0.00,0.00,0.00,0.30
37886.14,5.73,1310.36,2.00,23.63,80.68,23.94,0.00,0.00,0.00,0.00,0.00,0.30
37886.14,5.73,1310.42,2.00,23.63,80.68,23.94,0.00,0.00,0.00,0.00,0.00,0.30
37886.15,5.73,1310.47,2.00,23.63,80.68,23.94,0.00,0.00,0.00,0.00,0.00,0.30
37886.15,5.73,1310.53,2.00,23.63,80.68,23.94,0.00,0.00,0.00,0.00,0.00,0.30
37886.15,5.73,1310.58,2.00,23.63,80.68,23.94,0.00,0.00,0.00,0.00,0.00,0.30
37886.16,5.73,1310.64,2.00,23.63,80.68,23.94,0.00,0.00,0.00,0.00,0.00,0.30
37886.16,5.73,1310.70,2.00,23.63,80.69,23.94,0.00,0.00,0.00,0.00,0.00,0.30
37886.16,5.73,1310.75,2.00,23.63,80.69,23.95,0.00,0.00,0.00,0.00,0.00,0.30
37886.17,5.73,1310.81,2.00,23.63,80.69,23.95,0.00,0.00,0.00,0.00,0.00,0.30
37886.17,5.73,1310.86,2.00,23.63,80.69,23.95,0.00,0.00,0.00,0.00,0.00,0.30
37886.17,5.73,1310.92,2.00,23.63,80.69,23.95,0.00,0.00,0.00,0.00,0.00,0.30
37886.18,5.73,1310.98,2.00,23.63,80.69,23.95,0.00,0.00,0.00,0.00,0.00,0.30
37886.18,5.73,1311.03,2.00,23.63,80.69,23.95,0.00,0.00,0.00,0.00,0.00,0.30
37886.18,5.73,1311.09,2.00,23.63,80.69,23.95,0.00,0.00,0.00,0.00,0.00,0.30
37886.19,5.73,1311.15,2.00,23.63,80.69,23.95,0.00,0.00,0.00,0.00,0.00,0.30
37886.19,5.73,1311.20,2.00,23.63,80.69,23.95,0.00,0.00,0.00,0.00,0.00,0.30
37886.19,5.73,1311.26,2.00,23.63,80.69,23.96,0.00,0.00,0.00,0.00,0.00,0.30
37886.20,5.73,1311.31,2.00,23.63,80.69,23.96,0.00,0.00,0.00,0.00,0.00,0.30
37886.20,5.73,1311.37,2.00,23.63,80.70,23.96,0.00,0.00,0.00,0.00,0.00,0.30
37886.20,5.73,1311.43,2.00,23.63,80.70,23.96,0.00,0.00,0.00,0.00,0.00,0.30
37886.21,5.73,1311.48,2.00,23.63,80.70,23.96,0.00,0.00,0.00,0.00,0.00,0.30
37886.21,5.73,1311.54,2.00,23.63,80.70,23.96,0.00,0.00,0.00,0.00,0.00,0.30
37886.21,5.73,1311.59,2.00,23.62,80.70,23.96,0.00,0.00,0.00,0.00,0.00,0.30
37886.22,5.73,1311.65,2.00,23.62,80.70,23.96,0.00,0.00,0.00,0.00,0.00,0.30
37886.22,5.73,1311.71,2.00,23.62,80.70,23.96,0.00,0.00,0.00,0.00,0.00,0.30
37886.22,5.73,1311.76,2.00,23.62,80.70,23.97,0.00,0.00,0.00,0.00,0.00,0.30
37886.23,5.73,1311.82,2.00,23.62,80.70,23.97,0.00,0.00,0.00,0.00,0.00,0.30
37886.23,5.73,1311.87,2.00,23.62,80.70,23.97,0.00,0.00,0.00,0.00,0.00,0.30
37886.23,5.73,1311.93,2.00,23.62,80.70,23.97,0.00,0.00,0.00,0.00,0.00,0.30
37886.24,5.73,1311.99,2.00,23.62,80.71,23.97,0.00,0.00,0.00,0.00,0.00,0.31
37886.24,5.73,1312.04,2.00,23.62,80.71,23.97,0.00,0.00,0.00,0.00,0.00,0.31
37886.24,5.73,1312.10,2.00,23.62,80.71,23.97,0.00,0.00,0.00,0.00,0.00,0.31
37886.25,5.73,1312.16,2.00,23.62,80.71,23.97,0.00,0.00,0.00,0.00,0.00,0.31
37886.25,5.73,1312.21,2.00,23.62,80.71,23.97,0.00,0.00,0.00,0.00,0.00,0.31
37886.25,5.73,1312.27,2.00,23.62,80.71,23.98,0.00,0.00,0.00,0.00,0.00,0.31
37886.26,5.73,1312.32,2.00,23.62,80.71,23.98,0.00,0.00,0.00,0.00,0.00,0.31
37886.26,5.72,1312.38,2.00,23.62,80.71,23.98,0.00,0.00,0.00,0.00,0.00,0.31
37886.26,5.72,1312.44,2.00,23.62,80.71,23.98,0.00,0.00,0.00,0.00,0.00,0.31
37886.27,5.72,1312.49,2.00,23.62,80.71,23.98,0.00,0.00,0.00,0.00,0.00,0.31
37886.27,5.72,1312.55,2.00,23.62,80.71,23.98,0.00,0.00,0.00,0.00,0.00,0.31
37886.27,5.72,1312.60,2.00,23.62,80.71,23.98,0.00,0.00,0.00,0.00,0.00,0.31
37886.28,5.72,1312.66,2.00,23.62,80.72,23.98,0.00,0.00,0.00,0.00,0.00,0.31
37886.28,5.72,1312.72,2.00,23.62,80.72,23.98,0.00,0.00,0.00,0.00,0.00,0.31
37886.29,5.72,1312.77,2.00,23.62,80.72,23.99,0.00,0.00,0.00,0.00,0.00,0.31
37886.29,5.72,1312.83,2.00,23.62,80.72,23.99,0.00,0.00,0.00,0.00,0.00,0.31
37886.29,5.72,1312.88,2.00,23.62,80.72,23.99,0.00,0.00,0.00,0.00,0.00,0.31
37886.30,5.72,1312.94,2.00,23.62,80.72,23.99,0.00,0.00,0.00,0.00,0.00,0.31
37886.30,5.72,1313.00,2.00,23.62,80.72,23.99,0.00,0.00,0.00,0.00,0.00,0.31
37886.30,5.72,1313.05,2.00,23.62,80.72,23.99,0.00,0.00,0.00,0.00,0.00,0.31
37886.31,5.72,1313.11,2.00,23.62,80.72,23.99,0.00,0.00,0.00,0.00,0.00,0.31
37886.31,5.72,1313.17,2.00,23.62,80.72,23.99,0.00,0.00,0.00,0.00,0.00,0.31
37886.31,5.72,1313.22,2.00,23.62,80.72,23.99,0.00,0.00,0.00,0.00,0.00,0.31
37886.32,5.72,1313.28,2.00,23.62,80.73,24.00,0.00,0.00,0.00,0.00,0.00,0.31
37886.32,5.72,1313.33,2.00,23.62,80.73,24.00,0.00,0.00,0.00,0.00,0.00,0.31
37886.32,5.72,1313.39,2.00,23.62,80.73,24.00,0.00,0.00,0.00,0.00,0.00,0.31
37886.33,5.72,1313.45,2.00,23.62,80.73,24.00,0.00,0.00,0.00,0.00,0.00,0.31
37886.33,5.72,1313.50,2.00,23.62,80.73,24.00,0.00,0.00,0.00,0.00,0.00,0.31
37886.33,5.72,1313.56,2.00,23.62,80.73,24.00,0.00,0.00,0.00,0.00,0.00,0.31
37886.34,5.72,1313.61,2.00,23.62,80.73,24.00,0.00,0.00,0.00,0.00,0.00,0.31
37886.34,5.72,1313.67,2.00,23.62,80.73,24.00,0.00,0.00,0.00,0.00,0.00,0.31
37886.34,5.72,1313.73,2.00,23.62,80.73,24.00,0.00,0.00,0.00,0.00,0.00,0.31
37886.35,5.72,1313.78,2.00,23.62,80.73,24.01,0.00,0.00,0.00,0.00,0.00,0.31
37886.35,5.72,1313.84,2.00,23.61,80.73,24.01,0.00,0.00,0.00,0.00,0.00,0.31
37886.35,5.72,1313.89,2.00,23.61,80.73,24.01,0.00,0.00,0.00,0.00,0.00,0.31
37886.36,5.72,1313.95,2.00,23.61,80.74,24.01,0.00,0.00,0.00,0.00,0.00,0.31
37886.36,5.72,1314.01,2.00,23.61,80.74,24.01,0.00,0.00,0.00,0.00,0.00,0.31
37886.36,5.72,1314.06,2.00,23.61,80.74,24.01,0.00,0.00,0.00,0.00,0.00,0.31
37886.37,5.72,1314.12,2.00,23.61,80.74,24.01,0.00,0.00,0.00,0.00,0.00,0.31
37886.37,5.72,1314.18,2.00,23.61,80.74,24.01,0.00,0.00,0.00,0.00,0.00,0.31
37886.37,5.72,1314.23,2.00,23.61,80.74,24.01,0.00,0.00,0.00,0.00,0.00,0.31
37886.38,5.72,1314.29,2.00,23.61,80.74,24.02,0.00,0.00,0.00,0.00,0.00,0.31
37886.38,5.72,1314.34,2.00,23.61,80.74,24.02,0.00,0.00,0.00,0.00,0.00,0.31
37886.38,5.72,1314.40,2.00,23.61,80.74,24.02,0.00,0.00,0.00,0.00,0.00,0.31
37886.39,5.72,1314.46,2.00,23.61,80.74,24.02,0.00,0.00,0.00,0.00,0.00,0.31
37886.39,5.72,1314.51,2.00,23.61,80.74,24.02,0.00,0.00,0.00,0.00,0.00,0.31
37886.39,5.72,1314.57,2.00,23.61,80.75,24.02,0.00,0.00,0.00,0.00,0.00,0.31
37886.40,5.72,1314.62,2.00,23.61,80.75,24.02,0.00,0.00,0.00,0.00,0.00,0.31
37886.40,5.72,1314.68,2.00,23.61,80.75,24.02,0.00,0.00,0.00,0.00,0.00,0.31
37886.40,5.71,1314.74,2.00,23.61,80.75,24.02,0.00,0.00,0.00,0.00,0.00,0.31
37886.41,5.71,1314.79,2.00,23.61,80.75,24.03,0.00,0.00,0.00,0.00,0.00,0.31
37886.41,5.71,1314.85,2.00,23.61,80.75,24.03,0.00,0.00,0.00,0.00,0.00,0.31
37886.41,5.71,1314.90,2.00,23.61,80.75,24.03,0.00,0.00,0.00,0.00,0.00,0.31
37886.42,5.71,1314.96,2.00,23.61,80.75,24.03,0.00,0.00,0.00,0.00,0.00,0.31
37886.42,5.71,1315.02,2.00,23.61,80.75,24.03,0.00,0.00,0.00,0.00,0.00,0.31
37886.42,5.71,1315.07,2.00,23.61,80.75,24.03,0.00,0.00,0.00,0.00,0.00,0.31
37886.43,5.71,1315.13,2.00,23.61,80.75,24.03,0.00,0.00,0.00,0.00,0.00,0.31
37886.43,5.71,1315.19,2.00,23.61,80.75,24.03,0.00,0.00,0.00,0.00,0.00,0.31
37886.43,5.71,1315.24,2.00,23.61,80.76,24.03,0.00,0.00,0.00,0.00,0.00,0.31
37886.44,5.71,1315.30,2.00,23.61,80.76,24.04,0.00,0.00,0.00,0.00,0.00,0.31
37886.44,5.71,1315.35,2.00,23.61,80.76,24.04,0.00,0.00,0.00,0.00,0.00,0.31
37886.45,5.71,1315.41,2.00,23.61,80.76,24.04,0.00,0.00,0.00,0.00,0.00,0.31
37886.45,5.71,1315.47,2.00,23.61,80.76,24.04,0.00,0.00,0.00,0.00,0.00,0.31
37886.45,5.71,1315.52,2.00,23.61,80.76,24.04,0.00,0.00,0.00,0.00,0.00,0.31
37886.46,5.71,1315.58,2.00,23.61,80.76,24.04,0.00,0.00,0.00,0.00,0.00,0.31
37886.46,5.71,1315.63,2.00,23.61,80.76,24.04,0.00,0.00,0.00,0.00,0.00,0.31
37886.46,5.71,1315.69,2.00,23.61,80.76,24.04,0.00,0.00,0.00,0.00,0.00,0.31
37886.47,5.71,1315.75,2.00,23.61,80.76,24.05,0.00,0.00,0.00,0.00,0.00,0.31
37886.47,5.71,1315.80,2.00,23.61,80.76,24.05,0.00,0.00,0.00,0.00,0.00,0.31
37886.47,5.71,1315.86,2.00,23.61,80.77,24.05,0.00,0.00,0.00,0.00,0.00,0.31
37886.48,5.71,1315.91,2.00,23.61,80.77,24.05,0.00,0.00,0.00,0.00,0.00,0.31
37886.48,5.71,1315.97,2.00,23.61,80.77,24.05,0.00,0.00,0.00,0.00,0.00,0.31
37886.48,5.71,1316.03,2.00,23.60,80.77,24.05,0.00,0.00,0.00,0.00,0.00,0.31
37886.49,5.71,1316.08,2.00,23.60,80.77,24.05,0.00,0.00,0.00,0.00,0.00,0.31
37886.49,5.71,1316.14,2.00,23.60,80.77,24.05,0.00,0.00,0.00,0.00,0.00,0.31
37886.49,5.71,1316.20,2.00,23.60,80.77,24.05,0.00,0.00,0.00,0.00,0.00,0.31
37886.50,5.71,1316.25,2.00,23.60,80.77,24.06,0.00,0.00,0.00,0.00,0.00,0.31
37886.50,5.71,1316.31,2.00,23.60,80.77,24.06,0.00,0.00,0.00,0.00,0.00,0.31
37886.50,5.71,1316.36,2.00,23.60,80.77,24.06,0.00,0.00,0.00,0.00,0.00,0.31
37886.51,5.71,1316.42,2.00,23.60,80.77,24.06,0.00,0.00,0.00,0.00,0.00,0.32
37886.51,5.71,1316.48,2.00,23.60,80.77,24.06,0.00,0.00,0.00,0.00,0.00,0.32
37886.51,5.71,1316.53,2.00,23.60,80.78,24.06,0.00,0.00,0.00,0.00,0.00,0.32
37886.52,5.71,1316.59,2.00,23.60,80.78,24.06,0.00,0.00,0.00,0.00,0.00,0.32
37886.52,5.71,1316.64,2.00,23.60,80.78,24.06,0.00,0.00,0.00,0.00,0.00,0.32
37886.52,5.71,1316.70,2.00,23.60,80.78,24.06,0.00,0.00,0.00,0.00,0.00,0.32
37886.53,5.71,1316.76,2.00,23.60,80.78,24.07,0.00,0.00,0.00,0.00,0.00,0.32
37886.53,5.71,1316.81,2.00,23.60,80.78,24.07,0.00,0.00,0.00,0.00,0.00,0.32
37886.53,5.71,1316.87,2.00,23.60,80.78,24.07,0.00,0.00,0.00,0.00,0.00,0.32
37886.54,5.71,1316.92,2.00,23.60,80.78,24.07,0.00,0.00,0.00,0.00,0.00,0.32
37886.54,5.71,1316.98,2.00,23.60,80.78,24.07,0.00,0.00,0.00,0.00,0.00,0.32
37886.54,5.71,1317.04,2.00,23.60,80.78,24.07,0.00,0.00,0.00,0.00,0.00,0.32
37886.55,5.70,1317.09,2.00,23.60,80.78,24.07,0.00,0.00,0.00,0.00,0.00,0.32
37886.55,5.70,1317.15,2.00,23.60,80.79,24.07,0.00,0.00,0.00,0.00,0.00,0.32
37886.55,5.70,1317.21,2.00,23.60,80.79,24.07,0.00,0.00,0.00,0.00,0.00,0.32
37886.56,5.70,1317.26,2.00,23.60,80.79,24.08,0.00,0.00,0.00,0.00,0.00,0.32
37886.56,5.70,1317.32,2.00,23.60,80.79,24.08,0.00,0.00,0.00,0.00,0.00,0.32
37886.56,5.70,1317.37,2.00,23.60,80.79,24.08,0.00,0.00,0.00,0.00,0.00,0.32
37886.57,5.70,1317.43,2.00,23.60,80.79,24.08,0.00,0.00,0.00,0.00,0.00,0.32
37886.57,5.70,1317.49,2.00,23.60,80.79,24.08,0.00,0.00,0.00,0.00,0.00,0.32
37886.57,5.70,1317.54,2.00,23.60,80.79,24.08,0.00,0.00,0.00,0.00,0.00,0.32
37886.58,5.70,1317.60,2.00,23.60,80.79,24.08,0.00,0.00,0.00,0.00,0.00,0.32
37886.58,5.70,1317.65,2.00,23.60,80.79,24.08,0.00,0.00,0.00,0.00,0.00,0.32
37886.58,5.70,1317.71,2.00,23.60,80.79,24.08,0.00,0.00,0.00,0.00,0.00,0.32
37886.59,5.70,1317.77,2.00,23.60,80.79,24.09,0.00,0.00,0.00,0.00,0.00,0.32
37886.59,5.70,1317.82,2.00,23.60,80.80,24.09,0.00,0.00,0.00,0.00,0.00,0.32
37886.59,5.70,1317.88,2.00,23.60,80.80,24.09,0.00,0.00,0.00,0.00,0.00,0.32
37886.60,5.70,1317.94,2.00,23.60,80.80,24.09,0.00,0.00,0.00,0.00,0.00,0.32
37886.60,5.70,1317.99,2.00,23.60,80.80,24.09,0.00,0.00,0.00,0.00,0.00,0.32
37886.61,5.70,1318.05,2.00,23.60,80.80,24.09,0.00,0.00,0.00,0.00,0.00,0.32
37886.61,5.70,1318.10,2.00,23.60,80.80,24.09,0.00,0.00,0.00,0.00,0.00,0.32
37886.61,5.70,1318.16,2.00,23.60,80.80,24.09,0.00,0.00,0.00,0.00,0.00,0.32
37886.62,5.70,1318.22,2.00,23.60,80.80,24.09,0.00,0.00,0.00,0.00,0.00,0.32
37886.62,5.70,1318.27,2.00,23.59,80.80,24.10,0.00,0.00,0.00,0.00,0.00,0.32
37886.62,5.70,1318.33,2.00,23.59,80.80,24.10,0.00,0.00,0.00,0.00,0.00,0.32
37886.63,5.70,1318.38,2.00,23.59,80.80,24.10,0.00,0.00,0.00,0.00,0.00,0.32
37886.63,5.70,1318.44,2.00,23.59,80.81,24.10,0.00,0.00,0.00,0.00,0.00,0.32
37886.63,5.70,1318.50,2.00,23.59,80.81,24.10,0.00,0.00,0.00,0.00,0.00,0.32
37886.64,5.70,1318.55,2.00,23.59,80.81,24.10,0.00,0.00,0.00,0.00,0.00,0.32
37886.64,5.70,1318.61,2.00,23.59,80.81,24.10,0.00,0.00,0.00,0.00,0.00,0.32
37886.64,5.70,1318.66,2.00,23.59,80.81,24.10,0.00,0.00,0.00,0.00,0.00,0.32
37886.65,5.70,1318.72,2.00,23.59,80.81,24.10,0.00,0.00,0.00,0.00,0.00,0.32
37886.65,5.70,1318.78,2.00,23.59,80.81,24.11,0.00,0.00,0.00,0.00,0.00,0.32
37886.65,5.70,1318.83,2.00,23.59,80.81,24.11,0.00,0.00,0.00,0.00,0.00,0.32
37886.66,5.70,1318.89,2.00,23.59,80.81,24.11,0.00,0.00,0.00,0.00,0.00,0.32
37886.66,5.70,1318.95,2.00,23.59,80.81,24.11,0.00,0.00,0.00,0.00,0.00,0.32
37886.66,5.70,1319.00,2.00,23.59,80.81,24.11,0.00,0.00,0.00,0.00,0.00,0.32
37886.67,5.70,1319.06,2.00,23.59,80.81,24.11,0.00,0.00,0.00,0.00,0.00,0.32
37886.67,5.70,1319.11,2.00,23.59,80.82,24.11,0.00,0.00,0.00,0.00,0.00,0.32
37886.67,5.70,1319.17,2.00,23.59,80.82,24.11,0.00,0.00,0.00,0.00,0.00,0.32
37886.68,5.70,1319.23,2.00,23.59,80.82,24.11,0.00,0.00,0.00,0.00,0.00,0.32
37886.68,5.70,1319.28,2.00,23.59,80.82,24.12,0.00,0.00,0.00,0.00,0.00,0.32
37886.68,5.70,1319.34,2.00,23.59,80.82,24.12,0.00,0.00,0.00,0.00,0.00,0.32
37886.69,5.70,1319.39,2.00,23.59,80.82,24.12,0.00,0.00,0.00,0.00,0.00,0.32
37886.69,5.69,1319.45,2.00,23.59,80.82,24.12,0.00,0.00,0.00,0.00,0.00,0.32
37886.69,5.69,1319.51,2.00,23.59,80.82,24.12,0.00,0.00,0.00,0.00,0.00,0.32
37886.70,5.69,1319.56,2.00,23.59,80.82,24.12,0.00,0.00,0.00,0.00,0.00,0.32
37886.70,5.69,1319.62,2.00,23.59,80.82,24.12,0.00,0.00,0.00,0.00,0.00,0.32
37886.70,5.69,1319.67,2.00,23.59,80.82,24.12,0.00,0.00,0.00,0.00,0.00,0.32
37886.71,5.69,1319.73,2.00,23.59,80.83,24.12,0.00,0.00,0.00,0.00,0.00,0.32
37886.71,5.69,1319.79,2.00,23.59,80.83,24.13,0.00,0.00,0.00,0.00,0.00,0.32
37886.71,5.69,1319.84,2.00,23.59,80.83,24.13,0.00,0.00,0.00,0.00,0.00,0.32
37886.72,5.69,1319.90,2.00,23.59,80.83,24.13,0.00,0.00,0.00,0.00,0.00,0.32
37886.72,5.69,1319.96,2.00,23.59,80.83,24.13,0.00,0.00,0.00,0.00,0.00,0.32
37886.72,5.69,1320.01,2.00,23.59,80.83,24.13,0.00,0.00,0.00,0.00,0.00,0.32
37886.73,5.69,1320.07,2.00,23.59,80.83,24.13,0.00,0.00,0.00,0.00,0.00,0.32
37886.73,5.69,1320.12,2.00,23.59,80.83,24.13,0.00,0.00,0.00,0.00,0.00,0.32
37886.73,5.69,1320.18,2.00,23.59,80.83,24.13,0.00,0.00,0.00,0.00,0.00,0.32
37886.74,5.69,1320.24,2.00,23.59,80.83,24.13,0.00,0.00,0.00,0.00,0.00,0.32
37886.74,5.69,1320.29,2.00,23.59,80.83,24.14,0.00,0.00,0.00,0.00,0.00,0.32
37886.74,5.69,1320.35,2.00,23.59,80.83,24.14,0.00,0.00,0.00,0.00,0.00,0.32
37886.75,5.69,1320.40,2.00,23.59,80.84,24.14,0.00,0.00,0.00,0.00,0.00,0.32
37886.75,5.69,1320.46,2.00,23.59,80.84,24.14,0.00,0.00,0.00,0.00,0.00,0.32
37886.75,5.69,1320.52,2.00,23.58,80.84,24.14,0.00,0.00,0.00,0.00,0.00,0.32
37886.76,5.69,1320.57,2.00,23.58,80.84,24.14,0.00,0.00,0.00,0.00,0.00,0.32
37886.76,5.69,1320.63,2.00,23.58,80.84,24.14,0.00,0.00,0.00,0.00,0.00,0.32
37886.77,5.69,1320.68,2.00,23.58,80.84,24.14,0.00,0.00,0.00,0.00,0.00,0.32
37886.77,5.69,1320.74,2.00,23.58,80.84,24.14,0.00,0.00,0.00,0.00,0.00,0.32
37886.77,5.69,1320.80,2.00,23.58,80.84,24.15,0.00,0.00,0.00,0.00,0.00,0.32
37886.78,5.69,1320.85,2.00,23.58,80.84,24.15,0.00,0.00,0.00,0.00,0.00,0.33
37886.78,5.69,1320.91,2.00,23.58,80.84,24.15,0.00,0.00,0.00,0.00,0.00,0.33
37886.78,5.69,1320.97,2.00,23.58,80.84,24.15,0.00,0.00,0.00,0.00,0.00,0.33
37886.79,5.69,1321.02,2.00,23.58,80.85,24.15,0.00,0.00,0.00,0.00,0.00,0.33
37886.79,5.69,1321.08,2.00,23.58,80.85,24.15,0.00,0.00,0.00,0.00,0.00,0.33
37886.79,5.69,1321.13,2.00,23.58,80.85,24.15,0.00,0.00,0.00,0.00,0.00,0.33
37886.80,5.69,1321.19,2.00,23.58,80.85,24.15,0.00,0.00,0.00,0.00,0.00,0.33
37886.80,5.69,1321.25,2.00,23.58,80.85,24.15,0.00,0.00,0.00,0.00,0.00,0.33
37886.80,5.69,1321.30,2.00,23.58,80.85,24.16,0.00,0.00,0.00,0.00,0.00,0.33
37886.81,5.69,1321.36,2.00,23.58,80.85,24.16,0.00,0.00,0.00,0.00,0.00,0.33
37886.81,5.69,1321.41,2.00,23.58,80.85,24.16,0.00,0.00,0.00,0.00,0.00,0.33
37886.81,5.69,1321.47,2.00,23.58,80.85,24.16,0.00,0.00,0.00,0.00,0.00,0.33
37886.82,5.69,1321.53,2.00,23.58,80.85,24.16,0.00,0.00,0.00,0.00,0.00,0.33
37886.82,5.69,1321.58,2.00,23.58,80.85,24.16,0.00,0.00,0.00,0.00,0.00,0.33
37886.82,5.69,1321.64,2.00,23.58,80.85,24.16,0.00,0.00,0.00,0.00,0.00,0.33
37886.83,5.69,1321.69,2.00,23.58,80.86,24.16,0.00,0.00,0.00,0.00,0.00,0.33
37886.83,5.69,1321.75,2.00,23.58,80.86,24.16,0.00,0.00,0.00,0.00,0.00,0.33
37886.83,5.68,1321.81,2.00,23.58,80.86,24.17,0.00,0.00,0.00,0.00,0.00,0.33
37886.84,5.68,1321.86,2.00,23.58,80.86,24.17,0.00,0.00,0.00,0.00,0.00,0.33
37886.84,5.68,1321.92,2.00,23.58,80.86,24.17,0.00,0.00,0.00,0.00,0.00,0.33
37886.84,5.68,1321.98,2.00,23.58,80.86,24.17,0.00,0.00,0.00,0.00,0.00,0.33
37886.85,5.68,1322.03,2.00,23.58,80.86,24.17,0.00,0.00,0.00,0.00,0.00,0.33
37886.85,5.68,1322.09,2.00,23.58,80.86,24.17,0.00,0.00,0.00,0.00,0.00,0.33
37886.85,5.68,1322.14,2.00,23.58,80.86,24.17,0.00,0.00,0.00,0.00,0.00,0.33
37886.86,5.68,1322.20,2.00,23.58,80.86,24.17,0.00,0.00,0.00,0.00,0.00,0.33
37886.86,5.68,1322.26,2.00,23.58,80.86,24.17,0.00,0.00,0.00,0.00,0.00,0.33
37886.86,5.68,1322.31,2.00,23.58,80.87,24.18,0.00,0.00,0.00,0.00,0.00,0.33
37886.87,5.68,1322.37,2.00,23.58,80.87,24.18,0.00,0.00,0.00,0.00,0.00,0.33
37886.87,5.68,1322.42,2.00,23.58,80.87,24.18,0.00,0.00,0.00,0.00,0.00,0.33
37886.87,5.68,1322.48,2.00,23.58,80.87,24.18,0.00,0.00,0.00,0.00,0.00,0.33
37886.88,5.68,1322.54,2.00,23.58,80.87,24.18,0.00,0.00,0.00,0.00,0.00,0.33
37886.88,5.68,1322.59,2.00,23.58,80.87,24.18,0.00,0.00,0.00,0.00,0.00,0.33
37886.88,5.68,1322.65,2.00,23.58,80.87,24.18,0.00,0.00,0.00,0.00,0.00,0.33
37886.89,5.68,1322.70,2.00,23.57,80.87,24.18,0.00,0.00,0.00,0.00,0.00,0.33
37886.89,5.68,1322.76,2.00,23.57,80.87,24.18,0.00,0.00,0.00,0.00,0.00,0.33
37886.89,5.68,1322.82,2.00,23.57,80.87,24.19,0.00,0.00,0.00,0.00,0.00,0.33
37886.90,5.68,1322.87,2.00,23.57,80.87,24.19,0.00,0.00,0.00,0.00,0.00,0.33
37886.90,5.68,1322.93,2.00,23.57,80.87,24.19,0.00,0.00,0.00,0.00,0.00,0.33
37886.90,5.68,1322.99,2.00,23.57,80.88,24.19,0.00,0.00,0.00,0.00,0.00,0.33
37886.91,5.68,1323.04,2.00,23.57,80.88,24.19,0.00,0.00,0.00,0.00,0.00,0.33
37886.91,5.68,1323.10,2.00,23.57,80.88,24.19,0.00,0.00,0.00,0.00,0.00,0.33
37886.91,5.68,1323.15,2.00,23.57,80.88,24.19,0.00,0.00,0.00,0.00,0.00,0.33
37886.92,5.68,1323.21,2.00,23.57,80.88,24.19,0.00,0.00,0.00,0.00,0.00,0.33
37886.92,5.68,1323.27,2.00,23.57,80.88,24.19,0.00,0.00,0.00,0.00,0.00,0.33
37886.93,5.68,1323.32,2.00,23.57,80.88,24.20,0.00,0.00,0.00,0.00,0.00,0.33
37886.93,5.68,1323.38,2.00,23.57,80.88,24.20,0.00,0.00,0.00,0.00,0.00,0.33
37886.93,5.68,1323.43,2.00,23.57,80.88,24.20,0.00,0.00,0.00,0.00,0.00,0.33
37886.94,5.68,1323.49,2.00,23.57,80.88,24.20,0.00,0.00,0.00,0.00,0.00,0.33
37886.94,5.68,1323.55,2.00,23.57,80.88,24.20,0.00,0.00,0.00,0.00,0.00,0.33
37886.94,5.68,1323.60,2.00,23.57,80.89,24.20,0.00,0.00,0.00,0.00,0.00,0.33
37886.95,5.68,1323.66,2.00,23.57,80.89,24.20,0.00,0.00,0.00,0.00,0.00,0.33
37886.95,5.68,1323.71,2.00,23.57,80.89,24.20,0.00,0.00,0.00,0.00,0.00,0.33
37886.95,5.68,1323.77,2.00,23.57,80.89,24.20,0.00,0.00,0.00,0.00,0.00,0.33
37886.96,5.68,1323.83,2.00,23.57,80.89,24.21,0.00,0.00,0.00,0.00,0.00,0.33
37886.96,5.68,1323.88,2.00,23.57,80.89,24.21,0.00,0.00,0.00,0.00,0.00,0.33
37886.96,5.68,1323.94,2.00,23.57,80.89,24.21,0.00,0.00,0.00,0.00,0.00,0.33
37886.97,5.68,1324.00,2.00,23.57,80.89,24.21,0.00,0.00,0.00,0.00,0.00,0.33
37886.97,5.68,1324.05,2.00,23.57,80.89,24.21,0.00,0.00,0.00,0.00,0.00,0.33
37886.97,5.68,1324.11,2.00,23.57,80.89,24.21,0.00,0.00,0.00,0.00,0.00,0.33
37886.98,5.67,1324.16,2.00,23.57,80.89,24.21,0.00,0.00,0.00,0.00,0.00,0.33
37886.98,5.67,1324.22,2.00,23.57,80.89,24.21,0.00,0.00,0.00,0.00,0.00,0.33
37886.98,5.67,1324.28,2.00,23.57,80.90,24.21,0.00,0.00,0.00,0.00,0.00,0.33
37886.99,5.67,1324.33,2.00,23.57,80.90,24.22,0.00,0.00,0.00,0.00,0.00,0.33
37886.99,5.67,1324.39,2.00,23.57,80.90,24.22,0.00,0.00,0.00,0.00,0.00,0.33
37886.99,5.67,1324.44,2.00,23.57,80.90,24.22,0.00,0.00,0.00,0.00,0.00,0.33
37887.00,5.67,1324.50,2.00,23.57,80.90,24.22,0.00,0.00,0.00,0.00,0.00,0.33
37887.00,5.67,1324.56,2.00,23.57,80.90,24.22,0.00,0.00,0.00,0.00,0.00,0.33
37891.50,5.63,1338.94,2.00,23.50,81.20,19.86,0.00,0.00,0.00,0.00,0.00,0.17
37897.00,5.62,1338.18,1.50,23.50,81.10,19.14,0.00,0.00,0.00,0.00,0.00,0.60
37902.50,5.67,1337.80,1.00,23.50,81.12,21.45,0.00,0.00,0.00,0.00,0.00,0.00
37908.50,5.62,1337.58,1.00,23.52,80.80,22.50,0.00,0.00,0.00,0.00,0.00,0.00
37914.50,5.62,1336.77,1.00,23.55,80.70,21.14,0.00,0.00,0.00,0.00,0.00,0.00
37920.50,5.61,1336.57,1.00,23.57,80.45,20.91,0.00,0.00,0.00,0.00,0.00,0.33
37926.50,5.64,1335.95,1.00,23.58,80.57,21.62,0.00,0.00,0.00,0.00,0.00,0.00
37932.50,5.63,1335.74,1.00,23.58,80.45,20.75,0.00,0.00,0.00,0.00,0.00,0.00
37938.50,5.62,1335.40,1.00,23.60,80.22,23.11,0.00,0.00,0.00,0.00,0.00,0.00
37944.50,5.62,1334.92,1.00,23.58,80.35,21.12,0.00,0.00,0.00,0.00,0.00,0.00
37950.50,5.63,1334.25,1.00,23.60,80.35,21.37,0.00,0.00,0.00,0.00,0.00,0.00
37956.50,5.64,1334.29,1.00,23.60,80.58,22.11,0.00,0.00,0.00,0.00,0.00,0.00
37962.50,5.62,1333.65,1.00,23.60,80.20,21.63,0.00,0.00,0.00,0.00,0.00,0.00
37968.50,5.62,1333.25,1.00,23.57,79.87,22.80,0.00,0.00,0.00,0.00,0.00,0.33
37974.50,5.67,1333.08,1.00,23.60,79.97,20.90,0.00,0.00,0.00,0.00,0.00,0.00
37980.50,5.66,1332.77,1.00,23.60,80.23,22.14,0.00,0.00,0.00,0.00,0.00,0.00
37986.50,5.69,1332.19,1.00,23.60,80.23,21.32,0.00,0.00,0.00,0.00,0.00,0.00
37992.50,5.67,1331.69,1.00,23.60,80.01,21.55,0.00,0.00,0.00,0.00,0.00,0.17
37998.50,5.66,1331.88,1.00,23.60,80.12,21.04,0.00,0.00,0.00,0.00,0.00,0.17
38004.50,5.64,1331.52,1.00,23.60,80.27,21.46,0.00,0.00,0.00,0.00,0.00,0.00
38010.50,5.66,1330.97,1.00,23.60,80.18,21.16,0.00,0.00,0.00,0.00,0.00,0.00
38016.50,5.64,1331.18,1.00,23.60,80.57,20.85,0.00,0.00,0.00,0.00,0.00,0.00
38022.50,5.65,1330.57,1.00,23.60,80.31,21.67,0.00,0.00,0.00,0.00,0.00,0.17
38028.50,5.64,1330.31,1.00,23.60,80.00,20.93,0.00,0.00,0.00,0.00,0.00,0.00
38034.50,5.65,1329.95,1.00,23.60,78.92,22.82,0.00,0.00,0.00,0.00,0.00,0.00
38040.50,5.67,1329.41,1.00,23.60,79.12,23.71,0.00,0.00,0.00,0.00,0.00,0.00
38046.50,5.61,1329.35,1.00,23.60,79.52,21.31,0.00,0.00,0.00,0.00,0.00,0.00
38052.50,5.65,1329.01,1.00,23.60,79.60,19.07,0.00,0.00,0.00,0.00,0.00,0.17
38058.50,5.63,1328.73,1.00,23.60,79.77,21.15,0.00,0.00,0.00,0.00,0.00,0.00
38064.50,5.66,1328.14,1.00,23.60,80.31,21.81,0.00,0.00,0.00,0.00,0.00,0.17
38070.50,5.69,1327.92,1.00,23.60,79.90,22.11,0.00,0.00,0.00,0.00,0.00,0.00
38076.50,5.64,1327.94,1.00,23.60,80.13,21.48,0.00,0.00,0.00,0.00,0.00,0.00
38082.50,5.61,1327.55,1.00,23.60,80.00,21.96,0.00,0.00,0.00,0.00,0.00,0.00
38088.50,5.66,1327.49,1.00,23.60,80.03,22.01,0.00,0.00,0.00,0.00,0.00,0.17
38094.50,5.66,1327.16,1.00,23.60,79.53,23.26,0.00,0.00,0.00,0.00,0.00,0.00
38100.50,5.64,1326.79,1.00,23.60,78.97,21.50,0.00,0.00,0.00,0.00,0.00,0.17
38106.50,5.66,1326.39,1.00,23.57,78.90,21.00,0.00,0.00,0.00,0.00,0.00,0.00
38112.50,5.68,1326.33,1.00,23.50,78.87,21.62,0.00,0.00,0.00,0.00,0.00,0.00
38118.50,5.65,1326.20,1.00,23.50,79.14,21.73,0.00,0.00,0.00,0.00,0.00,0.17
38124.50,5.69,1326.09,1.00,23.50,79.12,21.03,0.00,0.00,0.00,0.00,0.00,0.00
38130.50,5.67,1325.50,1.00,23.50,79.23,20.90,0.00,0.00,0.00,0.00,0.00,0.00
38136.50,5.64,1325.34,1.00,23.50,79.37,21.71,0.00,0.00,0.00,0.00,0.00,0.00
38142.50,5.66,1324.67,1.00,23.52,80.07,22.48,0.00,0.00,0.00,0.00,0.00,0.00
38148.50,5.65,1324.60,1.00,23.50,79.57,20.55,0.00,0.00,0.00,0.00,0.00,0.00
38154.50,5.64,1324.77,1.00,23.52,80.08,21.89,0.00,0.00,0.00,0.00,0.00,0.00
38160.50,5.67,1323.94,1.00,23.53,79.73,22.05,0.00,0.00,0.00,0.00,0.00,0.00
38166.50,5.62,1323.90,1.00,23.53,79.57,22.83,0.00,0.00,0.00,0.00,0.00,0.00
38172.50,5.68,1323.58,1.00,23.55,79.73,21.37,0.00,0.00,0.00,0.00,0.00,0.00
38178.50,5.70,1323.25,1.00,23.53,80.05,20.95,0.00,0.00,0.00,0.00,0.00,0.00
38184.50,5.63,1323.25,1.00,23.57,80.43,22.39,0.00,0.00,0.00,0.00,0.00,0.00
38190.50,5.67,1322.88,1.00,23.57,80.23,20.75,0.00,0.00,0.00,0.00,0.00,0.00
38196.50,5.68,1322.68,1.00,23.60,80.64,23.02,0.00,0.00,0.00,0.00,0.00,0.17
38202.50,5.69,1322.06,1.00,23.60,80.62,20.71,0.00,0.00,0.00,0.00,0.00,0.00
38208.50,5.69,1322.02,1.00,23.60,80.30,21.82,0.00,0.00,0.00,0.00,0.00,0.00
38214.50,5.65,1321.84,1.00,23.58,79.52,21.61,0.00,0.00,0.00,0.00,0.00,0.00
38220.50,5.70,1321.84,1.00,23.58,80.05,21.01,0.00,0.00,0.00,0.00,0.00,0.00
38226.50,5.67,1321.24,1.00,23.58,80.12,21.74,0.00,0.00,0.00,0.00,0.00,0.00
38232.50,5.66,1321.26,1.00,23.58,79.57,20.28,0.00,0.00,0.00,0.00,0.00,0.00
38238.50,5.68,1320.66,1.00,23.58,79.78,20.67,0.00,0.00,0.00,0.00,0.00,0.00
38244.50,5.68,1320.57,1.00,23.60,79.83,21.84,0.00,0.00,0.00,0.00,0.00,0.17
38250.50,5.66,1320.20,1.00,23.58,79.35,21.95,0.00,0.00,0.00,0.00,0.00,0.17
38256.50,5.71,1319.96,1.00,23.52,79.12,22.24,0.00,0.00,0.00,0.00,0.00,0.00
38262.50,5.70,1319.51,1.00,23.55,79.18,20.09,0.00,0.00,0.00,0.00,0.00,0.00
38268.50,5.66,1319.81,1.00,23.53,79.07,20.60,0.00,0.00,0.00,0.00,0.00,0.00
38274.50,5.68,1319.52,1.00,23.55,79.63,22.08,0.00,0.00,0.00,0.00,0.00,0.00
38280.50,5.69,1319.17,1.00,23.57,80.47,23.62,0.00,0.00,0.00,0.00,0.00,0.00
38286.50,5.68,1319.26,1.00,23.55,80.33,20.92,0.00,0.00,0.00,0.00,0.00,0.00
38292.50,5.67,1318.90,1.00,23.60,81.07,21.22,0.00,0.00,0.00,0.00,0.00,0.00
38298.50,5.70,1318.63,1.00,23.60,80.32,21.73,0.00,0.00,0.00,0.00,0.00,0.00
38304.50,5.67,1318.27,1.00,23.60,79.30,21.68,0.00,0.00,0.00,0.00,0.00,0.00
38310.50,5.69,1317.90,1.00,23.60,80.32,20.27,0.00,0.00,0.00,0.00,0.00,0.00
38316.50,5.67,1317.49,1.00,23.60,80.15,19.98,0.00,0.00,0.00,0.00,0.00,0.00
38322.50,5.70,1317.44,1.00,23.60,79.40,22.05,0.00,0.00,0.00,0.00,0.00,0.00
38328.50,5.71,1316.95,1.00,23.60,79.18,21.53,0.00,0.00,0.00,0.00,0.00,0.00
38334.50,5.67,1316.94,1.00,23.60,79.58,21.26,0.00,0.00,0.00,0.00,0.00,0.00
38340.50,5.67,1316.51,1.00,23.60,79.94,20.28,0.00,0.00,0.00,0.00,0.00,0.17
38346.50,5.68,1316.24,1.00,23.60,80.15,19.76,0.00,0.00,0.00,0.00,0.00,0.00
38352.50,5.71,1316.12,1.00,23.60,79.67,22.81,0.00,0.00,0.00,0.00,0.00,0.00
38358.50,5.67,1315.82,1.00,23.60,79.68,20.70,0.00,0.00,0.00,0.00,0.00,0.17
38364.50,5.70,1315.53,1.00,23.60,79.78,22.35,0.00,0.00,0.00,0.00,0.00,0.00
38370.50,5.73,1315.33,1.00,23.60,79.48,21.82,0.00,0.00,0.00,0.00,0.00,0.00
38376.50,5.74,1315.06,1.00,23.62,79.99,21.13,0.00,0.00,0.00,0.00,0.00,0.17
38382.50,5.69,1314.82,1.00,23.63,79.37,21.81,0.00,0.00,0.00,0.00,0.00,0.00
38388.50,5.66,1314.91,1.00,23.62,79.02,21.41,0.00,0.00,0.00,0.00,0.00,0.17
38394.50,5.67,1314.71,1.00,23.60,79.03,21.92,0.00,0.00,0.00,0.00,0.00,0.00
38400.50,5.69,1314.17,1.00,23.63,78.83,22.28,0.00,0.00,0.00,0.00,0.00,0.00
38406.50,5.70,1313.88,1.00,23.70,78.80,20.45,0.00,0.00,0.00,0.00,0.00,0.00
38412.50,5.70,1313.37,1.00,23.70,78.88,22.16,0.00,0.00,0.00,0.00,0.00,0.00
38418.50,5.65,1313.63,1.00,23.70,78.75,22.22,0.00,0.00,0.00,0.00,0.00,0.00
38424.50,5.71,1312.75,1.00,23.70,79.00,22.39,0.00,0.00,0.00,0.00,0.00,0.00
38430.50,5.68,1312.64,1.00,23.70,79.32,22.25,0.00,0.00,0.00,0.00,0.00,0.00
38436.50,5.68,1312.65,1.00,23.70,78.70,21.95,0.00,0.00,0.00,0.00,0.00,0.00
38442.50,5.70,1312.25,1.00,23.70,78.72,21.41,0.00,0.00,0.00,0.00,0.00,0.00
38448.50,5.69,1311.81,1.00,23.70,78.77,21.66,0.00,0.00,0.00,0.00,0.00,0.00
38454.50,5.69,1311.44,1.00,23.70,78.67,20.97,0.00,0.00,0.00,0.00,0.00,0.00
38460.50,5.68,1311.20,1.00,23.70,78.65,21.59,0.00,0.00,0.00,0.00,0.00,0.00
38466.50,5.69,1311.17,1.00,23.72,78.50,21.38,0.00,0.00,0.00,0.00,0.00,0.00
38468.25,5.70,1311.13,1.00,23.71,78.60,22.19,0.00,0.00,0.00,0.00,0.00,0.00
38470.00,5.71,1311.09,1.00,23.70,78.70,23.00,0.00,0.00,0.00,0.00,0.00,0.00
38470.05,5.71,1310.19,1.00,23.71,78.70,22.96,0.00,0.00,0.00,0.00,0.00,0.00
38470.11,5.71,1309.30,1.00,23.72,78.69,22.93,0.00,0.00,0.00,0.00,0.00,0.00
38470.16,5.71,1308.40,1.00,23.73,78.69,22.89,0.00,0.00,0.00,0.00,0.00,0.00
38470.22,5.71,1307.50,1.00,23.74,78.68,22.86,0.00,0.00,0.00,0.00,0.00,0.00
38470.27,5.71,1306.60,1.00,23.75,78.68,22.82,0.00,0.00,0.00,0.00,0.00,0.00
38470.33,5.71,1305.71,1.00,23.76,78.67,22.78,0.00,0.00,0.00,0.00,0.00,0.00
38470.38,5.71,1304.81,1.00,23.77,78.67,22.75,0.00,0.00,0.00,0.00,0.00,0.00
38470.44,5.71,1303.91,1.00,23.79,78.66,22.71,0.00,0.00,0.00,0.00,0.00,0.00
38470.49,5.71,1303.01,1.00,23.80,78.66,22.68,0.00,0.00,0.00,0.00,0.00,0.00
38470.55,5.71,1302.12,1.00,23.81,78.66,22.64,0.00,0.00,0.00,0.00,0.00,0.00
38470.60,5.71,1301.22,1.00,23.82,78.65,22.60,0.00,0.00,0.00,0.00,0.00,0.00
38470.66,5.71,1300.32,1.00,23.83,78.65,22.57,0.00,0.00,0.00,0.00,0.00,0.00
38470.71,5.71,1299.42,1.00,23.84,78.64,22.53,0.00,0.00,0.00,0.00,0.00,0.00
38470.77,5.71,1298.53,1.00,23.85,78.64,22.49,0.00,0.00,0.00,0.00,0.00,0.00
38470.82,5.71,1297.63,1.00,23.86,78.63,22.46,0.00,0.00,0.00,0.00,0.00,0.00
38470.88,5.71,1296.73,1.00,23.87,78.63,22.42,0.00,0.00,0.00,0.00,0.00,0.00
38470.93,5.72,1295.83,1.00,23.88,78.62,22.39,0.00,0.00,0.00,0.00,0.00,0.00
38470.98,5.72,1294.94,1.00,23.89,78.62,22.35,0.00,0.00,0.00,0.00,0.00,0.00
38471.04,5.72,1294.04,1.00,23.90,78.62,22.31,0.00,0.00,0.00,0.00,0.00,0.00
38471.09,5.72,1293.14,1.00,23.91,78.61,22.28,0.00,0.00,0.00,0.00,0.00,0.00
38471.15,5.72,1292.24,1.00,23.92,78.61,22.24,0.00,0.00,0.00,0.00,0.00,0.00
38471.20,5.72,1291.35,1.00,23.93,78.60,22.21,0.00,0.00,0.00,0.00,0.00,0.00
38471.26,5.72,1290.45,1.00,23.95,78.60,22.17,0.00,0.00,0.00,0.00,0.00,0.00
38471.31,5.72,1289.55,1.00,23.96,78.59,22.13,0.00,0.00,0.00,0.00,0.00,0.00
38471.37,5.72,1288.65,1.00,23.97,78.59,22.10,0.00,0.00,0.00,0.00,0.00,0.00
38471.42,5.72,1287.76,1.00,23.98,78.58,22.06,0.00,0.00,0.00,0.00,0.00,0.00
38471.48,5.72,1286.86,1.00,23.99,78.58,22.03,0.00,0.00,0.00,0.00,0.00,0.00
38471.53,5.72,1285.96,1.00,24.00,78.58,21.99,0.00,0.00,0.00,0.00,0.00,0.00
38471.59,5.72,1285.06,1.00,24.01,78.57,21.95,0.00,0.00,0.00,0.00,0.00,0.00
38471.64,5.72,1284.17,1.00,24.02,78.57,21.92,0.00,0.00,0.00,0.00,0.00,0.00
38471.70,5.72,1283.27,1.00,24.03,78.56,21.88,0.00,0.00,0.00,0.00,0.00,0.00
38471.75,5.72,1282.37,1.00,24.04,78.56,21.84,0.00,0.00,0.00,0.00,0.00,0.00
38471.80,5.72,1281.48,1.00,24.05,78.55,21.81,0.00,0.00,0.00,0.00,0.00,0.00
38471.86,5.72,1280.58,1.00,24.06,78.55,21.77,0.00,0.00,0.00,0.00,0.00,0.00
38471.91,5.72,1279.68,1.00,24.07,78.55,21.74,0.00,0.00,0.00,0.00,0.00,0.00
38471.97,5.72,1278.78,1.00,24.08,78.54,21.70,0.00,0.00,0.00,0.00,0.00,0.00
38472.02,5.72,1277.89,1.00,24.10,78.54,21.66,0.00,0.00,0.00,0.00,0.00,0.00
38472.08,5.72,1276.99,1.00,24.11,78.53,21.63,0.00,0.00,0.00,0.00,0.00,0.00
38472.13,5.72,1276.09,1.00,24.12,78.53,21.59,0.00,0.00,0.00,0.00,0.00,0.00
38472.19,5.72,1275.19,1.00,24.13,78.52,21.56,0.00,0.00,0.00,0.00,0.00,0.00
38472.24,5.72,1274.30,1.00,24.14,78.52,21.52,0.00,0.00,0.00,0.00,0.00,0.00
38472.30,5.72,1273.40,1.00,24.15,78.51,21.48,0.00,0.00,0.00,0.00,0.00,0.00
38472.35,5.72,1272.50,1.00,24.16,78.51,21.45,0.00,0.00,0.00,0.00,0.00,0.00
38472.41,5.72,1271.60,1.00,24.17,78.51,21.41,0.00,0.00,0.00,0.00,0.00,0.00
38472.46,5.72,1270.71,1.00,24.18,78.50,21.38,0.00,0.00,0.00,0.00,0.00,0.00
38472.52,5.72,1269.81,1.00,24.19,78.50,21.34,0.00,0.00,0.00,0.00,0.00,0.00
38472.57,5.72,1268.91,1.00,24.20,78.49,21.30,0.00,0.00,0.00,0.00,0.00,0.00
38472.62,5.73,1268.01,1.00,24.21,78.49,21.27,0.00,0.00,0.00,0.00,0.00,0.00
38472.68,5.73,1267.12,1.00,24.22,78.48,21.23,0.00,0.00,0.00,0.00,0.00,0.00
38472.73,5.73,1266.22,1.00,24.23,78.48,21.20,0.00,0.00,0.00,0.00,0.00,0.00
38472.79,5.73,1265.32,1.00,24.24,78.47,21.16,0.00,0.00,0.00,0.00,0.00,0.00
38472.84,5.73,1264.42,1.00,24.26,78.47,21.12,0.00,0.00,0.00,0.00,0.00,0.00
38472.90,5.73,1263.53,1.00,24.27,78.47,21.09,0.00,0.00,0.00,0.00,0.00,0.00
38472.95,5.73,1262.63,1.00,24.28,78.46,21.05,0.00,0.00,0.00,0.00,0.00,0.00
38473.01,5.73,1261.73,1.00,24.29,78.46,21.01,0.00,0.00,0.00,0.00,0.00,0.00
38473.06,5.73,1260.83,1.00,24.30,78.45,20.98,0.00,0.00,0.00,0.00,0.00,0.00
38473.12,5.73,1259.94,1.00,24.31,78.45,20.94,0.00,0.00,0.00,0.00,0.00,0.00
38473.17,5.73,1259.04,1.00,24.32,78.44,20.91,0.00,0.00,0.00,0.00,0.00,0.00
38473.23,5.73,1258.14,1.00,24.33,78.44,20.87,0.00,0.00,0.00,0.00,0.00,0.00
38473.28,5.73,1257.24,1.00,24.34,78.43,20.83,0.00,0.00,0.00,0.00,0.00,0.00
38473.34,5.73,1256.35,1.00,24.35,78.43,20.80,0.00,0.00,0.00,0.00,0.00,0.00
38473.39,5.73,1255.45,1.00,24.36,78.43,20.76,0.00,0.00,0.00,0.00,0.00,0.00
38473.45,5.73,1254.55,1.00,24.37,78.42,20.73,0.00,0.00,0.00,0.00,0.00,0.00
38473.50,5.73,1253.65,1.00,24.38,78.42,20.69,0.00,0.00,0.00,0.00,0.00,0.00
38477.00,5.70,1253.88,1.00,24.40,78.10,21.11,0.00,0.00,0.00,0.00,0.00,0.00
38480.50,5.72,1303.52,1.00,24.40,78.12,19.70,0.00,0.00,0.00,0.00,0.00,0.00
38486.50,5.70,1303.76,1.00,24.40,78.18,22.51,0.00,0.00,0.00,0.00,0.00,0.00
38492.50,5.72,1303.82,1.00,24.40,78.10,22.56,0.00,0.00,0.00,0.00,0.00,0.00
38498.50,5.71,1303.78,1.00,24.40,78.00,22.49,0.00,0.00,0.00,0.00,0.00,0.00
38504.50,5.68,1304.04,1.00,24.42,77.75,22.29,0.00,0.00,0.00,0.00,0.00,0.00
38510.50,5.73,1303.95,1.00,24.47,77.68,22.02,0.00,0.00,0.00,0.00,0.00,0.00
38516.50,5.70,1304.05,1.00,24.50,77.53,21.31,0.00,0.00,0.00,0.00,0.00,0.00
38522.50,5.73,1304.25,1.00,24.50,77.70,22.19,0.00,0.00,0.00,0.00,0.00,0.00
38528.50,5.70,1304.35,1.00,24.50,77.43,21.83,0.00,0.00,0.00,0.00,0.00,0.00
38534.50,5.72,1304.48,1.00,24.50,77.38,22.28,0.00,0.00,0.00,0.00,0.00,0.00
38540.50,5.72,1304.29,1.00,24.50,77.35,20.23,0.00,0.00,0.00,0.00,0.00,0.00
38546.50,5.72,1304.63,1.00,24.50,77.42,19.41,0.00,0.00,0.00,0.00,0.00,0.17
38552.50,5.68,1305.06,1.00,24.50,77.35,21.52,0.00,0.00,0.00,0.00,0.00,0.00
38558.50,5.71,1305.12,1.00,24.52,77.52,19.95,0.00,0.00,0.00,0.00,0.00,0.00
38564.50,5.72,1305.06,1.00,24.60,77.98,23.48,0.00,0.00,0.00,0.00,0.00,0.17
38570.50,5.73,1305.17,1.00,24.60,77.93,21.97,0.00,0.00,0.00,0.00,0.00,0.00
38576.50,5.71,1305.67,1.00,24.60,77.92,20.68,0.00,0.00,0.00,0.00,0.00,0.17
38582.50,5.73,1305.47,1.00,24.60,78.02,21.32,0.00,0.00,0.00,0.00,0.00,0.00
38588.50,5.74,1305.44,1.00,24.66,78.03,22.01,0.00,0.00,0.00,0.00,0.00,0.17
38594.50,5.74,1305.80,1.00,24.70,78.13,20.26,0.00,0.00,0.00,0.00,0.00,0.17
38600.50,5.71,1306.11,1.00,24.70,77.98,21.36,0.00,0.00,0.00,0.00,0.00,0.17
38606.50,5.71,1306.18,1.00,24.72,78.17,21.72,0.00,0.00,0.00,0.00,0.00,0.00
38612.50,5.72,1306.06,1.00,24.78,77.92,20.95,0.00,0.00,0.00,0.00,0.00,0.17
38618.50,5.71,1305.86,1.00,24.80,77.85,21.68,0.00,0.00,0.00,0.00,0.00,0.00
38624.50,5.70,1306.15,1.00,24.80,77.80,22.84,0.00,0.00,0.00,0.00,0.00,0.00
38630.50,5.71,1306.80,1.00,24.80,77.80,22.77,0.00,0.00,0.00,0.00,0.00,0.00
38636.50,5.71,1307.03,1.00,24.80,77.84,21.68,0.00,0.00,0.00,0.00,0.00,0.17
38642.50,5.72,1306.81,1.00,24.80,77.88,22.50,0.00,0.00,0.00,0.00,0.00,0.50
38648.50,5.72,1306.41,1.00,24.80,77.85,20.34,0.00,0.00,0.00,0.00,0.00,0.00
38654.50,5.72,1307.34,1.00,24.80,77.77,21.44,0.00,0.00,0.00,0.00,0.00,0.00
38660.50,5.70,1308.12,1.00,24.78,77.70,18.96,0.00,0.00,0.00,0.00,0.00,0.17
38666.50,5.71,1308.46,1.00,24.74,77.83,21.94,0.00,0.00,0.00,0.00,0.00,0.17
38672.50,5.70,1308.66,1.00,24.75,77.82,22.09,0.00,0.00,0.00,0.00,0.00,0.00
38678.50,5.72,1309.31,1.00,24.70,78.03,20.24,0.00,0.00,0.00,0.00,0.00,0.17
38684.50,5.70,1309.23,1.00,24.70,78.17,20.55,0.00,0.00,0.00,0.00,0.00,0.33
38690.50,5.71,1309.21,1.00,24.70,78.22,20.88,0.00,0.00,0.00,0.00,0.00,0.00
38696.50,5.74,1309.26,1.00,24.70,78.37,21.48,0.00,0.00,0.00,0.00,0.00,0.00
38702.50,5.73,1309.38,1.00,24.70,78.35,19.99,0.00,0.00,0.00,0.00,0.00,0.00
38708.50,5.70,1309.89,1.00,24.70,78.15,20.18,0.00,0.00,0.00,0.00,0.00,0.00
38714.50,5.72,1309.82,1.00,24.70,78.27,23.04,0.00,0.00,0.00,0.00,0.00,0.17
38720.50,5.70,1309.82,1.00,24.70,78.38,21.34,0.00,0.00,0.00,0.00,0.00,0.17
38726.50,5.73,1309.76,1.00,24.68,78.53,21.65,0.00,0.00,0.00,0.00,0.00,0.00
38732.50,5.71,1310.10,1.00,24.60,78.38,20.50,0.00,0.00,0.00,0.00,0.00,0.00
38738.50,5.71,1310.35,1.00,24.60,78.24,20.66,0.00,0.00,0.00,0.00,0.00,0.17
38744.50,5.69,1310.61,1.00,24.60,78.15,21.32,0.00,0.00,0.00,0.00,0.00,0.00
38750.50,5.69,1310.33,1.00,24.60,78.32,21.33,0.00,0.00,0.00,0.00,0.00,0.00
38756.50,5.70,1310.63,1.00,24.60,78.05,21.79,0.00,0.00,0.00,0.00,0.00,0.17
38762.50,5.68,1310.85,1.00,24.60,78.10,21.82,0.00,0.00,0.00,0.00,0.00,0.17
38768.50,5.73,1310.68,1.00,24.60,78.17,20.84,0.00,0.00,0.00,0.00,0.00,0.00
38774.50,5.73,1310.81,1.00,24.60,78.42,20.46,0.00,0.00,0.00,0.00,0.00,0.00
38780.50,5.71,1311.23,1.00,24.60,78.38,21.49,0.00,0.00,0.00,0.00,0.00,0.17
38786.50,5.71,1311.29,1.00,24.60,78.33,23.25,0.00,0.00,0.00,0.00,0.00,0.00
38792.50,5.69,1311.63,1.00,24.57,78.25,21.75,0.00,0.00,0.00,0.00,0.00,0.17
38798.50,5.71,1311.52,1.00,24.53,78.10,21.04,0.00,0.00,0.00,0.00,0.00,0.00
38804.50,5.68,1311.83,1.00,24.50,78.18,21.04,0.00,0.00,0.00,0.00,0.00,0.00
38810.50,5.72,1312.17,1.00,24.50,78.28,21.98,0.00,0.00,0.00,0.00,0.00,0.00
38816.50,5.71,1312.19,1.00,24.50,78.33,22.55,0.00,0.00,0.00,0.00,0.00,0.17
38822.50,5.71,1312.02,1.00,24.50,78.22,21.40,0.00,0.00,0.00,0.00,0.00,0.00
38828.50,5.71,1312.38,1.00,24.50,78.13,22.42,0.00,0.00,0.00,0.00,0.00,0.00
38834.50,5.70,1312.73,1.00,24.50,78.15,19.84,0.00,0.00,0.00,0.00,0.00,0.00
38840.50,5.68,1312.88,1.00,24.47,78.17,21.58,0.00,0.00,0.00,0.00,0.00,0.17
38846.50,5.69,1313.12,1.00,24.42,78.27,22.14,0.00,0.00,0.00,0.00,0.00,0.17
38852.50,5.73,1313.36,1.00,24.43,78.28,21.04,0.00,0.00,0.00,0.00,0.00,0.00
38858.50,5.69,1313.44,1.00,24.40,78.33,22.44,0.00,0.00,0.00,0.00,0.00,0.00
38864.50,5.72,1313.76,1.00,24.40,78.40,21.76,0.00,0.00,0.00,0.00,0.00,0.00
38870.50,5.73,1313.89,1.00,24.40,78.55,20.04,0.00,0.00,0.00,0.00,0.00,0.00
38876.50,5.69,1314.13,1.00,24.40,78.58,21.75,0.00,0.00,0.00,0.00,0.00,0.00
38882.50,5.69,1314.13,1.00,24.40,78.40,21.56,0.00,0.00,0.00,0.00,0.00,0.00
38888.50,5.67,1314.62,1.00,24.38,78.38,20.52,0.00,0.00,0.00,0.00,0.00,0.00
38894.50,5.68,1314.55,1.00,24.38,78.27,19.77,0.00,0.00,0.00,0.00,0.00,0.00
38900.50,5.67,1314.73,1.00,24.33,78.28,20.47,0.00,0.00,0.00,0.00,0.00,0.00
38906.50,5.71,1314.61,1.00,24.40,78.37,22.13,0.00,0.00,0.00,0.00,0.00,0.00
38912.50,5.74,1314.95,1.00,24.33,78.23,20.30,0.00,0.00,0.00,0.00,0.00,0.00
38918.50,5.71,1315.21,1.00,24.33,78.20,21.44,0.00,0.00,0.00,0.00,0.00,0.00
38924.50,5.68,1315.26,1.00,24.32,78.33,20.79,0.00,0.00,0.00,0.00,0.00,0.00
38930.50,5.68,1315.55,1.00,24.32,78.27,22.94,0.00,0.00,0.00,0.00,0.00,0.00
38936.50,5.72,1315.64,1.00,24.30,78.33,20.73,0.00,0.00,0.00,0.00,0.00,0.00
38942.50,5.71,1315.81,1.00,24.30,77.96,21.26,0.00,0.00,0.00,0.00,0.00,0.17
38948.50,5.68,1316.31,1.00,24.30,77.85,21.79,0.00,0.00,0.00,0.00,0.00,0.00
38954.50,5.66,1316.64,1.00,24.30,78.02,23.65,0.00,0.00,0.00,0.00,0.00,0.00
38960.50,5.67,1316.49,1.00,24.30,78.02,22.10,0.00,0.00,0.00,0.00,0.00,0.00
38966.50,5.71,1316.47,1.00,24.30,78.12,22.00,0.00,0.00,0.00,0.00,0.00,0.00
38972.50,5.70,1316.85,1.00,24.30,77.88,21.02,0.00,0.00,0.00,0.00,0.00,0.00
38978.50,5.68,1317.19,1.00,24.30,77.72,21.47,0.00,0.00,0.00,0.00,0.00,0.00
38984.50,5.67,1317.08,1.00,24.30,77.70,21.91,0.00,0.00,0.00,0.00,0.00,0.00
38990.50,5.68,1316.94,1.00,24.30,77.40,23.07,0.00,0.00,0.00,0.00,0.00,0.00
38996.50,5.67,1317.19,1.00,24.30,77.13,21.28,0.00,0.00,0.00,0.00,0.00,0.00
39002.50,5.73,1317.19,1.00,24.28,77.07,20.68,0.00,0.00,0.00,0.00,0.00,0.00
39008.50,5.66,1317.69,1.00,24.27,76.58,20.74,0.00,0.00,0.00,0.00,0.00,0.00
39014.50,5.70,1317.84,1.00,24.24,76.25,21.63,0.00,0.00,0.00,0.00,0.00,0.17
39020.50,5.67,1318.06,1.00,24.20,75.92,22.33,0.00,0.00,0.00,0.00,0.00,0.00
39026.50,5.71,1318.30,1.00,24.20,75.52,22.78,0.00,0.00,0.00,0.00,0.00,0.17
39032.50,5.65,1318.33,1.00,24.20,75.31,20.73,0.00,0.00,0.00,0.00,0.00,0.17
39038.50,5.70,1318.64,1.00,24.20,75.84,20.82,0.00,0.00,0.00,0.00,0.00,0.33
39044.50,5.67,1318.89,1.00,24.20,76.02,21.01,0.00,0.00,0.00,0.00,0.00,0.00
39050.50,5.66,1319.13,1.00,24.20,76.70,21.95,0.00,0.00,0.00,0.00,0.00,0.00
39056.50,5.70,1319.45,1.00,24.18,76.78,22.02,0.00,0.00,0.00,0.00,0.00,0.00
39062.50,5.64,1319.69,1.00,24.18,77.15,20.88,0.00,0.00,0.00,0.00,0.00,0.00
39068.50,5.70,1320.10,1.00,24.18,77.17,21.44,0.00,0.00,0.00,0.00,0.00,0.00
39074.50,5.69,1320.22,1.00,24.18,76.58,22.26,0.00,0.00,0.00,0.00,0.00,0.00
39080.50,5.67,1320.66,1.00,24.20,76.53,21.54,0.00,0.00,0.00,0.00,0.00,0.00
39086.50,5.70,1320.76,1.00,24.20,77.35,20.21,0.00,0.00,0.00,0.00,0.00,0.00
39092.50,5.71,1320.84,1.00,24.20,76.82,21.41,0.00,0.00,0.00,0.00,0.00,0.00
39098.50,5.67,1320.88,1.00,24.20,76.40,21.18,0.00,0.00,0.00,0.00,0.00,0.00
39104.50,5.69,1321.36,1.00,24.20,76.67,20.57,0.00,0.00,0.00,0.00,0.00,0.17
39110.50,5.70,1321.72,1.00,24.20,77.23,21.22,0.00,0.00,0.00,0.00,0.00,0.17
39116.50,5.69,1321.73,1.00,24.20,77.00,21.49,0.00,0.00,0.00,0.00,0.00,0.00
39122.50,5.70,1321.75,1.00,24.20,76.93,21.87,0.00,0.00,0.00,0.00,0.00,0.00
39128.50,5.69,1322.31,1.00,24.20,76.87,22.05,0.00,0.00,0.00,0.00,0.00,0.00
39134.50,5.69,1322.58,1.00,24.20,76.83,22.72,0.00,0.00,0.00,0.00,0.00,0.00
39140.50,5.72,1322.92,1.00,24.20,76.65,21.43,0.00,0.00,0.00,0.00,0.00,0.00
39146.50,5.69,1323.23,1.00,24.22,76.92,21.03,0.00,0.00,0.00,0.00,0.00,0.00
39152.50,5.73,1323.26,1.00,24.23,76.80,20.47,0.00,0.00,0.00,0.00,0.00,0.00
39158.50,5.67,1323.98,1.00,24.25,77.35,24.29,0.00,0.00,0.00,0.00,0.00,0.00
39164.50,5.66,1323.99,1.00,24.25,77.32,21.84,0.00,0.00,0.00,0.00,0.00,0.00
39170.50,5.71,1324.08,1.00,24.30,77.38,21.01,0.00,0.00,0.00,0.00,0.00,0.00
39176.50,5.67,1324.47,1.00,24.28,77.15,21.70,0.00,0.00,0.00,0.00,0.00,0.00
39182.50,5.67,1324.73,1.00,24.30,76.73,21.12,0.00,0.00,0.00,0.00,0.00,0.33
39188.50,5.68,1324.69,1.00,24.30,76.72,22.26,0.00,0.00,0.00,0.00,0.00,0.00
39194.50,5.67,1325.15,1.00,24.30,76.72,21.50,0.00,0.00,0.00,0.00,0.00,0.00
39200.50,5.67,1325.49,1.00,24.30,76.68,21.91,0.00,0.00,0.00,0.00,0.00,0.00
39206.50,5.68,1325.41,1.00,24.30,76.78,23.15,0.00,0.00,0.00,0.00,0.00,0.00
39212.50,5.66,1325.70,1.00,24.30,76.88,21.89,0.00,0.00,0.00,0.00,0.00,0.00
39218.50,5.68,1325.82,1.00,24.30,77.15,23.40,0.00,0.00,0.00,0.00,0.00,0.00
39224.50,5.66,1325.87,1.00,24.30,77.17,21.14,0.00,0.00,0.00,0.00,0.00,0.00
39230.50,5.69,1326.19,1.00,24.30,76.90,21.71,0.00,0.00,0.00,0.00,0.00,0.00
39236.50,5.65,1326.85,1.00,24.30,76.99,21.59,0.00,0.00,0.00,0.00,0.00,0.17
39242.50,5.68,1326.67,1.00,24.30,77.12,21.00,0.00,0.00,0.00,0.00,0.00,0.00
39248.50,5.68,1326.49,1.00,24.30,76.93,21.32,0.00,0.00,0.00,0.00,0.00,0.00
39254.50,5.69,1326.85,1.00,24.30,76.80,20.83,0.00,0.00,0.00,0.00,0.00,0.00
39260.50,5.68,1327.50,1.00,24.28,77.15,21.06,0.00,0.00,0.00,0.00,0.00,0.00
39266.50,5.66,1327.86,1.00,24.30,77.05,20.66,0.00,0.00,0.00,0.00,0.00,0.00
39272.50,5.68,1327.94,1.00,24.30,76.98,22.04,0.00,0.00,0.00,0.00,0.00,0.00
39278.50,5.67,1328.08,1.00,24.28,76.88,22.65,0.00,0.00,0.00,0.00,0.00,0.00
39284.50,5.66,1328.51,1.00,24.30,76.73,21.51,0.00,0.00,0.00,0.00,0.00,0.00
39290.50,5.70,1328.43,1.00,24.30,77.08,22.51,0.00,0.00,0.00,0.00,0.00,0.00
39296.50,5.68,1328.64,1.00,24.30,77.02,21.15,0.00,0.00,0.00,0.00,0.00,0.00
39302.50,5.66,1329.20,1.00,24.30,76.78,22.03,0.00,0.00,0.00,0.00,0.00,0.00
39308.50,5.66,1329.02,1.00,24.30,77.32,20.28,0.00,0.00,0.00,0.00,0.00,0.00
39314.50,5.65,1329.97,1.00,24.28,76.92,23.08,0.00,0.00,0.00,0.00,0.00,0.00
39320.50,5.68,1330.02,1.00,24.30,76.97,20.52,0.00,0.00,0.00,0.00,0.00,0.00
39326.50,5.66,1330.48,1.00,24.30,77.20,19.42,0.00,0.00,0.00,0.00,0.00,0.00
39332.50,5.70,1330.60,1.00,24.30,77.02,20.95,0.00,0.00,0.00,0.00,0.00,0.00
39338.50,5.64,1331.23,1.00,24.30,76.75,22.11,0.00,0.00,0.00,0.00,0.00,0.00
39344.50,5.67,1331.47,1.00,24.30,76.87,21.06,0.00,0.00,0.00,0.00,0.00,0.00
39350.50,5.68,1331.74,1.00,24.30,76.67,20.22,0.00,0.00,0.00,0.00,0.00,0.00
39356.50,5.65,1332.14,1.00,24.28,77.03,22.32,0.00,0.00,0.00,0.00,0.00,0.00
39362.50,5.66,1332.45,1.00,24.27,76.82,21.46,0.00,0.00,0.00,0.00,0.00,0.00
39368.50,5.68,1332.60,1.00,24.22,76.57,20.90,0.00,0.00,0.00,0.00,0.00,0.00
39374.50,5.67,1332.66,1.00,24.25,76.63,20.89,0.00,0.00,0.00,0.00,0.00,0.00
39380.50,5.67,1332.40,1.00,24.27,76.90,22.18,0.00,0.00,0.00,0.00,0.00,0.00
39386.50,5.68,1332.33,1.00,24.27,76.95,22.38,0.00,0.00,0.00,0.00,0.00,0.00
39392.50,5.71,1333.03,1.00,24.23,76.90,21.79,0.00,0.00,0.00,0.00,0.00,0.00
39398.50,5.63,1333.42,1.00,24.20,76.67,21.54,0.00,0.00,0.00,0.00,0.00,0.00
39404.50,5.70,1333.56,1.00,24.20,76.93,22.17,0.00,0.00,0.00,0.00,0.00,0.00
39410.50,5.68,1334.23,1.00,24.20,77.10,19.97,0.00,0.00,0.00,0.00,0.00,0.00
39416.50,5.68,1334.27,1.00,24.20,76.80,21.55,0.00,0.00,0.00,0.00,0.00,0.00
39422.50,5.66,1334.96,1.00,24.20,77.07,21.73,0.00,0.00,0.00,0.00,0.00,0.00
39428.50,5.68,1334.87,1.00,24.20,77.23,21.79,0.00,0.00,0.00,0.00,0.00,0.00
39434.50,5.68,1334.87,1.00,24.20,77.02,21.61,0.00,0.00,0.00,0.00,0.00,0.00
39440.50,5.67,1335.38,1.00,24.20,76.63,22.40,0.00,0.00,0.00,0.00,0.00,0.00
39446.50,5.65,1335.41,1.00,24.20,76.55,21.63,0.00,0.00,0.00,0.00,0.00,0.00
39452.50,5.68,1335.58,1.00,24.20,76.60,22.92,0.00,0.00,0.00,0.00,0.00,0.00
39458.50,5.64,1335.86,1.00,24.20,77.03,21.86,0.00,0.00,0.00,0.00,0.00,0.17
39464.50,5.68,1335.66,1.00,24.20,76.72,22.76,0.00,0.00,0.00,0.00,0.00,0.00
39470.50,5.65,1335.94,1.00,24.20,76.56,20.47,0.00,0.00,0.00,0.00,0.00,0.17
39476.50,5.66,1336.41,1.00,24.20,76.62,21.24,0.00,0.00,0.00,0.00,0.00,0.00
39482.50,5.66,1336.42,1.00,24.20,76.62,22.28,0.00,0.00,0.00,0.00,0.00,0.00
39488.50,5.68,1336.77,1.00,24.20,76.65,22.59,0.00,0.00,0.00,0.00,0.00,0.00
39494.50,5.65,1336.94,1.00,24.20,76.97,21.88,0.00,0.00,0.00,0.00,0.00,0.00
39500.50,5.66,1337.31,1.00,24.20,76.83,20.95,0.00,0.00,0.00,0.00,0.00,0.00
39506.50,5.65,1337.13,1.00,24.20,77.28,22.49,0.00,0.00,0.00,0.00,0.00,0.00
39512.50,5.69,1337.68,1.00,24.20,77.52,22.09,0.00,0.00,0.00,0.00,0.00,0.00
39518.50,5.67,1337.97,1.00,24.20,77.27,21.77,0.00,0.00,0.00,0.00,0.00,0.00
39524.50,5.65,1338.52,1.00,24.20,77.23,21.31,0.00,0.00,0.00,0.00,0.00,0.00
39530.50,5.68,1338.60,1.00,24.20,77.13,21.72,0.00,0.00,0.00,0.00,0.00,0.00
39536.50,5.67,1338.98,1.00,24.20,77.08,22.88,0.00,0.00,0.00,0.00,0.00,0.00
39542.50,5.68,1338.92,1.00,24.20,77.03,20.11,0.00,0.00,0.00,0.00,0.00,0.00
39548.50,5.66,1339.27,1.00,24.23,77.10,21.00,0.00,0.00,0.00,0.00,0.00,0.00
39554.50,5.65,1339.50,1.00,24.22,76.78,21.80,0.00,0.00,0.00,0.00,0.00,0.00
39559.50,5.66,1339.83,1.00,24.25,76.85,22.52,0.00,0.00,0.00,0.00,0.00,0.00
39562.50,5.67,1339.89,1.00,24.30,77.00,21.33,0.00,0.00,0.00,0.00,0.00,0.00
39563.75,5.68,1339.77,1.00,24.28,76.85,20.77,0.00,0.00,0.00,0.00,0.00,0.00
39565.00,5.69,1339.66,1.00,24.27,76.70,20.21,0.00,0.00,0.00,0.00,0.00,0.00
39569.50,5.68,1340.07,1.00,24.30,76.25,20.45,0.00,0.00,0.00,0.00,0.00,0.00
39575.50,5.66,1340.62,1.00,24.30,76.02,20.90,0.00,0.00,0.00,0.00,0.00,0.00
39581.50,5.67,1341.39,1.00,24.30,76.63,22.47,0.00,0.00,0.00,0.00,0.00,0.00
39587.50,5.69,1341.46,1.00,24.33,76.83,21.12,0.00,0.00,0.00,0.00,0.00,0.00
39593.50,5.70,1341.40,1.00,24.35,76.40,20.24,0.00,0.00,0.00,0.00,0.00,0.00
39599.50,5.68,1341.95,1.00,24.40,76.68,20.68,0.00,0.00,0.00,0.00,0.00,0.00
39605.50,5.67,1342.03,1.00,24.40,76.83,20.78,0.00,0.00,0.00,0.00,0.00,0.00
39611.50,5.68,1342.12,1.00,24.38,76.65,21.21,0.00,0.00,0.00,0.00,0.00,0.00
39617.50,5.68,1342.47,1.00,24.40,76.30,21.22,0.00,0.00,0.00,0.00,0.00,0.00
39623.50,5.70,1342.71,1.00,24.40,76.05,20.33,0.00,0.00,0.00,0.00,0.00,0.00
39629.50,5.69,1342.66,1.00,24.40,75.93,21.06,0.00,0.00,0.00,0.00,0.00,0.00
39635.50,5.67,1343.45,1.00,24.40,76.27,20.03,0.00,0.00,0.00,0.00,0.00,0.00
39641.50,5.69,1344.12,1.00,24.40,75.95,21.92,0.00,0.00,0.00,0.00,0.00,0.00
39647.50,5.66,1344.37,1.00,24.40,76.15,19.60,0.00,0.00,0.00,0.00,0.00,0.00
39653.50,5.69,1344.54,1.00,24.40,76.42,22.52,0.00,0.00,0.00,0.00,0.00,0.00
39659.50,5.67,1345.09,1.00,24.40,76.05,21.37,0.00,0.00,0.00,0.00,0.00,0.00
39665.50,5.66,1345.44,1.00,24.40,75.98,21.94,0.00,0.00,0.00,0.00,0.00,0.33
39671.50,5.68,1345.72,1.00,24.40,76.25,22.10,0.00,0.00,0.00,0.00,0.00,0.00
39677.50,5.66,1346.13,1.00,24.40,76.02,22.43,0.00,0.00,0.00,0.00,0.00,0.00
39683.50,5.67,1346.82,1.00,24.40,75.72,22.82,0.00,0.00,0.00,0.00,0.00,0.00
39689.50,5.69,1346.95,1.00,24.40,75.63,22.49,0.00,0.00,0.00,0.00,0.00,0.00
39695.50,5.66,1347.11,1.00,24.40,75.95,22.14,0.00,0.00,0.00,0.00,0.00,0.00
39701.50,5.66,1347.53,1.00,24.40,76.05,21.89,0.00,0.00,0.00,0.00,0.00,0.00
39707.50,5.67,1347.71,1.00,24.40,75.70,21.06,0.00,0.00,0.00,0.00,0.00,0.17
39713.50,5.67,1347.54,1.00,24.40,75.77,20.67,0.00,0.00,0.00,0.00,0.00,0.00
39719.50,5.69,1347.97,1.00,24.40,75.20,21.84,0.00,0.00,0.00,0.00,0.00,0.00
39725.50,5.67,1348.35,1.00,24.40,75.52,20.99,0.00,0.00,0.00,0.00,0.00,0.00
39731.50,5.66,1348.85,1.00,24.40,75.42,21.38,0.00,0.00,0.00,0.00,0.00,0.00
39737.50,5.69,1348.84,1.00,24.40,75.95,22.73,0.00,0.00,0.00,0.00,0.00,0.17
39743.50,5.67,1349.30,1.00,24.40,75.77,22.53,0.00,0.00,0.00,0.00,0.00,0.00
39749.50,5.68,1349.65,1.00,24.40,75.53,20.88,0.00,0.00,0.00,0.00,0.00,0.00
39755.50,5.67,1349.70,1.00,24.40,76.05,20.91,0.00,0.00,0.00,0.00,0.00,0.17
39761.50,5.69,1349.99,1.00,24.40,75.98,22.25,0.00,0.00,0.00,0.00,0.00,0.17
39767.50,5.69,1350.33,1.00,24.40,75.94,20.85,0.00,0.00,0.00,0.00,0.00,0.17
39773.50,5.70,1350.39,1.00,24.40,75.70,19.99,0.00,0.00,0.00,0.00,0.00,0.00
39779.50,5.67,1350.96,1.00,24.40,75.12,22.67,0.00,0.00,0.00,0.00,0.00,0.17
39785.50,5.70,1351.14,1.00,24.40,75.30,21.79,0.00,0.00,0.00,0.00,0.00,0.00
39791.50,5.71,1351.21,1.00,24.42,75.65,21.08,0.00,0.00,0.00,0.00,0.00,0.00
39797.50,5.68,1351.95,1.00,24.43,75.72,22.17,0.00,0.00,0.00,0.00,0.00,0.00
39803.50,5.68,1352.37,1.00,24.43,75.75,21.46,0.00,0.00,0.00,0.00,0.00,0.00
39809.50,5.68,1352.53,1.00,24.47,76.05,20.77,0.00,0.00,0.00,0.00,0.00,0.00
39815.50,5.68,1352.87,1.00,24.50,75.87,21.54,0.00,0.00,0.00,0.00,0.00,0.00
39821.50,5.68,1353.55,1.00,24.48,76.11,21.81,0.00,0.00,0.00,0.00,0.00,0.17
39827.50,5.67,1353.90,1.00,24.50,77.02,21.44,0.00,0.00,0.00,0.00,0.00,0.00
39833.50,5.66,1354.27,1.00,24.50,76.68,20.72,0.00,0.00,0.00,0.00,0.00,0.00
39839.50,5.66,1354.42,1.00,24.50,76.39,22.43,0.00,0.00,0.00,0.00,0.00,0.17
39845.50,5.66,1354.92,1.00,24.50,76.22,21.65,0.00,0.00,0.00,0.00,0.00,0.00
39851.50,5.64,1354.64,1.00,24.50,76.20,20.29,0.00,0.00,0.00,0.00,0.00,0.00
39857.50,5.69,1355.02,1.00,24.50,76.40,22.31,0.00,0.00,0.00,0.00,0.00,0.00
39863.50,5.70,1355.31,1.00,24.50,76.03,21.09,0.00,0.00,0.00,0.00,0.00,0.00
39869.50,5.68,1355.65,1.00,24.50,76.22,21.71,0.00,0.00,0.00,0.00,0.00,0.00
39875.50,5.68,1355.63,1.00,24.50,76.38,21.52,0.00,0.00,0.00,0.00,0.00,0.00
39881.50,5.68,1355.83,1.00,24.50,76.12,20.48,0.00,0.00,0.00,0.00,0.00,0.00
39887.50,5.68,1356.40,1.00,24.50,76.12,22.67,0.00,0.00,0.00,0.00,0.00,0.17
39893.50,5.69,1356.51,1.00,24.50,75.67,20.82,0.00,0.00,0.00,0.00,0.00,0.00
39899.50,5.66,1357.11,1.00,24.50,75.30,23.04,0.00,0.00,0.00,0.00,0.00,0.00
39905.50,5.68,1357.23,1.00,24.50,75.43,21.69,0.00,0.00,0.00,0.00,0.00,0.00
39911.50,5.68,1357.36,1.00,24.50,75.40,21.77,0.00,0.00,0.00,0.00,0.00,0.00
39917.50,5.69,1357.86,1.00,24.48,75.23,22.49,0.00,0.00,0.00,0.00,0.00,0.00
39923.50,5.68,1358.23,1.00,24.50,75.75,20.88,0.00,0.00,0.00,0.00,0.00,0.00
39929.50,5.71,1358.63,1.00,24.50,75.57,23.05,0.00,0.00,0.00,0.00,0.00,0.00
39935.50,5.69,1359.18,1.00,24.50,75.85,21.19,0.00,0.00,0.00,0.00,0.00,0.00
39941.50,5.66,1359.24,1.00,24.48,75.43,21.14,0.00,0.00,0.00,0.00,0.00,0.00
39947.50,5.67,1359.35,1.00,24.48,75.85,22.12,0.00,0.00,0.00,0.00,0.00,0.17
39953.50,5.67,1359.46,1.00,24.48,75.10,19.82,0.00,0.00,0.00,0.00,0.00,0.00
39959.50,5.70,1359.58,1.00,24.48,75.13,22.32,0.00,0.00,0.00,0.00,0.00,0.00
39965.50,5.65,1360.04,1.00,24.50,76.27,21.87,0.00,0.00,0.00,0.00,0.00,0.00
39971.50,5.67,1360.83,1.00,24.50,75.57,21.60,0.00,0.00,0.00,0.00,0.00,0.00
39977.50,5.66,1361.23,1.00,24.50,75.43,21.94,0.00,0.00,0.00,0.00,0.00,0.00
39983.50,5.67,1361.31,1.00,24.50,75.87,21.56,0.00,0.00,0.00,0.00,0.00,0.00
39989.50,5.68,1361.56,1.00,24.50,75.72,20.44,0.00,0.00,0.00,0.00,0.00,0.00
39995.50,5.68,1362.01,1.00,24.50,75.83,21.59,0.00,0.00,0.00,0.00,0.00,0.00
40001.50,5.66,1362.38,1.00,24.50,75.77,20.70,0.00,0.00,0.00,0.00,0.00,0.00
40007.50,5.64,1363.06,1.00,24.50,76.10,21.41,0.00,0.00,0.00,0.00,0.00,0.00
40013.50,5.70,1363.07,1.00,24.50,77.13,20.62,0.00,0.00,0.00,0.00,0.00,0.00
40019.50,5.68,1363.20,1.00,24.50,76.08,23.24,0.00,0.00,0.00,0.00,0.00,0.00
40025.50,5.67,1363.65,1.00,24.50,76.55,21.55,0.00,0.00,0.00,0.00,0.00,0.00
40031.50,5.67,1364.01,1.00,24.50,76.07,22.69,0.00,0.00,0.00,0.00,0.00,0.00
40037.50,5.66,1364.37,1.00,24.50,76.10,21.45,0.00,0.00,0.00,0.00,0.00,0.00
40043.50,5.70,1364.43,1.00,24.50,76.30,21.48,0.00,0.00,0.00,0.00,0.00,0.00
40049.50,5.67,1364.50,1.00,23.43,76.18,21.02,0.00,0.00,0.00,0.00,0.00,0.00
40055.50,5.65,1365.27,1.00,24.50,76.50,20.44,0.00,0.00,0.00,0.00,0.00,0.00
40061.50,5.65,1365.38,1.00,24.50,76.23,20.71,0.00,0.00,0.00,0.00,0.00,0.17
40067.50,5.65,1365.73,1.00,24.50,76.27,23.27,0.00,0.00,0.00,0.00,0.00,0.00
40073.50,5.70,1365.67,1.00,24.50,76.88,22.04,0.00,0.00,0.00,0.00,0.00,0.00
40079.50,5.65,1366.05,1.00,24.50,76.50,22.07,0.00,0.00,0.00,0.00,0.00,0.17
40085.50,5.64,1366.11,1.00,24.50,76.38,22.33,0.00,0.00,0.00,0.00,0.00,0.17
40091.50,5.65,1366.47,1.00,24.50,76.50,20.18,0.00,0.00,0.00,0.00,0.00,0.00
40097.50,5.66,1366.79,1.00,24.50,76.48,22.91,0.00,0.00,0.00,0.00,0.00,0.00
40103.50,5.67,1367.40,1.00,24.50,76.38,22.75,0.00,0.00,0.00,0.00,0.00,0.00
40109.50,5.64,1367.76,1.00,24.50,76.33,22.13,0.00,0.00,0.00,0.00,0.00,0.17
40115.50,5.67,1368.23,1.00,24.50,76.70,22.64,0.00,0.00,0.00,0.00,0.00,0.00
40121.50,5.67,1368.75,1.00,24.50,77.12,21.42,0.00,0.00,0.00,0.00,0.00,0.00
40127.50,5.67,1368.84,1.00,24.50,76.62,22.55,0.00,0.00,0.00,0.00,0.00,0.17
40133.50,5.66,1368.73,1.00,24.50,76.45,20.80,0.00,0.00,0.00,0.00,0.00,0.00
40139.50,5.66,1369.21,1.00,24.50,76.43,21.49,0.00,0.00,0.00,0.00,0.00,0.00
40145.50,5.64,1369.91,1.00,24.50,76.42,22.52,0.00,0.00,0.00,0.00,0.00,0.00
40150.50,5.66,1370.31,1.00,24.48,76.45,21.02,0.00,0.00,0.00,0.00,0.00,0.00
40155.50,5.67,1370.42,1.00,24.47,76.43,21.36,0.00,0.00,0.00,0.00,0.00,0.00
40161.50,5.66,1370.81,1.00,24.48,76.88,23.03,0.00,0.00,0.00,0.00,0.00,0.00
40167.50,5.67,1370.86,1.00,24.46,76.58,21.54,0.00,0.00,0.00,0.00,0.00,0.17
40173.50,5.65,1371.35,1.00,24.48,76.57,20.60,0.00,0.00,0.00,0.00,0.00,0.00
40179.50,5.68,1371.44,1.00,24.50,76.60,20.34,0.00,0.00,0.00,0.00,0.00,0.00
40185.50,5.64,1371.79,1.00,24.50,76.68,22.46,0.00,0.00,0.00,0.00,0.00,0.00
40191.50,5.68,1372.35,1.00,24.50,76.72,21.42,0.00,0.00,0.00,0.00,0.00,0.00
40197.50,5.67,1372.38,1.00,24.50,77.40,21.73,0.00,0.00,0.00,0.00,0.00,0.00
40203.50,5.67,1372.60,1.00,24.50,77.28,22.33,0.00,0.00,0.00,0.00,0.00,0.00
40209.50,5.66,1372.61,1.00,24.50,77.15,22.44,0.00,0.00,0.00,0.00,0.00,0.00
40215.50,5.66,1373.11,1.00,24.55,77.15,20.36,0.00,0.00,0.00,0.00,0.00,0.00
40221.50,5.67,1373.52,1.00,24.58,77.08,21.16,0.00,0.00,0.00,0.00,0.00,0.00
40227.50,5.67,1374.20,1.00,24.60,77.20,20.62,0.00,0.00,0.00,0.00,0.00,0.00
40233.50,5.65,1374.04,1.00,24.62,77.32,22.37,0.00,0.00,0.00,0.00,0.00,0.00
40239.50,5.68,1374.54,1.00,24.67,77.08,21.17,0.00,0.00,0.00,0.00,0.00,0.00
40245.50,5.66,1374.98,1.00,24.70,77.43,20.20,0.00,0.00,0.00,0.00,0.00,0.00
40251.50,5.68,1375.19,1.00,24.70,78.37,22.63,0.00,0.00,0.00,0.00,0.00,0.00
40257.50,5.65,1375.84,1.00,24.70,78.52,19.45,0.00,0.00,0.00,0.00,0.00,0.00
40263.50,5.66,1375.49,1.00,24.70,78.42,21.09,0.00,0.00,0.00,0.00,0.00,0.00
40269.50,5.67,1376.28,1.00,24.70,78.30,20.92,0.00,0.00,0.00,0.00,0.00,0.00
40275.50,5.66,1376.49,1.00,24.70,78.78,21.04,0.00,0.00,0.00,0.00,0.00,0.17
40281.50,5.68,1376.69,1.00,24.70,78.82,21.34,0.00,0.00,0.00,0.00,0.00,0.00
40287.50,5.66,1377.01,1.00,24.70,78.90,21.77,0.00,0.00,0.00,0.00,0.00,0.17
40293.50,5.67,1377.44,1.00,24.70,79.05,22.78,0.00,0.00,0.00,0.00,0.00,0.17
40299.50,5.67,1377.61,1.00,24.70,78.88,22.35,0.00,0.00,0.00,0.00,0.00,0.00
40305.50,5.66,1378.33,1.00,24.70,78.65,20.53,0.00,0.00,0.00,0.00,0.00,0.00
40311.50,5.66,1378.43,1.00,24.70,78.97,22.22,0.00,0.00,0.00,0.00,0.00,0.00
40317.50,5.67,1378.62,1.00,24.70,78.20,21.09,0.00,0.00,0.00,0.00,0.00,0.00
40323.50,5.64,1378.91,1.00,24.70,78.22,20.52,0.00,0.00,0.00,0.00,0.00,0.00
40329.50,5.66,1379.56,1.00,24.70,78.18,21.88,0.00,0.00,0.00,0.00,0.00,0.00
40335.50,5.65,1379.47,1.00,24.70,78.72,21.53,0.00,0.00,0.00,0.00,0.00,0.00
40341.50,5.65,1379.71,1.00,24.70,79.00,21.59,0.00,0.00,0.00,0.00,0.00,0.00
40347.50,5.66,1380.03,1.00,24.70,78.32,20.92,0.00,0.00,0.00,0.00,0.00,0.00
40353.50,5.65,1380.43,1.00,24.70,78.25,21.94,0.00,0.00,0.00,0.00,0.00,0.00
40359.50,5.64,1380.51,1.00,24.72,78.53,21.48,0.00,0.00,0.00,0.00,0.00,0.00
40365.50,5.64,1380.93,1.00,24.74,77.81,19.79,0.00,0.00,0.00,0.00,0.00,0.17
40371.50,5.68,1381.61,1.00,24.77,77.70,22.27,0.00,0.00,0.00,0.00,0.00,0.00
40377.50,5.67,1381.74,1.00,24.75,77.83,21.64,0.00,0.00,0.00,0.00,0.00,0.00
40383.50,5.67,1382.35,1.00,24.77,78.42,22.24,0.00,0.00,0.00,0.00,0.00,0.00
40389.50,5.63,1382.08,1.00,24.80,78.82,21.36,0.00,0.00,0.00,0.00,0.00,0.00
40395.50,5.67,1382.47,1.00,24.80,78.73,21.55,0.00,0.00,0.00,0.00,0.00,0.00
40401.50,5.68,1382.59,1.00,24.80,78.37,21.89,0.00,0.00,0.00,0.00,0.00,0.00
40407.50,5.62,1383.23,1.00,24.80,77.98,22.04,0.00,0.00,0.00,0.00,0.00,0.17
40413.50,5.66,1383.43,1.00,24.80,77.97,21.82,0.00,0.00,0.00,0.00,0.00,0.00
40419.50,5.65,1383.91,1.00,24.80,78.02,22.86,0.00,0.00,0.00,0.00,0.00,0.00
40425.50,5.65,1384.11,1.00,24.80,78.65,21.01,0.00,0.00,0.00,0.00,0.00,0.00
40431.50,5.64,1384.40,1.00,24.80,78.42,20.51,0.00,0.00,0.00,0.00,0.00,0.00
40437.50,5.63,1384.67,1.00,24.80,78.40,20.01,0.00,0.00,0.00,0.00,0.00,0.00
40443.50,5.66,1384.79,1.00,24.80,79.02,21.87,0.00,0.00,0.00,0.00,0.00,0.00
40449.50,5.67,1385.62,1.00,24.80,78.78,22.33,0.00,0.00,0.00,0.00,0.00,0.00
40455.50,5.64,1385.87,1.00,24.77,79.08,21.50,0.00,0.00,0.00,0.00,0.00,0.00
40461.50,5.65,1386.47,1.00,24.72,78.95,22.18,0.00,0.00,0.00,0.00,0.00,0.00
40467.50,5.65,1386.92,1.00,24.72,78.75,21.90,0.00,0.00,0.00,0.00,0.00,0.00
40473.50,5.66,1386.79,1.00,24.70,78.30,22.48,0.00,0.00,0.00,0.00,0.00,0.00
40479.00,5.65,1387.21,1.00,24.70,78.50,21.67,0.00,0.00,0.00,0.00,0.00,0.00
40484.00,5.66,1387.93,1.00,24.70,78.18,20.51,0.00,0.00,0.00,0.00,0.00,0.00
40489.50,5.67,1388.08,1.00,24.70,77.85,20.62,0.00,0.00,0.00,0.00,0.00,0.00
40495.00,5.63,1387.99,1.00,24.70,77.98,23.66,0.00,0.00,0.00,0.00,0.00,0.00
40500.50,5.65,1388.53,1.00,24.70,78.20,22.10,0.00,0.00,0.00,0.00,0.00,0.00
40506.50,5.67,1388.16,1.00,24.70,78.10,22.03,0.00,0.00,0.00,0.00,0.00,0.00
40512.50,5.62,1389.02,1.00,24.70,77.95,20.07,0.00,0.00,0.00,0.00,0.00,0.00
40518.50,5.67,1389.35,1.00,24.70,77.98,21.41,0.00,0.00,0.00,0.00,0.00,0.00
40524.50,5.64,1389.69,1.00,24.70,77.95,21.02,0.00,0.00,0.00,0.00,0.00,0.00
40530.50,5.65,1389.56,1.00,24.70,77.82,21.83,0.00,0.00,0.00,0.00,0.00,0.00
40536.50,5.64,1390.11,1.00,24.70,77.82,22.70,0.00,0.00,0.00,0.00,0.00,0.00
40542.50,5.64,1390.39,1.00,24.70,77.88,20.82,0.00,0.00,0.00,0.00,0.00,0.00
40548.50,5.63,1391.14,1.00,24.70,78.15,21.28,0.00,0.00,0.00,0.00,0.00,0.00
40554.50,5.66,1391.00,1.00,24.70,78.36,20.75,0.00,0.00,0.00,0.00,0.00,0.17
40560.50,5.63,1391.57,1.00,24.70,78.38,22.53,0.00,0.00,0.00,0.00,0.00,0.17
40566.50,5.65,1391.39,1.00,24.70,78.45,20.40,0.00,0.00,0.00,0.00,0.00,0.00
40572.50,5.65,1391.75,1.00,24.70,78.38,20.27,0.00,0.00,0.00,0.00,0.00,0.00
40578.50,5.68,1392.09,1.00,24.70,78.33,22.26,0.00,0.00,0.00,0.00,0.00,0.00
40584.50,5.65,1392.67,1.00,24.70,78.40,21.23,0.00,0.00,0.00,0.00,0.00,0.00
40590.50,5.65,1392.52,1.00,24.70,78.28,20.37,0.00,0.00,0.00,0.00,0.00,0.00
40596.50,5.67,1392.75,1.00,24.70,78.18,21.83,0.00,0.00,0.00,0.00,0.00,0.00
40602.50,5.64,1393.35,1.00,24.70,78.34,21.76,0.00,0.00,0.00,0.00,0.00,0.17
40608.50,5.66,1393.80,1.00,24.68,78.50,21.58,0.00,0.00,0.00,0.00,0.00,0.00
40614.50,5.66,1394.22,1.00,24.70,78.58,20.58,0.00,0.00,0.00,0.00,0.00,0.33
40620.50,5.66,1393.94,1.00,24.66,78.67,21.80,0.00,0.00,0.00,0.00,0.00,0.17
40626.50,5.64,1394.39,1.00,24.68,78.73,22.36,0.00,0.00,0.00,0.00,0.00,0.00
40632.50,5.66,1395.25,1.00,24.62,78.67,20.70,0.00,0.00,0.00,0.00,0.00,0.00
40638.50,5.64,1396.28,1.00,24.62,78.28,20.79,0.00,0.00,0.00,0.00,0.00,0.00
40644.50,5.66,1396.57,1.00,24.65,78.35,22.60,0.00,0.00,0.00,0.00,0.00,0.00
40650.50,5.64,1396.74,1.00,24.63,78.30,22.78,0.00,0.00,0.00,0.00,0.00,0.00
40656.50,5.64,1396.69,1.00,24.62,78.33,22.20,0.00,0.00,0.00,0.00,0.00,0.00
40662.50,5.66,1396.87,1.00,24.62,78.48,22.03,0.00,0.00,0.00,0.00,0.00,0.00
40668.50,5.64,1396.97,1.00,24.60,78.35,21.98,0.00,0.00,0.00,0.00,0.00,0.00
40674.50,5.64,1397.12,1.00,24.60,78.00,22.06,0.00,0.00,0.00,0.00,0.00,0.00
40680.50,5.64,1397.20,1.00,24.60,77.85,20.43,0.00,0.00,0.00,0.00,0.00,0.33
40686.50,5.64,1397.91,1.00,24.60,77.90,21.28,0.00,0.00,0.00,0.00,0.00,0.00
40692.50,5.65,1397.84,1.00,24.60,78.27,22.04,0.00,0.00,0.00,0.00,0.00,0.00
40698.50,5.71,1397.40,1.00,24.60,78.22,21.06,0.00,0.00,0.00,0.00,0.00,0.00
40704.50,5.67,1394.84,1.00,24.63,78.77,22.77,0.00,0.00,0.00,0.00,0.00,0.00
40710.50,5.71,1397.01,1.00,24.68,78.30,21.70,0.00,0.00,0.00,0.00,0.00,0.00
40716.50,5.66,1399.58,1.00,24.68,78.30,20.98,0.00,0.00,0.00,0.00,0.00,0.17
40722.50,5.70,1402.69,1.00,24.70,78.23,21.03,0.00,0.00,0.00,0.00,0.00,0.00
40728.50,5.71,1406.43,1.00,24.70,78.22,22.29,0.00,0.00,0.00,0.00,0.00,0.00
40734.50,5.66,1410.02,1.00,24.70,78.58,22.30,0.00,0.00,0.00,0.00,0.00,0.00
40740.50,5.66,1412.49,1.00,24.70,78.55,21.64,0.00,0.00,0.00,0.00,0.00,0.00
40746.50,5.68,1415.01,1.00,24.68,78.43,21.70,0.00,0.00,0.00,0.00,0.00,0.00
40752.50,5.67,1416.22,1.00,24.67,78.52,21.29,0.00,0.00,0.00,0.00,0.00,0.00
40758.50,5.66,1417.56,1.00,24.70,78.97,20.65,0.00,0.00,0.00,0.00,0.00,0.00
40764.50,5.65,1419.05,1.00,24.63,78.70,21.50,0.00,0.00,0.00,0.00,0.00,0.00
40770.50,5.66,1420.18,1.00,24.62,78.27,21.33,0.00,0.00,0.00,0.00,0.00,0.00
40776.50,5.66,1421.02,1.00,24.60,78.27,22.49,0.00,0.00,0.00,0.00,0.00,0.00
40782.50,5.64,1422.31,1.00,24.60,78.13,21.07,0.00,0.00,0.00,0.00,0.00,0.00
40788.50,5.63,1423.29,1.00,24.60,78.49,22.88,0.00,0.00,0.00,0.00,0.00,0.17
40794.50,5.63,1423.83,1.00,24.60,78.38,20.57,0.00,0.00,0.00,0.00,0.00,0.00
40800.50,5.64,1424.43,1.00,24.60,78.62,20.97,0.00,0.00,0.00,0.00,0.00,0.00
40806.50,5.66,1424.91,1.00,24.60,78.92,20.78,0.00,0.00,0.00,0.00,0.00,0.00
40812.50,5.62,1425.55,1.00,24.60,79.27,21.16,0.00,0.00,0.00,0.00,0.00,0.00
40818.50,5.60,1426.06,1.00,24.60,78.73,21.04,0.00,0.00,0.00,0.00,0.00,0.00
40824.50,5.63,1426.77,1.00,24.58,78.82,21.76,0.00,0.00,0.00,0.00,0.00,0.00
40830.50,5.62,1427.46,1.00,24.57,79.12,22.89,0.00,0.00,0.00,0.00,0.00,0.17
40836.50,5.64,1427.43,1.00,24.53,78.95,19.94,0.00,0.00,0.00,0.00,0.00,0.00
40842.50,5.65,1427.95,1.00,24.57,79.48,20.73,0.00,0.00,0.00,0.00,0.00,0.00
40848.50,5.63,1428.77,1.00,24.58,79.62,22.38,0.00,0.00,0.00,0.00,0.00,0.00
40854.50,5.61,1428.89,1.00,24.51,79.42,20.07,0.00,0.00,0.00,0.00,0.00,0.17
40860.50,5.64,1429.51,1.00,24.55,79.83,21.64,0.00,0.00,0.00,0.00,0.00,0.00
40866.50,5.61,1430.14,1.00,24.52,80.05,22.44,0.00,0.00,0.00,0.00,0.00,0.00
40872.50,5.62,1430.28,1.00,24.50,79.53,21.44,0.00,0.00,0.00,0.00,0.00,0.00
40878.50,5.61,1430.59,1.00,24.53,79.23,22.66,0.00,0.00,0.00,0.00,0.00,0.00
40884.50,5.62,1430.99,1.00,24.50,79.43,20.28,0.00,0.00,0.00,0.00,0.00,0.00
40890.50,5.61,1431.47,1.00,24.50,79.65,21.59,0.00,0.00,0.00,0.00,0.00,0.00
40896.50,5.61,1431.95,1.00,24.50,79.42,21.01,0.00,0.00,0.00,0.00,0.00,0.00
40900.50,5.60,1432.15,1.00,24.50,79.30,22.87,0.00,0.00,0.00,0.00,0.00,0.00
40903.00,5.63,1431.73,1.00,24.53,79.77,23.40,0.00,0.00,0.00,0.00,0.00,0.00
40907.50,5.62,1432.58,1.00,24.50,79.47,23.64,0.00,0.00,0.00,0.00,0.00,0.00
40913.50,5.62,1432.85,1.00,24.50,79.95,22.12,0.00,0.00,0.00,0.00,0.00,0.00
40919.50,5.61,1433.09,1.00,24.52,79.57,21.24,0.00,0.00,0.00,0.00,0.00,0.00
40925.50,5.60,1433.29,1.00,24.50,79.35,22.35,0.00,0.00,0.00,0.00,0.00,0.00
40931.50,5.62,1433.82,1.00,24.50,79.83,21.34,0.00,0.00,0.00,0.00,0.00,0.00
40937.50,5.58,1434.21,1.00,24.50,79.43,20.84,0.00,0.00,0.00,0.00,0.00,0.17
40943.50,5.60,1434.57,1.00,24.50,79.73,20.70,0.00,0.00,0.00,0.00,0.00,0.00
40949.50,5.58,1434.98,1.00,24.50,79.52,21.46,0.00,0.00,0.00,0.00,0.00,0.17
40955.50,5.60,1434.83,1.00,24.50,79.97,21.86,0.00,0.00,0.00,0.00,0.00,0.00
40961.50,5.61,1435.25,1.00,24.50,80.09,22.78,0.00,0.00,0.00,0.00,0.00,0.17
40967.50,5.58,1435.68,1.00,24.50,79.45,22.98,0.00,0.00,0.00,0.00,0.00,0.00
40973.50,5.58,1435.83,1.00,24.50,79.87,21.67,0.00,0.00,0.00,0.00,0.00,0.00
40979.50,5.60,1436.24,1.00,24.50,79.68,22.58,0.00,0.00,0.00,0.00,0.00,0.00
40985.50,5.61,1436.48,1.00,24.50,79.80,21.81,0.00,0.00,0.00,0.00,0.00,0.00
40991.50,5.58,1436.53,1.00,24.50,79.55,22.13,0.00,0.00,0.00,0.00,0.00,0.00
40997.50,5.59,1436.63,1.00,24.50,79.78,21.47,0.00,0.00,0.00,0.00,0.00,0.00
41003.50,5.58,1437.18,1.00,24.50,79.67,21.07,0.00,0.00,0.00,0.00,0.00,0.00
41009.50,5.58,1437.29,1.00,24.50,80.03,19.52,0.00,0.00,0.00,0.00,0.00,0.00
41015.50,5.60,1437.39,1.00,24.50,79.95,21.79,0.00,0.00,0.00,0.00,0.00,0.00
41021.50,5.55,1438.02,1.00,24.50,80.17,21.47,0.00,0.00,0.00,0.00,0.00,0.17
41027.50,5.58,1437.90,1.00,24.50,80.23,21.46,0.00,0.00,0.00,0.00,0.00,0.00
41033.50,5.55,1438.23,1.00,24.50,80.13,19.40,0.00,0.00,0.00,0.00,0.00,0.00
41039.50,5.59,1438.44,1.00,24.50,80.18,23.03,0.00,0.00,0.00,0.00,0.00,0.00
41045.50,5.58,1438.31,1.00,24.50,80.03,22.51,0.00,0.00,0.00,0.00,0.00,0.00
41051.50,5.54,1438.99,1.00,24.50,79.92,21.81,0.00,0.00,0.00,0.00,0.00,0.00
41057.50,5.55,1439.01,1.00,24.50,79.85,20.91,0.00,0.00,0.00,0.00,0.00,0.00
41063.50,5.58,1439.08,1.00,24.50,79.49,21.75,0.00,0.00,0.00,0.00,0.00,0.17
41069.50,5.55,1439.29,1.00,24.50,78.95,20.74,0.00,0.00,0.00,0.00,0.00,0.17
41075.50,5.57,1439.64,1.00,24.50,78.68,22.41,0.00,0.00,0.00,0.00,0.00,0.17
41081.50,5.61,1439.65,1.00,24.50,78.50,20.90,0.00,0.00,0.00,0.00,0.00,0.00
41087.50,5.55,1440.34,1.00,24.50,78.60,22.54,0.00,0.00,0.00,0.00,0.00,0.00
41093.50,5.56,1439.91,1.00,24.50,78.77,20.52,0.00,0.00,0.00,0.00,0.00,0.17
41099.50,5.58,1440.48,1.00,24.50,79.67,22.00,0.00,0.00,0.00,0.00,0.00,0.00
41105.50,5.57,1440.56,1.00,24.50,79.85,23.17,0.00,0.00,0.00,0.00,0.00,0.00
41111.50,5.58,1441.11,1.00,24.50,79.97,21.64,0.00,0.00,0.00,0.00,0.00,0.00
41117.50,5.58,1441.25,1.00,24.50,79.48,22.28,0.00,0.00,0.00,0.00,0.00,0.00
41123.50,5.58,1441.29,1.00,24.50,80.22,20.74,0.00,0.00,0.00,0.00,0.00,0.00
41129.50,5.56,1441.62,1.00,24.50,79.78,22.16,0.00,0.00,0.00,0.00,0.00,0.00
41135.50,5.58,1441.75,1.00,24.50,80.08,21.02,0.00,0.00,0.00,0.00,0.00,0.00
41141.50,5.56,1441.85,1.00,24.50,80.35,20.03,0.00,0.00,0.00,0.00,0.00,0.00
41147.50,5.55,1442.12,1.00,24.50,80.55,23.71,0.00,0.00,0.00,0.00,0.00,0.00
41153.50,5.58,1442.14,1.00,24.50,80.27,20.57,0.00,0.00,0.00,0.00,0.00,0.00
41159.50,5.58,1442.46,1.00,24.48,79.97,20.58,0.00,0.00,0.00,0.00,0.00,0.00
41165.50,5.57,1442.72,1.00,24.48,79.88,22.71,0.00,0.00,0.00,0.00,0.00,0.00
41171.50,5.54,1443.20,1.00,24.50,79.72,20.36,0.00,0.00,0.00,0.00,0.00,0.00
41177.50,5.55,1443.46,1.00,24.50,79.90,20.84,0.00,0.00,0.00,0.00,0.00,0.33
41183.50,5.59,1443.03,1.00,24.50,80.42,22.50,0.00,0.00,0.00,0.00,0.00,0.00
41189.50,5.58,1443.48,1.00,24.47,79.58,22.22,0.00,0.00,0.00,0.00,0.00,0.00
41195.50,5.57,1443.63,1.00,24.40,78.75,22.83,0.00,0.00,0.00,0.00,0.00,0.00
41201.00,5.58,1444.02,1.00,24.40,78.62,22.42,0.00,0.00,0.00,0.00,0.00,0.00
41206.00,5.53,1444.49,1.00,24.40,78.60,21.14,0.00,0.00,0.00,0.00,0.00,0.00
41211.50,5.57,1444.52,1.00,24.40,78.75,21.49,0.00,0.00,0.00,0.00,0.00,0.00
41217.50,5.57,1444.45,1.00,24.40,79.18,21.87,0.00,0.00,0.00,0.00,0.00,0.00
41223.50,5.56,1444.91,1.00,24.40,79.07,22.49,0.00,0.00,0.00,0.00,0.00,0.00
41229.50,5.52,1444.93,1.00,24.40,79.12,20.49,0.00,0.00,0.00,0.00,0.00,0.17
41235.50,5.54,1445.23,1.00,24.40,79.10,21.34,0.00,0.00,0.00,0.00,0.00,0.00
41241.50,5.56,1445.26,1.00,24.37,79.07,21.34,0.00,0.00,0.00,0.00,0.00,0.00
41247.50,5.57,1445.52,1.00,24.38,79.00,21.43,0.00,0.00,0.00,0.00,0.00,0.17
41253.50,5.57,1445.83,1.00,24.32,79.08,20.13,0.00,0.00,0.00,0.00,0.00,0.00
41259.50,5.53,1445.89,1.00,24.32,78.95,22.27,0.00,0.00,0.00,0.00,0.00,0.00
41265.50,5.54,1446.30,1.00,24.30,78.92,20.77,0.00,0.00,0.00,0.00,0.00,0.00
41271.50,5.55,1446.14,1.00,24.30,78.90,20.29,0.00,0.00,0.00,0.00,0.00,0.00
41277.50,5.55,1446.77,1.00,24.30,78.88,21.96,0.00,0.00,0.00,0.00,0.00,0.00
41283.50,5.58,1446.67,1.00,24.30,79.10,22.40,0.00,0.00,0.00,0.00,0.00,0.17
41289.50,5.58,1447.15,1.00,24.30,79.15,22.54,0.00,0.00,0.00,0.00,0.00,0.00
41295.50,5.55,1447.61,1.00,24.30,79.12,21.57,0.00,0.00,0.00,0.00,0.00,0.00
41301.50,5.58,1447.59,1.00,24.28,79.15,20.13,0.00,0.00,0.00,0.00,0.00,0.00
41307.50,5.56,1447.93,1.00,24.25,79.17,20.25,0.00,0.00,0.00,0.00,0.00,0.00
41313.50,5.59,1448.01,1.00,24.23,79.25,20.59,0.00,0.00,0.00,0.00,0.00,0.00
41319.50,5.57,1447.85,1.00,24.20,79.25,21.09,0.00,0.00,0.00,0.00,0.00,0.00
41325.50,5.56,1448.54,1.00,24.20,79.20,23.07,0.00,0.00,0.00,0.00,0.00,0.00
41331.50,5.54,1448.71,1.00,24.20,79.07,20.98,0.00,0.00,0.00,0.00,0.00,0.00
41337.50,5.56,1449.10,1.00,24.20,79.00,22.19,0.00,0.00,0.00,0.00,0.00,0.00
41343.50,5.55,1449.15,1.00,24.20,79.08,20.13,0.00,0.00,0.00,0.00,0.00,0.00
41349.50,5.54,1449.09,1.00,24.20,79.20,21.98,0.00,0.00,0.00,0.00,0.00,0.00
41355.50,5.57,1449.81,1.00,24.20,79.23,22.18,0.00,0.00,0.00,0.00,0.00,0.00
41361.50,5.55,1449.69,1.00,24.20,79.33,21.06,0.00,0.00,0.00,0.00,0.00,0.00
41367.50,5.52,1450.19,1.00,24.20,79.28,22.15,0.00,0.00,0.00,0.00,0.00,0.00
41373.50,5.58,1450.47,1.00,24.20,79.33,20.11,0.00,0.00,0.00,0.00,0.00,0.17
41379.50,5.57,1450.52,1.00,24.17,79.40,22.08,0.00,0.00,0.00,0.00,0.00,0.00
41385.50,5.57,1450.62,1.00,24.15,79.28,22.44,0.00,0.00,0.00,0.00,0.00,0.00
41391.50,5.53,1450.91,1.00,24.12,79.23,19.94,0.00,0.00,0.00,0.00,0.00,0.00
41397.50,5.57,1451.43,1.00,24.10,79.25,22.24,0.00,0.00,0.00,0.00,0.00,0.00
41403.50,5.55,1451.69,1.00,24.10,79.32,21.98,0.00,0.00,0.00,0.00,0.00,0.17
41409.50,5.54,1451.92,1.00,24.10,79.17,22.68,0.00,0.00,0.00,0.00,0.00,0.00
41415.50,5.58,1452.26,1.00,24.10,79.22,22.81,0.00,0.00,0.00,0.00,0.00,0.00
41421.50,5.55,1452.38,1.00,24.10,79.20,20.55,0.00,0.00,0.00,0.00,0.00,0.00
41427.50,5.55,1452.72,1.00,24.10,79.18,23.53,0.00,0.00,0.00,0.00,0.00,0.00
41433.50,5.58,1452.94,1.00,24.10,79.23,22.86,0.00,0.00,0.00,0.00,0.00,0.00
41439.50,5.56,1453.35,1.00,24.10,79.28,20.74,0.00,0.00,0.00,0.00,0.00,0.17
41445.50,5.55,1453.37,1.00,24.10,79.43,22.69,0.00,0.00,0.00,0.00,0.00,0.00
41450.50,5.56,1453.80,1.00,24.10,79.30,22.57,0.00,0.00,0.00,0.00,0.00,0.00
41455.50,5.55,1453.99,1.00,24.10,79.75,21.63,0.00,0.00,0.00,0.00,0.00,0.00
41461.50,5.56,1454.11,1.00,24.10,79.75,21.91,0.00,0.00,0.00,0.00,0.00,0.00
41467.50,5.55,1454.62,1.00,24.08,79.58,21.32,0.00,0.00,0.00,0.00,0.00,0.00
41473.50,5.57,1454.57,1.00,24.10,79.35,22.52,0.00,0.00,0.00,0.00,0.00,0.17
41479.50,5.58,1455.18,1.00,24.05,79.25,23.77,0.00,0.00,0.00,0.00,0.00,0.00
41485.50,5.59,1455.19,1.00,24.05,79.20,20.53,0.00,0.00,0.00,0.00,0.00,0.00
41491.50,5.56,1455.86,1.00,24.05,79.15,22.51,0.00,0.00,0.00,0.00,0.00,0.00
41497.50,5.55,1455.49,1.00,24.07,79.13,22.32,0.00,0.00,0.00,0.00,0.00,0.00
41503.50,5.55,1456.19,1.00,24.00,79.12,21.45,0.00,0.00,0.00,0.00,0.00,0.17
41509.50,5.57,1456.23,1.00,24.00,79.47,20.54,0.00,0.00,0.00,0.00,0.00,0.00
41515.50,5.52,1456.68,1.00,24.00,79.57,21.74,0.00,0.00,0.00,0.00,0.00,0.00
41521.50,5.56,1456.93,1.00,24.00,79.50,21.64,0.00,0.00,0.00,0.00,0.00,0.00
41527.50,5.53,1457.25,1.00,24.00,79.50,21.36,0.00,0.00,0.00,0.00,0.00,0.00
41533.50,5.53,1457.44,1.00,24.00,79.45,21.52,0.00,0.00,0.00,0.00,0.00,0.00
41539.50,5.55,1457.70,1.00,24.00,79.25,19.74,0.00,0.00,0.00,0.00,0.00,0.17
41545.50,5.56,1458.17,1.00,24.00,79.27,21.47,0.00,0.00,0.00,0.00,0.00,0.00
41551.50,5.54,1458.35,1.00,24.00,79.48,21.16,0.00,0.00,0.00,0.00,0.00,0.00
41557.50,5.55,1458.46,1.00,24.02,79.83,22.61,0.00,0.00,0.00,0.00,0.00,0.00
41563.50,5.55,1458.84,1.00,24.10,79.63,22.04,0.00,0.00,0.00,0.00,0.00,0.00
41569.50,5.55,1459.42,1.00,24.10,79.52,21.89,0.00,0.00,0.00,0.00,0.00,0.00
41575.50,5.54,1459.80,1.00,24.08,79.45,20.59,0.00,0.00,0.00,0.00,0.00,0.00
41581.50,5.55,1459.74,1.00,24.10,79.57,19.87,0.00,0.00,0.00,0.00,0.00,0.00
41587.50,5.54,1460.06,1.00,24.10,79.63,20.71,0.00,0.00,0.00,0.00,0.00,0.00
41593.50,5.56,1460.24,1.00,24.10,79.67,20.68,0.00,0.00,0.00,0.00,0.00,0.17
41598.50,5.53,1460.65,1.00,24.10,79.72,20.69,0.00,0.00,0.00,0.00,0.00,0.00
41603.00,5.58,1460.72,1.00,24.10,79.90,22.51,0.00,0.00,0.00,0.00,0.00,0.00
41608.50,5.58,1460.87,1.00,24.10,80.05,22.07,0.00,0.00,0.00,0.00,0.00,0.17
41614.50,5.55,1461.58,1.00,24.10,79.97,21.32,0.00,0.00,0.00,0.00,0.00,0.17
41620.50,5.55,1461.82,1.00,24.10,79.72,23.86,0.00,0.00,0.00,0.00,0.00,0.00
41626.50,5.57,1462.11,1.00,24.10,79.53,21.77,0.00,0.00,0.00,0.00,0.00,0.00
41632.50,5.55,1462.45,1.00,24.10,79.82,19.86,0.00,0.00,0.00,0.00,0.00,0.00
41638.50,5.54,1462.52,1.00,24.10,79.60,21.20,0.00,0.00,0.00,0.00,0.00,0.00
41644.00,5.56,1208.89,1.00,24.10,79.77,22.48,0.00,0.00,0.00,0.00,0.00,0.20
41649.50,5.55,1209.27,1.00,24.12,79.41,21.39,0.00,0.00,0.00,0.00,0.00,0.17
41655.50,5.58,1209.29,1.00,24.10,79.43,21.04,0.00,0.00,0.00,0.00,0.00,0.17
41661.50,5.54,1209.74,1.00,24.10,79.10,23.04,0.00,0.00,0.00,0.00,0.00,0.17
41667.50,5.53,1210.22,1.00,24.10,79.21,22.46,0.00,0.00,0.00,0.00,0.00,0.33
41673.50,5.54,1210.46,1.00,24.10,79.30,19.54,0.00,0.00,0.00,0.00,0.00,0.50
41679.50,5.55,1210.19,1.00,24.10,79.41,21.39,0.00,0.00,0.00,0.00,0.00,0.17
41685.50,5.54,1210.93,1.00,24.10,79.32,21.12,0.00,0.00,0.00,0.00,0.00,0.17
41691.50,5.57,1210.95,1.00,24.10,79.28,21.84,0.00,0.00,0.00,0.00,0.00,0.00
41697.50,5.54,1211.62,1.00,24.10,79.25,22.25,0.00,0.00,0.00,0.00,0.00,0.00
41703.50,5.56,1211.97,1.00,24.10,79.42,20.98,0.00,0.00,0.00,0.00,0.00,0.00
41709.50,5.54,1212.39,1.00,24.10,79.43,22.22,0.00,0.00,0.00,0.00,0.00,0.33
41715.50,5.58,1212.81,1.00,24.10,79.58,22.43,0.00,0.00,0.00,0.00,0.00,0.17
41721.50,5.53,1212.75,1.00,24.10,79.47,22.37,0.00,0.00,0.00,0.00,0.00,0.00
41727.50,5.52,1213.16,1.00,24.10,79.24,19.89,0.00,0.00,0.00,0.00,0.00,0.33
41733.50,5.56,1213.07,1.00,24.10,79.35,22.45,0.00,0.00,0.00,0.00,0.00,0.33
41739.50,5.58,1213.38,1.00,24.10,79.40,21.32,0.00,0.00,0.00,0.00,0.00,0.17
41745.50,5.55,1213.54,1.00,24.10,79.43,20.83,0.00,0.00,0.00,0.00,0.00,0.17
41751.50,5.56,1214.42,1.00,24.10,79.52,20.91,0.00,0.00,0.00,0.00,0.00,0.00
41757.50,5.55,1214.54,1.00,24.10,79.47,20.02,0.00,0.00,0.00,0.00,0.00,0.17
41763.50,5.50,1214.90,1.00,24.10,79.53,22.68,0.00,0.00,0.00,0.00,0.00,0.00
41769.50,5.55,1214.95,1.00,24.12,79.73,21.40,0.00,0.00,0.00,0.00,0.00,0.00
41775.50,5.58,1215.32,1.00,24.10,79.62,21.74,0.00,0.00,0.00,0.00,0.00,0.00
41781.50,5.57,1215.95,1.00,24.10,79.41,21.81,0.00,0.00,0.00,0.00,0.00,0.17
41787.50,5.56,1216.21,1.00,24.12,79.38,21.74,0.00,0.00,0.00,0.00,0.00,0.00
41793.50,5.53,1216.75,1.00,24.10,79.35,22.01,0.00,0.00,0.00,0.00,0.00,0.00
41799.50,5.58,1216.73,1.00,24.10,79.52,20.65,0.00,0.00,0.00,0.00,0.00,0.17
41805.50,5.52,1217.31,1.00,24.10,79.28,20.39,0.00,0.00,0.00,0.00,0.00,0.00
41811.50,5.56,1217.91,1.00,24.12,79.27,20.68,0.00,0.00,0.00,0.00,0.00,0.00
41817.50,5.54,1218.29,1.00,24.12,79.40,21.19,0.00,0.00,0.00,0.00,0.00,0.00
41823.50,5.55,1218.34,1.00,24.12,79.42,22.56,0.00,0.00,0.00,0.00,0.00,0.00
41829.50,5.57,1218.58,1.00,24.10,79.86,22.21,0.00,0.00,0.00,0.00,0.00,0.33
41835.50,5.56,1218.89,1.00,24.13,80.07,22.72,0.00,0.00,0.00,0.00,0.00,0.00
41841.50,5.55,1219.24,1.00,24.12,80.12,20.97,0.00,0.00,0.00,0.00,0.00,0.00
41847.50,5.55,1219.40,1.00,24.10,79.75,23.01,0.00,0.00,0.00,0.00,0.00,0.00
41853.50,5.59,1219.95,1.00,24.10,79.90,21.70,0.00,0.00,0.00,0.00,0.00,0.00
41859.50,5.56,1220.48,1.00,24.12,79.91,20.35,0.00,0.00,0.00,0.00,0.00,0.17
41865.50,5.54,1220.90,1.00,24.10,79.77,21.61,0.00,0.00,0.00,0.00,0.00,0.00
41871.50,5.57,1220.81,1.00,24.10,79.48,21.52,0.00,0.00,0.00,0.00,0.00,0.00
41877.50,5.55,1221.10,1.00,24.12,79.26,20.09,0.00,0.00,0.00,0.00,0.00,0.17
41883.50,5.55,1221.63,1.00,24.12,79.32,21.91,0.00,0.00,0.00,0.00,0.00,0.00
41889.50,5.52,1221.85,1.00,24.12,79.51,20.41,0.00,0.00,0.00,0.00,0.00,0.33
41895.50,5.55,1221.95,1.00,24.12,79.47,23.39,0.00,0.00,0.00,0.00,0.00,0.33
41901.50,5.53,1222.70,1.00,24.11,79.44,21.72,0.00,0.00,0.00,0.00,0.00,0.33
41907.50,5.56,1222.68,1.00,24.12,79.49,21.39,0.00,0.00,0.00,0.00,0.00,0.17
41913.50,5.55,1223.04,1.00,24.13,79.82,22.29,0.00,0.00,0.00,0.00,0.00,0.00
41919.50,5.55,1223.33,1.00,24.12,80.14,20.84,0.00,0.00,0.00,0.00,0.00,0.17
41925.50,5.56,1223.69,1.00,24.10,80.30,21.89,0.00,0.00,0.00,0.00,0.00,0.00
41931.50,5.54,1224.26,1.00,24.10,79.78,21.11,0.00,0.00,0.00,0.00,0.00,0.33
41937.50,5.56,1224.45,1.00,24.10,80.33,21.06,0.00,0.00,0.00,0.00,0.00,0.17
41943.50,5.53,1224.99,1.00,24.10,79.83,22.50,0.00,0.00,0.00,0.00,0.00,0.00
41949.50,5.52,1224.95,1.00,24.10,79.44,21.62,0.00,0.00,0.00,0.00,0.00,0.17
41955.50,5.55,1225.19,1.00,24.10,80.03,21.73,0.00,0.00,0.00,0.00,0.00,0.00
41961.50,5.58,1225.74,1.00,24.10,80.13,22.64,0.00,0.00,0.00,0.00,0.00,0.00
41967.50,5.56,1225.91,1.00,24.10,80.05,21.66,0.00,0.00,0.00,0.00,0.00,0.00
41973.50,5.56,1226.40,1.00,24.10,79.82,21.89,0.00,0.00,0.00,0.00,0.00,0.17
41979.50,5.55,1226.55,1.00,24.10,79.66,21.41,0.00,0.00,0.00,0.00,0.00,0.17
41985.50,5.54,1227.14,1.00,24.10,79.65,20.89,0.00,0.00,0.00,0.00,0.00,0.00
41991.50,5.53,1227.62,1.00,24.10,80.00,21.88,0.00,0.00,0.00,0.00,0.00,0.33
41997.50,5.55,1227.71,1.00,24.10,79.73,22.53,0.00,0.00,0.00,0.00,0.00,0.33
42003.50,5.56,1227.94,1.00,24.10,79.23,21.60,0.00,0.00,0.00,0.00,0.00,0.00
42009.50,5.55,1228.56,1.00,24.10,79.70,21.50,0.00,0.00,0.00,0.00,0.00,0.00
42015.50,5.57,1228.76,1.00,24.10,79.69,20.68,0.00,0.00,0.00,0.00,0.00,0.17
42021.50,5.55,1229.14,1.00,24.10,80.14,19.43,0.00,0.00,0.00,0.00,0.00,0.17
42027.50,5.54,1229.22,1.00,24.12,79.72,20.99,0.00,0.00,0.00,0.00,0.00,0.33
42033.50,5.56,1229.51,1.00,24.12,79.80,21.64,0.00,0.00,0.00,0.00,0.00,0.17
42039.50,5.57,1229.89,1.00,24.13,80.10,22.80,0.00,0.00,0.00,0.00,0.00,0.00
42045.50,5.56,1230.25,1.00,24.15,80.07,21.90,0.00,0.00,0.00,0.00,0.00,0.00
42051.50,5.55,1230.71,1.00,24.15,79.87,19.56,0.00,0.00,0.00,0.00,0.00,0.00
42057.50,5.55,1230.70,1.00,24.15,80.13,21.58,0.00,0.00,0.00,0.00,0.00,0.00
42063.50,5.56,1231.19,1.00,24.17,79.92,21.53,0.00,0.00,0.00,0.00,0.00,0.00
42069.50,5.56,1231.55,1.00,24.18,79.78,20.98,0.00,0.00,0.00,0.00,0.00,0.00
42075.50,5.57,1231.92,1.00,24.17,79.85,22.07,0.00,0.00,0.00,0.00,0.00,0.00
42081.50,5.55,1232.47,1.00,24.15,79.97,20.70,0.00,0.00,0.00,0.00,0.00,0.00
42087.00,5.56,1232.03,1.00,24.18,79.90,23.75,0.00,0.00,0.00,0.00,0.00,0.00
42092.00,5.57,1233.30,1.00,24.18,79.84,22.03,0.00,0.00,0.00,0.00,0.00,0.00
42097.50,5.57,1233.14,1.00,24.15,79.70,20.79,0.00,0.00,0.00,0.00,0.00,0.00
42103.50,5.55,1233.60,1.00,24.18,79.85,20.00,0.00,0.00,0.00,0.00,0.00,0.00
42109.50,5.57,1233.99,1.00,24.13,79.56,22.09,0.00,0.00,0.00,0.00,0.00,0.17
42115.50,5.54,1234.63,1.00,24.10,79.60,22.19,0.00,0.00,0.00,0.00,0.00,0.17
42121.50,5.55,1234.71,1.00,24.15,79.72,22.30,0.00,0.00,0.00,0.00,0.00,0.00
42127.50,5.54,1235.30,1.00,24.17,79.52,23.19,0.00,0.00,0.00,0.00,0.00,0.00
42133.50,5.58,1235.26,1.00,24.13,79.47,21.85,0.00,0.00,0.00,0.00,0.00,0.00
42139.50,5.54,1235.91,1.00,24.15,79.60,20.48,0.00,0.00,0.00,0.00,0.00,0.00
42145.50,5.55,1236.23,1.00,24.13,79.70,22.17,0.00,0.00,0.00,0.00,0.00,0.00
42151.50,5.56,1236.82,1.00,24.15,79.75,22.17,0.00,0.00,0.00,0.00,0.00,0.00
42157.50,5.56,1236.85,1.00,24.13,79.63,21.67,0.00,0.00,0.00,0.00,0.00,0.00
42163.50,5.57,1237.24,1.00,24.10,79.38,20.69,0.00,0.00,0.00,0.00,0.00,0.00
42169.50,5.56,1237.70,1.00,24.12,79.80,22.82,0.00,0.00,0.00,0.00,0.00,0.00
42175.50,5.54,1238.27,1.00,24.10,79.52,20.20,0.00,0.00,0.00,0.00,0.00,0.00
42181.50,5.56,1238.35,1.00,24.10,79.83,21.83,0.00,0.00,0.00,0.00,0.00,0.00
42187.50,5.59,1238.84,1.00,24.10,79.67,20.54,0.00,0.00,0.00,0.00,0.00,0.17
42193.50,5.56,1239.59,1.00,24.10,79.73,21.05,0.00,0.00,0.00,0.00,0.00,0.00
42199.50,5.55,1239.73,1.00,24.10,79.65,19.76,0.00,0.00,0.00,0.00,0.00,0.00
42205.50,5.60,1240.06,1.00,24.10,79.60,22.48,0.00,0.00,0.00,0.00,0.00,0.00
42211.50,5.55,1240.65,1.00,24.10,79.90,21.58,0.00,0.00,0.00,0.00,0.00,0.00
42217.50,5.61,1240.27,1.00,24.10,79.87,21.36,0.00,0.00,0.00,0.00,0.00,0.00
42223.50,5.58,1241.38,1.00,24.10,79.55,20.86,0.00,0.00,0.00,0.00,0.00,0.00
42229.50,5.59,1241.55,1.00,24.10,79.53,21.00,0.00,0.00,0.00,0.00,0.00,0.17
42235.50,5.57,1241.86,1.00,24.10,79.40,21.80,0.00,0.00,0.00,0.00,0.00,0.00
42241.50,5.58,1242.65,1.00,24.10,79.50,21.40,0.00,0.00,0.00,0.00,0.00,0.00
42247.50,5.57,1242.48,1.00,24.10,79.58,23.12,0.00,0.00,0.00,0.00,0.00,0.17
42253.50,5.58,1242.95,1.00,24.10,79.48,21.26,0.00,0.00,0.00,0.00,0.00,0.17
42259.50,5.57,1243.45,1.00,24.10,79.43,22.00,0.00,0.00,0.00,0.00,0.00,0.00
42265.50,5.55,1244.17,1.00,24.10,79.13,20.91,0.00,0.00,0.00,0.00,0.00,0.00
42271.50,5.61,1244.08,1.00,24.10,79.52,21.32,0.00,0.00,0.00,0.00,0.00,0.00
42277.50,5.59,1244.69,1.00,24.10,79.63,22.21,0.00,0.00,0.00,0.00,0.00,0.00
42283.50,5.58,1245.12,1.00,24.10,79.22,21.40,0.00,0.00,0.00,0.00,0.00,0.17
42289.50,5.60,1245.19,1.00,24.10,79.07,19.09,0.00,0.00,0.00,0.00,0.00,0.00
42295.50,5.57,1246.16,1.00,24.10,79.45,21.55,0.00,0.00,0.00,0.00,0.00,0.00
42301.50,5.56,1246.10,1.00,24.10,79.48,21.56,0.00,0.00,0.00,0.00,0.00,0.00
42307.50,5.56,1246.89,1.00,24.08,79.52,21.26,0.00,0.00,0.00,0.00,0.00,0.00
42313.50,5.59,1247.13,1.00,24.10,79.33,21.14,0.00,0.00,0.00,0.00,0.00,0.00
42319.50,5.55,1247.51,1.00,24.10,79.22,20.58,0.00,0.00,0.00,0.00,0.00,0.00
42325.50,5.58,1247.81,1.00,24.10,79.25,21.02,0.00,0.00,0.00,0.00,0.00,0.00
42331.50,5.56,1248.36,1.00,24.10,79.22,22.48,0.00,0.00,0.00,0.00,0.00,0.00
42337.50,5.59,1248.72,1.00,24.10,79.13,21.49,0.00,0.00,0.00,0.00,0.00,0.00
42343.50,5.54,1249.48,1.00,24.08,79.29,22.62,0.00,0.00,0.00,0.00,0.00,0.17
42349.50,5.58,1249.60,1.00,24.10,79.20,22.10,0.00,0.00,0.00,0.00,0.00,0.00
42355.50,5.58,1249.82,1.00,24.10,79.08,21.96,0.00,0.00,0.00,0.00,0.00,0.00
42361.50,5.53,1250.33,1.00,24.10,79.07,21.14,0.00,0.00,0.00,0.00,0.00,0.00
42367.50,5.58,1250.64,1.00,24.08,79.17,21.52,0.00,0.00,0.00,0.00,0.00,0.00
42373.50,5.57,1251.05,1.00,24.08,79.32,21.70,0.00,0.00,0.00,0.00,0.00,0.00
42379.50,5.58,1251.50,1.00,24.06,79.23,21.88,0.00,0.00,0.00,0.00,0.00,0.17
42385.50,5.58,1252.05,1.00,24.03,79.03,21.22,0.00,0.00,0.00,0.00,0.00,0.00
42391.50,5.58,1252.19,1.00,24.03,78.93,22.52,0.00,0.00,0.00,0.00,0.00,0.00
42397.50,5.58,1252.73,1.00,24.03,79.18,21.02,0.00,0.00,0.00,0.00,0.00,0.00
42403.50,5.56,1253.00,1.00,24.07,79.20,20.63,0.00,0.00,0.00,0.00,0.00,0.00
42409.50,5.54,1253.31,1.00,24.03,79.23,21.33,0.00,0.00,0.00,0.00,0.00,0.00
42415.50,5.58,1254.03,1.00,24.03,79.27,22.06,0.00,0.00,0.00,0.00,0.00,0.00
42421.50,5.57,1254.15,1.00,24.05,79.38,21.27,0.00,0.00,0.00,0.00,0.00,0.00
42427.50,5.59,1254.49,1.00,24.00,79.20,20.73,0.00,0.00,0.00,0.00,0.00,0.00
42433.50,5.60,1254.71,1.00,24.05,79.13,21.59,0.00,0.00,0.00,0.00,0.00,0.00
42439.50,5.56,1255.17,1.00,24.00,79.10,20.59,0.00,0.00,0.00,0.00,0.00,0.00
42445.50,5.59,1255.88,1.00,24.02,79.20,21.94,0.00,0.00,0.00,0.00,0.00,0.00
42451.50,5.57,1256.04,1.00,24.00,79.28,21.58,0.00,0.00,0.00,0.00,0.00,0.00
42457.50,5.56,1256.59,1.00,24.00,79.25,22.09,0.00,0.00,0.00,0.00,0.00,0.00
42463.50,5.54,1256.96,1.00,24.00,79.13,20.30,0.00,0.00,0.00,0.00,0.00,0.17
42469.50,5.60,1257.01,1.00,24.00,79.00,20.99,0.00,0.00,0.00,0.00,0.00,0.17
42475.50,5.58,1257.69,1.00,24.00,79.08,21.07,0.00,0.00,0.00,0.00,0.00,0.17
42481.50,5.55,1258.15,1.00,24.00,79.17,21.90,0.00,0.00,0.00,0.00,0.00,0.00
42487.50,5.51,1258.58,1.00,24.00,79.18,21.43,0.00,0.00,0.00,0.00,0.00,0.00
42493.50,5.54,1258.92,1.00,24.00,79.22,21.84,0.00,0.00,0.00,0.00,0.00,0.00
42499.50,5.59,1259.08,1.00,24.00,79.16,22.58,0.00,0.00,0.00,0.00,0.00,0.17
42505.50,5.57,1259.34,1.00,24.00,79.15,22.90,0.00,0.00,0.00,0.00,0.00,0.00
42511.50,5.56,1259.98,1.00,24.00,79.05,21.63,0.00,0.00,0.00,0.00,0.00,0.00
42517.50,5.59,1260.17,1.00,24.00,79.13,21.10,0.00,0.00,0.00,0.00,0.00,0.17
42523.50,5.56,1260.52,1.00,24.00,78.83,20.58,0.00,0.00,0.00,0.00,0.00,0.00
42529.50,5.56,1261.14,1.00,24.00,78.80,21.71,0.00,0.00,0.00,0.00,0.00,0.17
42535.50,5.56,1261.07,1.00,24.00,79.11,22.05,0.00,0.00,0.00,0.00,0.00,0.17
42541.50,5.58,1261.34,1.00,24.00,79.17,21.44,0.00,0.00,0.00,0.00,0.00,0.00
42547.50,5.54,1262.36,1.00,24.00,79.00,21.56,0.00,0.00,0.00,0.00,0.00,0.00
42553.50,5.57,1262.47,1.00,24.00,78.98,20.58,0.00,0.00,0.00,0.00,0.00,0.00
42559.50,5.58,1262.69,1.00,24.00,78.90,21.22,0.00,0.00,0.00,0.00,0.00,0.00
42565.50,5.58,1262.80,1.00,24.00,79.00,21.08,0.00,0.00,0.00,0.00,0.00,0.00
42571.50,5.56,1263.41,1.00,23.98,78.98,20.02,0.00,0.00,0.00,0.00,0.00,0.00
42577.50,5.53,1264.05,1.00,24.00,79.10,22.38,0.00,0.00,0.00,0.00,0.00,0.00
42583.50,5.58,1264.08,1.00,23.98,79.23,20.63,0.00,0.00,0.00,0.00,0.00,0.00
42589.50,5.57,1264.61,1.00,24.00,79.18,21.16,0.00,0.00,0.00,0.00,0.00,0.00
42595.50,5.56,1264.86,1.00,24.00,79.14,21.71,0.00,0.00,0.00,0.00,0.00,0.17
42601.50,5.58,1264.93,1.00,23.97,79.32,22.14,0.00,0.00,0.00,0.00,0.00,0.00
42607.50,5.58,1265.57,1.00,23.95,78.98,21.56,0.00,0.00,0.00,0.00,0.00,0.00
42613.50,5.57,1265.79,1.00,23.98,79.15,22.08,0.00,0.00,0.00,0.00,0.00,0.00
42619.50,5.58,1266.11,1.00,23.95,79.25,24.14,0.00,0.00,0.00,0.00,0.00,0.00
42625.00,5.56,1266.48,1.00,23.94,79.14,22.80,0.00,0.00,0.00,0.00,0.00,0.00
42630.50,5.56,1266.76,1.00,23.93,79.26,22.18,0.00,0.00,0.00,0.00,0.00,0.17
42636.50,5.58,1267.06,1.00,23.97,79.33,21.56,0.00,0.00,0.00,0.00,0.00,0.00
42642.50,5.55,1267.66,1.00,23.92,79.13,21.31,0.00,0.00,0.00,0.00,0.00,0.00
42648.50,5.58,1267.74,1.00,23.90,78.73,22.81,0.00,0.00,0.00,0.00,0.00,0.00
42654.50,5.55,1267.98,1.00,23.90,78.62,22.32,0.00,0.00,0.00,0.00,0.00,0.17
42660.50,5.57,1268.63,1.00,23.90,78.83,21.98,0.00,0.00,0.00,0.00,0.00,0.00
42666.50,5.57,1269.04,1.00,23.93,78.92,21.45,0.00,0.00,0.00,0.00,0.00,0.00
42672.50,5.55,1269.21,1.00,23.90,78.82,19.85,0.00,0.00,0.00,0.00,0.00,0.00
42678.50,5.55,1269.64,1.00,23.90,79.08,20.93,0.00,0.00,0.00,0.00,0.00,0.00
42684.50,5.57,1269.86,1.00,23.90,79.20,22.58,0.00,0.00,0.00,0.00,0.00,0.00
42690.50,5.57,1270.16,1.00,23.92,79.23,21.64,0.00,0.00,0.00,0.00,0.00,0.00
42696.50,5.56,1270.75,1.00,23.90,79.33,20.35,0.00,0.00,0.00,0.00,0.00,0.00
42702.50,5.60,1270.78,1.00,23.93,79.30,23.47,0.00,0.00,0.00,0.00,0.00,0.00
42708.50,5.60,1270.93,1.00,23.90,79.30,22.78,0.00,0.00,0.00,0.00,0.00,0.00
42714.50,5.57,1272.00,1.00,23.92,79.35,22.59,0.00,0.00,0.00,0.00,0.00,0.17
42720.50,5.57,1272.06,1.00,23.93,79.33,20.84,0.00,0.00,0.00,0.00,0.00,0.00
42726.50,5.54,1272.58,1.00,23.90,79.02,20.25,0.00,0.00,0.00,0.00,0.00,0.00
42732.50,5.56,1272.75,1.00,23.95,78.75,21.43,0.00,0.00,0.00,0.00,0.00,0.00
42738.50,5.56,1273.24,1.00,23.92,78.77,21.17,0.00,0.00,0.00,0.00,0.00,0.17
42744.50,5.57,1273.45,1.00,23.93,79.00,22.30,0.00,0.00,0.00,0.00,0.00,0.00
42750.50,5.59,1273.63,1.00,23.92,79.13,19.94,0.00,0.00,0.00,0.00,0.00,0.17
42756.50,5.58,1273.88,1.00,23.92,78.79,21.17,0.00,0.00,0.00,0.00,0.00,0.17
42762.50,5.54,1274.70,1.00,23.93,78.67,22.80,0.00,0.00,0.00,0.00,0.00,0.00
42768.50,5.55,1274.71,1.00,23.93,78.68,20.75,0.00,0.00,0.00,0.00,0.00,0.00
42774.50,5.59,1275.21,1.00,23.92,78.90,21.61,0.00,0.00,0.00,0.00,0.00,0.00
42780.50,5.54,1275.72,1.00,23.92,78.92,21.66,0.00,0.00,0.00,0.00,0.00,0.00
42786.50,5.58,1275.91,1.00,23.90,78.95,21.11,0.00,0.00,0.00,0.00,0.00,0.00
42792.50,5.54,1276.27,1.00,23.90,78.67,21.41,0.00,0.00,0.00,0.00,0.00,0.00
42798.50,5.55,1276.28,1.00,23.90,78.73,20.96,0.00,0.00,0.00,0.00,0.00,0.17
42804.50,5.57,1276.69,1.00,23.90,79.03,22.24,0.00,0.00,0.00,0.00,0.00,0.00
42809.50,5.58,1276.84,1.00,23.90,79.25,21.62,0.00,0.00,0.00,0.00,0.00,0.00
42814.50,5.59,1276.92,1.00,23.90,79.02,22.85,0.00,0.00,0.00,0.00,0.00,0.00
42819.50,5.57,1277.66,1.00,23.90,78.97,21.07,0.00,0.00,0.00,0.00,0.00,0.00
42824.50,5.60,1277.73,1.00,23.90,78.92,22.71,0.00,0.00,0.00,0.00,0.00,0.00
42830.50,5.57,1278.04,1.00,23.90,78.97,21.58,0.00,0.00,0.00,0.00,0.00,0.00
42836.50,5.58,1278.47,1.00,23.90,79.13,20.75,0.00,0.00,0.00,0.00,0.00,0.00
42842.50,5.55,1278.75,1.00,23.90,79.00,19.89,0.00,0.00,0.00,0.00,0.00,0.00
42848.50,5.58,1278.94,1.00,23.90,78.68,22.42,0.00,0.00,0.00,0.00,0.00,0.00
42854.50,5.56,1279.36,1.00,23.90,79.25,22.19,0.00,0.00,0.00,0.00,0.00,0.00
42860.50,5.54,1279.62,1.00,23.90,79.30,21.66,0.00,0.00,0.00,0.00,0.00,0.00
42866.50,5.54,1279.62,1.00,23.90,79.48,20.71,0.00,0.00,0.00,0.00,0.00,0.00
42872.50,5.60,1280.02,1.00,23.90,79.56,22.55,0.00,0.00,0.00,0.00,0.00,0.17
42878.50,5.57,1280.15,1.00,23.90,79.50,22.44,0.00,0.00,0.00,0.00,0.00,0.00
42884.00,5.58,1280.59,1.00,23.90,79.54,21.25,0.00,0.00,0.00,0.00,0.00,0.00
42889.50,5.58,1280.89,1.00,23.90,79.32,20.46,0.00,0.00,0.00,0.00,0.00,0.00
42895.50,5.60,1281.21,1.00,23.90,79.47,22.41,0.00,0.00,0.00,0.00,0.00,0.00
42901.50,5.56,1281.73,1.00,23.90,79.60,22.12,0.00,0.00,0.00,0.00,0.00,0.00
42907.50,5.58,1281.71,1.00,23.90,79.50,20.31,0.00,0.00,0.00,0.00,0.00,0.00
42913.50,5.61,1281.94,1.00,23.90,79.12,21.11,0.00,0.00,0.00,0.00,0.00,0.00
42919.50,5.60,1282.18,1.00,23.90,79.30,22.63,0.00,0.00,0.00,0.00,0.00,0.00
42925.50,5.57,1282.96,1.00,23.90,79.35,20.70,0.00,0.00,0.00,0.00,0.00,0.33
42931.00,5.57,1282.92,1.00,23.90,79.00,20.76,0.00,0.00,0.00,0.00,0.00,0.00
42935.50,5.55,1283.12,1.00,23.90,78.93,23.28,0.00,0.00,0.00,0.00,0.00,0.00
42940.50,5.58,1283.34,1.00,23.90,79.05,23.06,0.00,0.00,0.00,0.00,0.00,0.00
42946.50,5.56,1283.82,1.00,23.90,78.68,20.63,0.00,0.00,0.00,0.00,0.00,0.00
42952.50,5.60,1283.93,1.00,23.90,78.89,20.59,0.00,0.00,0.00,0.00,0.00,0.17
42958.50,5.59,1284.23,1.00,23.88,79.13,21.68,0.00,0.00,0.00,0.00,0.00,0.00
42964.50,5.57,1284.70,1.00,23.90,79.25,21.74,0.00,0.00,0.00,0.00,0.00,0.00
42970.50,5.57,1284.86,1.00,23.90,79.13,22.72,0.00,0.00,0.00,0.00,0.00,0.00
42976.00,5.55,1285.26,1.00,23.90,78.95,20.88,0.00,0.00,0.00,0.00,0.00,0.20
42981.00,5.57,1285.44,1.00,23.90,78.94,22.60,0.00,0.00,0.00,0.00,0.00,0.00
42986.50,5.59,1285.95,1.00,23.90,79.08,22.29,0.00,0.00,0.00,0.00,0.00,0.00
42992.50,5.60,1286.04,1.00,23.90,79.08,22.63,0.00,0.00,0.00,0.00,0.00,0.17
42998.00,5.59,1286.49,1.00,23.90,79.00,21.10,0.00,0.00,0.00,0.00,0.00,0.00
43002.00,5.57,1286.39,1.00,23.90,79.10,20.74,0.00,0.00,0.00,0.00,0.00,0.00
43006.50,5.59,1286.76,1.00,23.90,79.15,20.79,0.00,0.00,0.00,0.00,0.00,0.00
43012.50,5.58,1287.33,1.00,23.90,79.05,21.94,0.00,0.00,0.00,0.00,0.00,0.00
43018.50,5.60,1287.36,1.00,23.90,78.95,21.89,0.00,0.00,0.00,0.00,0.00,0.00
43024.50,5.59,1287.93,1.00,23.90,78.93,20.51,0.00,0.00,0.00,0.00,0.00,0.00
43030.50,5.56,1288.54,1.00,23.90,78.90,19.86,0.00,0.00,0.00,0.00,0.00,0.00
43036.50,5.60,1288.42,1.00,23.90,78.87,21.17,0.00,0.00,0.00,0.00,0.00,0.00
43042.50,5.58,1289.02,1.00,23.90,78.88,20.62,0.00,0.00,0.00,0.00,0.00,0.00
43048.50,5.61,1289.19,1.00,23.90,78.92,21.81,0.00,0.00,0.00,0.00,0.00,0.00
43054.00,5.60,1289.48,1.00,23.90,79.22,21.76,0.00,0.00,0.00,0.00,0.00,0.00
43059.00,5.59,1289.98,1.00,23.90,79.26,22.52,0.00,0.00,0.00,0.00,0.00,0.00
43064.50,5.58,1290.41,1.00,23.90,79.28,22.13,0.00,0.00,0.00,0.00,0.00,0.00
43070.50,5.57,1290.98,1.00,23.90,79.12,21.23,0.00,0.00,0.00,0.00,0.00,0.00
43076.50,5.59,1291.20,1.00,23.90,79.02,22.27,0.00,0.00,0.00,0.00,0.00,0.00
43082.50,5.58,1291.44,1.00,23.88,78.93,21.75,0.00,0.00,0.00,0.00,0.00,0.00
43088.50,5.58,1291.93,1.00,23.88,79.05,21.74,0.00,0.00,0.00,0.00,0.00,0.00
43094.50,5.61,1292.17,1.00,23.90,79.20,21.18,0.00,0.00,0.00,0.00,0.00,0.00
43100.50,5.58,1292.63,1.00,23.88,78.88,20.80,0.00,0.00,0.00,0.00,0.00,0.00
43106.50,5.58,1293.15,1.00,23.83,78.05,21.04,0.00,0.00,0.00,0.00,0.00,0.00
43112.50,5.58,1293.64,1.00,23.82,77.93,21.13,0.00,0.00,0.00,0.00,0.00,0.00
43118.50,5.59,1293.74,1.00,23.80,78.37,22.21,0.00,0.00,0.00,0.00,0.00,0.00
43124.50,5.59,1294.19,1.00,23.80,78.03,21.36,0.00,0.00,0.00,0.00,0.00,0.17
43130.50,5.59,1294.93,1.00,23.82,78.17,20.77,0.00,0.00,0.00,0.00,0.00,0.00
43136.50,5.60,1295.23,1.00,23.83,78.35,20.46,0.00,0.00,0.00,0.00,0.00,0.00
43141.50,5.59,1295.11,1.00,23.80,78.62,22.78,0.00,0.00,0.00,0.00,0.00,0.00
43146.50,5.61,1295.71,1.00,23.80,78.85,22.16,0.00,0.00,0.00,0.00,0.00,0.17
43152.50,5.61,1296.22,1.00,23.80,78.95,20.76,0.00,0.00,0.00,0.00,0.00,0.00
43158.50,5.60,1296.72,1.00,23.80,79.03,22.63,0.00,0.00,0.00,0.00,0.00,0.00
43164.50,5.59,1297.49,1.00,23.80,79.17,21.28,0.00,0.00,0.00,0.00,0.00,0.00
43170.50,5.61,1297.52,1.00,23.80,79.12,22.80,0.00,0.00,0.00,0.00,0.00,0.00
43176.50,5.60,1297.81,1.00,23.80,79.02,22.11,0.00,0.00,0.00,0.00,0.00,0.00
43182.50,5.60,1298.40,1.00,23.80,79.07,20.87,0.00,0.00,0.00,0.00,0.00,0.17
43188.50,5.63,1298.94,1.00,23.80,79.05,21.33,0.00,0.00,0.00,0.00,0.00,0.00
43194.50,5.58,1299.51,1.00,23.80,79.32,21.21,0.00,0.00,0.00,0.00,0.00,0.00
43200.50,5.58,1299.90,1.00,23.80,79.45,21.54,0.00,0.00,0.00,0.00,0.00,0.00
43206.50,5.59,1299.99,1.00,23.80,79.38,20.46,0.00,0.00,0.00,0.00,0.00,0.00
43212.50,5.59,1300.61,1.00,23.80,79.20,23.48,0.00,0.00,0.00,0.00,0.00,0.00
43218.50,5.62,1301.17,1.00,23.80,79.20,21.27,0.00,0.00,0.00,0.00,0.00,0.00
43224.50,5.60,1301.18,1.00,23.80,79.17,21.46,0.00,0.00,0.00,0.00,0.00,0.00
43230.50,5.59,1301.99,1.00,23.80,78.88,21.44,0.00,0.00,0.00,0.00,0.00,0.00
43236.50,5.59,1302.54,1.00,23.80,78.75,22.32,0.00,0.00,0.00,0.00,0.00,0.00
43242.50,5.58,1303.00,1.00,23.78,78.88,21.78,0.00,0.00,0.00,0.00,0.00,0.00
43248.50,5.57,1303.42,1.00,23.80,78.92,21.48,0.00,0.00,0.00,0.00,0.00,0.00
43254.00,5.58,1303.81,1.00,23.76,78.98,21.15,0.00,0.00,0.00,0.00,0.00,0.00
43259.50,5.58,1304.02,1.00,23.75,78.95,21.32,0.00,0.00,0.00,0.00,0.00,0.00
43265.50,5.58,1304.46,1.00,23.78,79.00,21.56,0.00,0.00,0.00,0.00,0.00,0.00
43271.50,5.59,1305.05,1.00,23.77,79.02,21.34,0.00,0.00,0.00,0.00,0.00,0.17
43277.50,5.59,1305.53,1.00,23.74,79.12,21.93,0.00,0.00,0.00,0.00,0.00,0.17
43283.50,5.58,1305.85,1.00,23.70,79.05,22.65,0.00,0.00,0.00,0.00,0.00,0.00
43289.50,5.60,1306.16,1.00,23.70,79.00,20.75,0.00,0.00,0.00,0.00,0.00,0.00
43295.50,5.56,1307.14,1.00,23.72,78.88,21.30,0.00,0.00,0.00,0.00,0.00,0.33
43301.50,5.54,1307.14,1.00,23.70,79.02,20.95,0.00,0.00,0.00,0.00,0.00,0.00
43307.50,5.60,1307.55,1.00,23.72,78.90,22.61,0.00,0.00,0.00,0.00,0.00,0.00
43313.50,5.57,1308.08,1.00,23.70,78.90,22.17,0.00,0.00,0.00,0.00,0.00,0.00
43319.50,5.61,1308.28,1.00,23.70,78.99,21.89,0.00,0.00,0.00,0.00,0.00,0.17
43325.50,5.57,1309.13,1.00,23.70,78.93,21.32,0.00,0.00,0.00,0.00,0.00,0.00
43331.50,5.57,1309.62,1.00,23.70,78.83,20.21,0.00,0.00,0.00,0.00,0.00,0.00
43337.50,5.56,1309.85,1.00,23.70,79.02,21.06,0.00,0.00,0.00,0.00,0.00,0.17
43343.50,5.60,1310.11,1.00,23.70,79.12,21.51,0.00,0.00,0.00,0.00,0.00,0.50
43349.50,5.56,1310.91,1.00,23.70,79.07,20.36,0.00,0.00,0.00,0.00,0.00,0.00
43355.50,5.61,1310.87,1.00,23.70,78.98,20.54,0.00,0.00,0.00,0.00,0.00,0.17
43361.50,5.59,1311.82,1.00,23.70,78.97,21.82,0.00,0.00,0.00,0.00,0.00,0.17
43366.50,5.53,1312.02,1.00,23.70,79.10,21.25,0.00,0.00,0.00,0.00,0.00,0.00
43370.50,5.61,1312.55,1.00,23.70,79.22,22.59,0.00,0.00,0.00,0.00,0.00,0.00
43375.50,5.55,1312.90,1.00,23.70,79.32,21.00,0.00,0.00,0.00,0.00,0.00,0.00
43381.50,5.55,1313.06,1.00,23.70,79.15,20.79,0.00,0.00,0.00,0.00,0.00,0.00
43387.50,5.58,1313.99,1.00,23.70,79.15,21.82,0.00,0.00,0.00,0.00,0.00,0.00
43393.50,5.60,1314.11,1.00,23.70,79.15,20.77,0.00,0.00,0.00,0.00,0.00,0.00
43399.50,5.57,1314.42,1.00,23.70,79.15,23.03,0.00,0.00,0.00,0.00,0.00,0.00
43405.50,5.55,1315.02,1.00,23.70,79.27,22.57,0.00,0.00,0.00,0.00,0.00,0.17
43411.50,5.57,1315.48,1.00,23.70,79.15,21.85,0.00,0.00,0.00,0.00,0.00,0.00
43416.50,5.61,1315.97,1.00,23.70,79.00,21.13,0.00,0.00,0.00,0.00,0.00,0.00
43421.50,5.59,1316.11,1.00,23.70,78.97,21.59,0.00,0.00,0.00,0.00,0.00,0.00
43427.50,5.57,1316.45,1.00,23.70,79.02,20.64,0.00,0.00,0.00,0.00,0.00,0.00
43433.00,5.55,1317.12,1.00,23.70,79.02,23.13,0.00,0.00,0.00,0.00,0.00,0.20
43438.50,5.59,1317.47,1.00,23.70,79.03,21.35,0.00,0.00,0.00,0.00,0.00,0.00
43444.50,5.55,1317.67,1.00,23.70,79.09,21.75,0.00,0.00,0.00,0.00,0.00,0.17
43450.50,5.55,1318.27,1.00,23.70,79.17,20.11,0.00,0.00,0.00,0.00,0.00,0.00
43456.50,5.55,1318.63,1.00,23.70,79.23,22.49,0.00,0.00,0.00,0.00,0.00,0.00
43462.50,5.55,1319.01,1.00,23.68,79.28,21.88,0.00,0.00,0.00,0.00,0.00,0.00
43468.50,5.59,1319.52,1.00,23.70,79.40,21.51,0.00,0.00,0.00,0.00,0.00,0.00
43474.50,5.57,1319.35,1.00,23.65,79.25,21.28,0.00,0.00,0.00,0.00,0.00,0.00
43480.50,5.58,1320.36,1.00,23.67,79.23,21.20,0.00,0.00,0.00,0.00,0.00,0.00
43486.50,5.57,1320.23,1.00,23.66,79.02,21.00,0.00,0.00,0.00,0.00,0.00,0.17
43492.50,5.55,1321.15,1.00,23.63,79.07,22.34,0.00,0.00,0.00,0.00,0.00,0.00
43498.50,5.57,1321.31,1.00,23.65,79.10,19.41,0.00,0.00,0.00,0.00,0.00,0.00
43504.50,5.58,1321.50,1.00,23.63,79.20,22.24,0.00,0.00,0.00,0.00,0.00,0.00
43510.50,5.59,1322.09,1.00,23.62,79.00,21.54,0.00,0.00,0.00,0.00,0.00,0.00
43516.50,5.58,1322.38,1.00,23.65,78.98,20.35,0.00,0.00,0.00,0.00,0.00,0.00
43522.50,5.55,1322.79,1.00,23.65,78.88,21.60,0.00,0.00,0.00,0.00,0.00,0.00
43528.50,5.59,1323.04,1.00,23.63,78.47,22.75,0.00,0.00,0.00,0.00,0.00,0.00
43534.50,5.59,1323.32,1.00,23.63,78.68,20.66,0.00,0.00,0.00,0.00,0.00,0.00
43540.50,5.57,1323.71,1.00,23.65,78.68,20.14,0.00,0.00,0.00,0.00,0.00,0.00
43546.50,5.55,1324.07,1.00,23.68,78.67,23.14,0.00,0.00,0.00,0.00,0.00,0.00
43552.50,5.56,1324.46,1.00,23.68,78.77,22.72,0.00,0.00,0.00,0.00,0.00,0.00
43558.50,5.58,1324.66,1.00,23.70,79.07,21.36,0.00,0.00,0.00,0.00,0.00,0.00
43564.50,5.58,1325.08,1.00,23.68,78.85,22.14,0.00,0.00,0.00,0.00,0.00,0.00
43570.50,5.58,1325.55,1.00,23.70,78.92,23.30,0.00,0.00,0.00,0.00,0.00,0.17
43576.50,5.58,1326.05,1.00,23.67,79.03,23.15,0.00,0.00,0.00,0.00,0.00,0.00
43582.50,5.57,1326.31,1.00,23.63,79.00,22.33,0.00,0.00,0.00,0.00,0.00,0.00
43588.50,5.59,1326.49,1.00,23.63,79.05,21.94,0.00,0.00,0.00,0.00,0.00,0.00
43594.50,5.59,1327.01,1.00,23.67,79.21,22.12,0.00,0.00,0.00,0.00,0.00,0.17
43600.50,5.59,1327.42,1.00,23.63,79.35,19.26,0.00,0.00,0.00,0.00,0.00,0.00
43606.50,5.55,1328.15,1.00,23.60,79.38,21.47,0.00,0.00,0.00,0.00,0.00,0.17
43612.50,5.56,1328.30,1.00,23.62,79.05,22.03,0.00,0.00,0.00,0.00,0.00,0.17
43618.50,5.57,1328.57,1.00,23.60,79.27,21.14,0.00,0.00,0.00,0.00,0.00,0.17
43624.50,5.58,1329.17,1.00,23.60,79.08,21.72,0.00,0.00,0.00,0.00,0.00,0.00
43630.50,5.59,1329.61,1.00,23.60,79.15,21.22,0.00,0.00,0.00,0.00,0.00,0.00
43636.50,5.58,1329.95,1.00,23.60,79.25,20.78,0.00,0.00,0.00,0.00,0.00,0.00
43642.50,5.58,1330.00,1.00,23.60,79.30,20.49,0.00,0.00,0.00,0.00,0.00,0.00
43648.50,5.57,1330.53,1.00,23.60,79.22,21.36,0.00,0.00,0.00,0.00,0.00,0.00
43654.50,5.55,1331.01,1.00,23.60,79.17,19.84,0.00,0.00,0.00,0.00,0.00,0.00
43660.50,5.59,1331.29,1.00,23.60,79.18,22.14,0.00,0.00,0.00,0.00,0.00,0.00
43666.50,5.60,1331.74,1.00,23.60,79.43,21.25,0.00,0.00,0.00,0.00,0.00,0.17
43672.50,5.59,1332.45,1.00,23.60,79.37,21.42,0.00,0.00,0.00,0.00,0.00,0.00
43678.50,5.56,1332.45,1.00,23.60,79.17,20.04,0.00,0.00,0.00,0.00,0.00,0.00
43684.50,5.58,1332.65,1.00,23.60,79.42,21.60,0.00,0.00,0.00,0.00,0.00,0.00
43690.50,5.56,1333.18,1.00,23.60,79.48,22.64,0.00,0.00,0.00,0.00,0.00,0.00
43696.50,5.60,1333.53,1.00,23.60,79.49,20.17,0.00,0.00,0.00,0.00,0.00,0.17
43702.50,5.56,1334.09,1.00,23.60,79.70,20.66,0.00,0.00,0.00,0.00,0.00,0.17
43708.50,5.58,1334.14,1.00,23.60,79.70,22.00,0.00,0.00,0.00,0.00,0.00,0.00
43714.50,5.57,1334.36,1.00,23.60,79.53,20.57,0.00,0.00,0.00,0.00,0.00,0.00
43720.50,5.57,1334.86,1.00,23.60,79.42,21.53,0.00,0.00,0.00,0.00,0.00,0.00
43726.50,5.58,1335.34,1.00,23.60,79.50,21.22,0.00,0.00,0.00,0.00,0.00,0.00
43732.50,5.54,1335.69,1.00,23.60,79.70,21.10,0.00,0.00,0.00,0.00,0.00,0.00
43738.50,5.58,1336.26,1.00,23.60,79.75,21.62,0.00,0.00,0.00,0.00,0.00,0.00
43744.50,5.57,1336.55,1.00,23.60,79.58,21.72,0.00,0.00,0.00,0.00,0.00,0.00
43750.50,5.58,1336.84,1.00,23.60,79.45,21.00,0.00,0.00,0.00,0.00,0.00,0.00
43756.50,5.55,1337.31,1.00,23.60,79.43,20.25,0.00,0.00,0.00,0.00,0.00,0.00
43762.50,5.57,1337.45,1.00,23.60,79.53,22.00,0.00,0.00,0.00,0.00,0.00,0.00
43768.50,5.57,1337.78,1.00,23.60,79.50,20.49,0.00,0.00,0.00,0.00,0.00,0.00
43774.50,5.54,1338.36,1.00,23.60,79.32,22.94,0.00,0.00,0.00,0.00,0.00,0.00
43780.50,5.58,1338.74,1.00,23.60,79.33,20.63,0.00,0.00,0.00,0.00,0.00,0.00
43786.50,5.58,1338.82,1.00,23.60,79.27,22.94,0.00,0.00,0.00,0.00,0.00,0.00
43792.50,5.58,1339.32,1.00,23.60,79.48,21.12,0.00,0.00,0.00,0.00,0.00,0.00
43796.00,5.60,1338.99,1.00,23.60,79.30,20.16,0.00,0.00,0.00,0.00,0.00,0.00
43799.50,5.60,1339.49,1.00,23.60,79.55,20.41,0.00,0.00,0.00,0.00,0.00,0.00
43805.50,5.57,1340.39,1.00,23.60,79.42,22.54,0.00,0.00,0.00,0.00,0.00,0.00
43811.50,5.60,1340.30,1.00,23.60,79.22,22.36,0.00,0.00,0.00,0.00,0.00,0.00
43817.50,5.59,1340.86,1.00,23.60,79.55,21.94,0.00,0.00,0.00,0.00,0.00,0.00
43823.00,5.59,1341.23,1.00,23.60,79.78,20.70,0.00,0.00,0.00,0.00,0.00,0.20
43828.50,5.57,1341.50,1.00,23.60,79.63,22.15,0.00,0.00,0.00,0.00,0.00,0.00
43834.50,5.58,1341.50,1.00,23.60,79.67,21.24,0.00,0.00,0.00,0.00,0.00,0.00
43840.50,5.58,1342.27,1.00,23.60,79.78,21.41,0.00,0.00,0.00,0.00,0.00,0.00
43846.50,5.57,1342.70,1.00,23.60,79.87,21.31,0.00,0.00,0.00,0.00,0.00,0.00
43852.50,5.57,1343.23,1.00,23.60,79.95,21.41,0.00,0.00,0.00,0.00,0.00,0.00
43858.50,5.59,1343.22,1.00,23.60,80.02,20.25,0.00,0.00,0.00,0.00,0.00,0.00
43864.50,5.58,1343.78,1.00,23.60,80.02,19.20,0.00,0.00,0.00,0.00,0.00,0.17
43870.50,5.58,1344.03,1.00,23.60,80.07,19.60,0.00,0.00,0.00,0.00,0.00,0.00
43876.50,5.56,1344.53,1.00,23.58,80.05,22.16,0.00,0.00,0.00,0.00,0.00,0.00
43882.50,5.59,1344.95,1.00,23.58,79.90,22.12,0.00,0.00,0.00,0.00,0.00,0.00
43888.50,5.59,1345.13,1.00,23.58,80.12,21.64,0.00,0.00,0.00,0.00,0.00,0.00
43894.50,5.60,1345.64,1.00,23.60,80.08,21.12,0.00,0.00,0.00,0.00,0.00,0.00
43900.50,5.58,1346.15,1.00,23.60,79.70,20.99,0.00,0.00,0.00,0.00,0.00,0.00
43906.50,5.58,1346.32,1.00,23.58,79.77,21.66,0.00,0.00,0.00,0.00,0.00,0.00
43912.50,5.57,1346.82,1.00,23.60,79.38,21.48,0.00,0.00,0.00,0.00,0.00,0.00
43918.50,5.58,1347.34,1.00,23.60,79.37,21.18,0.00,0.00,0.00,0.00,0.00,0.00
43924.50,5.59,1347.61,1.00,23.58,79.20,20.87,0.00,0.00,0.00,0.00,0.00,0.00
43930.50,5.57,1347.96,1.00,23.60,79.40,22.63,0.00,0.00,0.00,0.00,0.00,0.00
43936.50,5.57,1348.57,1.00,23.60,79.58,21.78,0.00,0.00,0.00,0.00,0.00,0.17
43942.50,5.59,1348.72,1.00,23.60,79.52,21.21,0.00,0.00,0.00,0.00,0.00,0.00
43948.50,5.58,1349.15,1.00,23.60,79.67,21.92,0.00,0.00,0.00,0.00,0.00,0.00
43954.50,5.60,1349.56,1.00,23.60,79.30,23.09,0.00,0.00,0.00,0.00,0.00,0.00
43960.50,5.55,1350.00,1.00,23.58,79.48,20.83,0.00,0.00,0.00,0.00,0.00,0.00
43966.50,5.59,1350.26,1.00,23.58,79.42,22.16,0.00,0.00,0.00,0.00,0.00,0.00
43972.50,5.61,1350.63,1.00,23.55,79.42,21.37,0.00,0.00,0.00,0.00,0.00,0.00
43978.50,5.57,1350.79,1.00,23.57,79.62,21.50,0.00,0.00,0.00,0.00,0.00,0.00
43984.50,5.57,1351.14,1.00,23.58,79.63,21.25,0.00,0.00,0.00,0.00,0.00,0.00
43990.50,5.58,1351.54,1.00,23.53,79.35,20.62,0.00,0.00,0.00,0.00,0.00,0.00
43996.50,5.58,1351.67,1.00,23.58,79.18,20.59,0.00,0.00,0.00,0.00,0.00,0.00
44002.50,5.59,1352.13,1.00,23.53,79.28,20.04,0.00,0.00,0.00,0.00,0.00,0.00
44008.50,5.56,1352.60,1.00,23.57,79.22,20.92,0.00,0.00,0.00,0.00,0.00,0.00
44014.50,5.59,1352.84,1.00,23.55,79.17,22.06,0.00,0.00,0.00,0.00,0.00,0.00
44020.50,5.58,1353.23,1.00,23.53,79.35,21.18,0.00,0.00,0.00,0.00,0.00,0.00
44026.50,5.57,1353.69,1.00,23.53,79.42,21.88,0.00,0.00,0.00,0.00,0.00,0.00
44032.50,5.57,1354.20,1.00,23.52,79.30,20.86,0.00,0.00,0.00,0.00,0.00,0.00
44038.50,5.59,1354.34,1.00,23.50,79.37,21.46,0.00,0.00,0.00,0.00,0.00,0.00
44044.50,5.57,1354.63,1.00,23.53,79.32,22.33,0.00,0.00,0.00,0.00,0.00,0.00
44050.50,5.55,1355.07,1.00,23.50,79.48,21.32,0.00,0.00,0.00,0.00,0.00,0.33
44056.50,5.59,1355.35,1.00,23.50,79.58,22.16,0.00,0.00,0.00,0.00,0.00,0.00
44062.50,5.55,1355.95,1.00,23.50,79.57,20.66,0.00,0.00,0.00,0.00,0.00,0.00
44068.50,5.57,1356.34,1.00,23.52,79.60,22.08,0.00,0.00,0.00,0.00,0.00,0.00
44074.50,5.62,1357.13,1.00,23.50,79.33,20.22,0.00,0.00,0.00,0.00,0.00,0.17
44080.50,5.57,1357.23,1.00,23.50,79.07,21.04,0.00,0.00,0.00,0.00,0.00,0.00
44086.50,5.55,1357.59,1.00,23.50,79.15,21.32,0.00,0.00,0.00,0.00,0.00,0.00
44092.50,5.62,1357.60,1.00,23.50,79.38,22.85,0.00,0.00,0.00,0.00,0.00,0.17
44098.50,5.62,1358.09,1.00,23.50,79.52,21.77,0.00,0.00,0.00,0.00,0.00,0.00
44104.50,5.58,1358.74,1.00,23.50,79.57,21.87,0.00,0.00,0.00,0.00,0.00,0.00
44110.50,5.57,1359.05,1.00,23.50,79.33,21.32,0.00,0.00,0.00,0.00,0.00,0.00
44116.50,5.59,1359.63,1.00,23.50,79.43,22.49,0.00,0.00,0.00,0.00,0.00,0.00
44122.50,5.60,1359.54,1.00,23.50,79.42,20.44,0.00,0.00,0.00,0.00,0.00,0.00
44128.50,5.60,1360.28,1.00,23.50,79.53,21.59,0.00,0.00,0.00,0.00,0.00,0.00
44134.50,5.59,1360.77,1.00,23.50,79.58,20.50,0.00,0.00,0.00,0.00,0.00,0.17
44140.50,5.61,1361.00,1.00,23.50,79.58,23.64,0.00,0.00,0.00,0.00,0.00,0.17
44146.50,5.55,1361.34,1.00,23.50,79.60,20.36,0.00,0.00,0.00,0.00,0.00,0.00
44152.50,5.59,1361.56,1.00,23.50,79.77,23.16,0.00,0.00,0.00,0.00,0.00,0.00
44158.50,5.58,1362.16,1.00,23.50,79.68,21.25,0.00,0.00,0.00,0.00,0.00,0.00
44164.50,5.56,1362.66,1.00,23.50,79.45,21.74,0.00,0.00,0.00,0.00,0.00,0.00
44170.50,5.56,1363.00,1.00,23.50,79.52,21.71,0.00,0.00,0.00,0.00,0.00,0.00
44176.50,5.60,1363.72,1.00,23.50,79.58,21.53,0.00,0.00,0.00,0.00,0.00,0.00
44182.50,5.59,1363.77,1.00,23.50,79.15,21.25,0.00,0.00,0.00,0.00,0.00,0.00
44188.50,5.57,1364.15,1.00,23.50,79.07,21.72,0.00,0.00,0.00,0.00,0.00,0.17
44194.50,5.58,1364.73,1.00,23.48,78.73,21.67,0.00,0.00,0.00,0.00,0.00,0.00
44200.50,5.56,1365.15,1.00,23.50,78.72,20.19,0.00,0.00,0.00,0.00,0.00,0.00
44206.50,5.60,1365.55,1.00,23.47,78.35,23.08,0.00,0.00,0.00,0.00,0.00,0.00
44212.50,5.56,1366.15,1.00,23.42,78.38,20.58,0.00,0.00,0.00,0.00,0.00,0.00
44218.50,5.61,1366.60,1.00,23.40,78.13,21.42,0.00,0.00,0.00,0.00,0.00,0.00
44224.50,5.57,1367.13,1.00,23.40,78.28,22.06,0.00,0.00,0.00,0.00,0.00,0.00
44230.50,5.58,1367.33,1.00,23.40,78.55,22.63,0.00,0.00,0.00,0.00,0.00,0.00
44236.50,5.60,1368.04,1.00,23.40,78.82,20.88,0.00,0.00,0.00,0.00,0.00,0.00
44242.50,5.56,1368.27,1.00,23.40,79.13,20.97,0.00,0.00,0.00,0.00,0.00,0.00
44248.50,5.58,1368.37,1.00,23.40,79.15,20.47,0.00,0.00,0.00,0.00,0.00,0.00
44254.50,5.61,1368.75,1.00,23.40,79.02,22.41,0.00,0.00,0.00,0.00,0.00,0.00
44260.50,5.53,1369.47,1.00,23.40,79.20,21.12,0.00,0.00,0.00,0.00,0.00,0.17
44266.50,5.57,1369.88,1.00,23.40,79.30,20.97,0.00,0.00,0.00,0.00,0.00,0.00
44272.50,5.55,1370.57,1.00,23.40,79.48,23.29,0.00,0.00,0.00,0.00,0.00,0.33
44278.50,5.58,1370.76,1.00,23.40,79.57,21.59,0.00,0.00,0.00,0.00,0.00,0.00
44284.50,5.58,1371.32,1.00,23.40,79.60,22.31,0.00,0.00,0.00,0.00,0.00,0.00
44290.50,5.59,1371.52,1.00,23.40,79.53,21.47,0.00,0.00,0.00,0.00,0.00,0.17
44296.50,5.57,1371.90,1.00,23.40,79.37,20.62,0.00,0.00,0.00,0.00,0.00,0.00
44302.50,5.53,1372.17,1.00,23.40,79.43,21.38,0.00,0.00,0.00,0.00,0.00,0.00
44308.50,5.56,1372.65,1.00,23.38,79.28,21.58,0.00,0.00,0.00,0.00,0.00,0.00
44314.50,5.57,1373.13,1.00,23.40,79.47,20.75,0.00,0.00,0.00,0.00,0.00,0.17
44320.50,5.56,1373.17,1.00,23.40,79.33,20.19,0.00,0.00,0.00,0.00,0.00,0.17
44326.00,5.56,1373.51,1.00,23.40,79.33,22.05,0.00,0.00,0.00,0.00,0.00,0.20
44331.50,5.58,1373.69,1.00,23.40,79.53,21.44,0.00,0.00,0.00,0.00,0.00,0.17
44337.50,5.60,1373.97,1.00,23.40,79.72,20.95,0.00,0.00,0.00,0.00,0.00,0.00
44343.50,5.55,1374.30,1.00,23.40,79.57,20.95,0.00,0.00,0.00,0.00,0.00,0.00
44349.50,5.59,1374.33,1.00,23.40,79.65,22.43,0.00,0.00,0.00,0.00,0.00,0.00
44355.50,5.58,1374.70,1.00,23.40,79.75,19.80,0.00,0.00,0.00,0.00,0.00,0.50
44361.50,5.57,1375.30,1.00,23.40,79.57,22.89,0.00,0.00,0.00,0.00,0.00,0.00
44367.50,5.56,1375.80,1.00,23.40,79.52,23.57,0.00,0.00,0.00,0.00,0.00,0.00
44373.50,5.59,1375.64,1.00,23.40,79.32,21.27,0.00,0.00,0.00,0.00,0.00,0.00
44379.50,5.59,1375.86,1.00,23.40,79.62,22.64,0.00,0.00,0.00,0.00,0.00,0.00
44385.50,5.59,1376.31,1.00,23.40,79.80,20.49,0.00,0.00,0.00,0.00,0.00,0.00
44391.50,5.60,1376.70,1.00,23.40,79.75,19.37,0.00,0.00,0.00,0.00,0.00,0.00
44397.50,5.57,1376.87,1.00,23.40,79.48,22.41,0.00,0.00,0.00,0.00,0.00,0.00
44403.50,5.58,1377.23,1.00,23.40,79.23,20.77,0.00,0.00,0.00,0.00,0.00,0.17
44409.50,5.62,1377.62,1.00,23.40,79.30,21.72,0.00,0.00,0.00,0.00,0.00,0.00
44415.50,5.59,1378.13,1.00,23.40,79.45,19.45,0.00,0.00,0.00,0.00,0.00,0.00
44421.50,5.59,1378.88,1.00,23.40,79.43,21.45,0.00,0.00,0.00,0.00,0.00,0.00
44427.50,5.62,1379.58,1.00,23.40,79.55,21.09,0.00,0.00,0.00,0.00,0.00,0.00
44433.50,5.55,1380.23,1.00,23.40,79.43,21.28,0.00,0.00,0.00,0.00,0.00,0.00
44439.50,5.58,1380.77,1.00,23.40,79.35,21.12,0.00,0.00,0.00,0.00,0.00,0.00
44445.50,5.58,1380.68,1.00,23.40,79.16,22.46,0.00,0.00,0.00,0.00,0.00,0.17
44451.50,5.60,1381.41,1.00,23.40,79.47,20.77,0.00,0.00,0.00,0.00,0.00,0.00
44456.50,5.55,1381.79,1.00,23.40,79.17,21.41,0.00,0.00,0.00,0.00,0.00,0.00
44461.50,5.62,1382.14,1.00,23.40,79.23,23.28,0.00,0.00,0.00,0.00,0.00,0.00
44467.50,5.54,1382.38,1.00,23.40,79.14,20.39,0.00,0.00,0.00,0.00,0.00,0.17
44473.50,5.54,1383.13,1.00,23.40,79.10,22.03,0.00,0.00,0.00,0.00,0.00,0.00
44479.50,5.60,1383.50,1.00,23.40,79.14,21.06,0.00,0.00,0.00,0.00,0.00,0.17
44485.50,5.57,1383.69,1.00,23.42,79.22,21.15,0.00,0.00,0.00,0.00,0.00,0.00
44491.50,5.58,1384.51,1.00,23.40,79.22,19.81,0.00,0.00,0.00,0.00,0.00,0.33
44497.50,5.57,1384.65,1.00,23.40,79.10,22.53,0.00,0.00,0.00,0.00,0.00,0.00
44503.50,5.56,1385.34,1.00,23.42,79.45,21.03,0.00,0.00,0.00,0.00,0.00,0.00
44509.50,5.59,1385.50,1.00,23.43,79.53,21.72,0.00,0.00,0.00,0.00,0.00,0.00
44515.50,5.57,1385.33,1.00,23.40,79.35,21.44,0.00,0.00,0.00,0.00,0.00,0.00
44521.50,5.53,1385.61,1.00,23.42,79.27,22.30,0.00,0.00,0.00,0.00,0.00,0.00
44527.50,5.60,1385.74,1.00,23.47,79.42,20.39,0.00,0.00,0.00,0.00,0.00,0.00
44533.50,5.61,1386.01,1.00,23.43,79.67,21.75,0.00,0.00,0.00,0.00,0.00,0.00
44539.50,5.66,1386.41,1.00,23.47,79.65,22.18,0.00,0.00,0.00,0.00,0.00,0.00
44545.50,5.58,1386.49,1.00,23.45,79.53,20.94,0.00,0.00,0.00,0.00,0.00,0.00
44551.50,5.62,1387.10,1.00,23.43,79.15,20.57,0.00,0.00,0.00,0.00,0.00,0.00
44557.50,5.62,1386.95,1.00,23.42,79.17,21.28,0.00,0.00,0.00,0.00,0.00,0.17
44563.50,5.64,1387.48,1.00,23.40,79.43,20.62,0.00,0.00,0.00,0.00,0.00,0.00
44569.50,5.59,1388.20,1.00,23.43,79.37,22.17,0.00,0.00,0.00,0.00,0.00,0.00
44575.50,5.60,1388.52,1.00,23.42,79.32,19.95,0.00,0.00,0.00,0.00,0.00,0.00
44581.50,5.61,1389.30,1.00,23.42,79.60,21.55,0.00,0.00,0.00,0.00,0.00,0.00
44587.50,5.63,1389.49,1.00,23.46,79.51,21.54,0.00,0.00,0.00,0.00,0.00,0.17
44593.50,5.60,1389.60,1.00,23.45,79.53,22.19,0.00,0.00,0.00,0.00,0.00,0.00
44599.50,5.57,1389.91,1.00,23.42,79.40,21.94,0.00,0.00,0.00,0.00,0.00,0.17
44605.50,5.55,1390.18,1.00,23.40,79.50,20.94,0.00,0.00,0.00,0.00,0.00,0.00
44611.50,5.61,1390.85,1.00,23.42,79.28,21.45,0.00,0.00,0.00,0.00,0.00,0.00
44617.50,5.66,1391.12,1.00,23.42,79.37,20.67,0.00,0.00,0.00,0.00,0.00,0.00
44623.50,5.61,1391.78,1.00,23.40,79.58,21.53,0.00,0.00,0.00,0.00,0.00,0.00
44629.50,5.61,1391.99,1.00,23.43,79.70,19.87,0.00,0.00,0.00,0.00,0.00,0.17
44635.50,5.60,1392.41,1.00,23.40,79.83,21.15,0.00,0.00,0.00,0.00,0.00,0.00
44641.50,5.55,1392.75,1.00,23.40,79.77,21.30,0.00,0.00,0.00,0.00,0.00,0.00
44647.50,5.64,1393.33,1.00,23.40,79.57,22.07,0.00,0.00,0.00,0.00,0.00,0.00
44653.50,5.59,1393.52,1.00,23.40,79.63,21.88,0.00,0.00,0.00,0.00,0.00,0.00
44659.50,5.66,1394.24,1.00,23.40,79.58,22.23,0.00,0.00,0.00,0.00,0.00,0.00
44665.50,5.59,1394.55,1.00,23.40,79.43,20.93,0.00,0.00,0.00,0.00,0.00,0.00
44671.50,5.60,1394.94,1.00,23.40,79.32,21.09,0.00,0.00,0.00,0.00,0.00,0.00
44677.50,5.60,1395.55,1.00,23.40,79.28,22.18,0.00,0.00,0.00,0.00,0.00,0.00
44683.50,5.65,1395.83,1.00,23.40,79.27,22.14,0.00,0.00,0.00,0.00,0.00,0.00
44689.50,5.64,1396.48,1.00,23.40,79.23,21.74,0.00,0.00,0.00,0.00,0.00,0.00
44695.50,5.62,1396.60,1.00,23.40,79.30,20.18,0.00,0.00,0.00,0.00,0.00,0.00
44701.50,5.62,1397.52,1.00,23.40,79.38,21.73,0.00,0.00,0.00,0.00,0.00,0.17
44707.50,5.63,1397.48,1.00,23.40,79.50,21.43,0.00,0.00,0.00,0.00,0.00,0.00
44713.50,5.58,1397.99,1.00,23.40,79.48,21.58,0.00,0.00,0.00,0.00,0.00,0.00
44719.50,5.61,1398.44,1.00,23.40,79.62,23.47,0.00,0.00,0.00,0.00,0.00,0.00
44725.50,5.61,1398.41,1.00,23.40,79.50,22.04,0.00,0.00,0.00,0.00,0.00,0.00
44731.50,5.58,1399.15,1.00,23.40,79.62,21.84,0.00,0.00,0.00,0.00,0.00,0.00
44737.50,5.61,1399.39,1.00,23.40,79.62,20.92,0.00,0.00,0.00,0.00,0.00,0.00
44743.50,5.64,1399.54,1.00,23.40,79.43,20.38,0.00,0.00,0.00,0.00,0.00,0.00
44749.50,5.65,1399.88,1.00,23.40,79.33,21.67,0.00,0.00,0.00,0.00,0.00,0.00
44755.50,5.59,1399.87,1.00,23.40,79.47,22.04,0.00,0.00,0.00,0.00,0.00,0.17
44761.50,5.65,1399.83,1.00,23.36,79.60,21.77,0.00,0.00,0.00,0.00,0.00,0.17
44767.50,5.66,1400.22,1.00,23.40,79.63,22.89,0.00,0.00,0.00,0.00,0.00,0.00
44773.50,5.63,1400.59,1.00,23.40,79.40,20.40,0.00,0.00,0.00,0.00,0.00,0.00
44779.50,5.59,1400.61,1.00,23.40,79.35,19.81,0.00,0.00,0.00,0.00,0.00,0.00
44785.50,5.65,1401.10,1.00,23.35,79.28,22.22,0.00,0.00,0.00,0.00,0.00,0.00
44791.50,5.60,1401.03,1.00,23.37,79.23,22.01,0.00,0.00,0.00,0.00,0.00,0.00
44797.50,5.62,1401.53,1.00,23.37,79.32,23.41,0.00,0.00,0.00,0.00,0.00,0.00
44803.50,5.69,1402.01,1.00,23.35,79.30,22.02,0.00,0.00,0.00,0.00,0.00,0.00
44809.50,5.69,1401.85,1.00,23.33,79.43,21.59,0.00,0.00,0.00,0.00,0.00,0.00
44815.50,5.65,1402.33,1.00,23.35,79.12,21.74,0.00,0.00,0.00,0.00,0.00,0.00
44821.50,5.67,1402.34,1.00,23.32,79.27,20.86,0.00,0.00,0.00,0.00,0.00,0.00
44827.50,5.62,1403.08,1.00,23.30,79.43,20.76,0.00,0.00,0.00,0.00,0.00,0.00
44833.50,5.67,1403.35,1.00,23.30,79.07,21.13,0.00,0.00,0.00,0.00,0.00,0.00
44839.50,5.64,1403.59,1.00,23.32,79.37,19.85,0.00,0.00,0.00,0.00,0.00,0.00
44845.50,5.67,1404.24,1.00,23.30,79.50,21.52,0.00,0.00,0.00,0.00,0.00,0.00
44851.50,5.66,1404.57,1.00,23.30,79.52,21.83,0.00,0.00,0.00,0.00,0.00,0.00
44857.50,5.67,1404.48,1.00,23.30,79.73,20.46,0.00,0.00,0.00,0.00,0.00,0.00
44863.50,5.63,1405.44,1.00,23.30,79.85,21.51,0.00,0.00,0.00,0.00,0.00,0.00
44869.50,5.67,1405.86,1.00,23.30,79.65,22.09,0.00,0.00,0.00,0.00,0.00,0.17
44875.50,5.64,1406.45,1.00,23.30,79.08,20.45,0.00,0.00,0.00,0.00,0.00,0.00
44881.50,5.70,1406.43,1.00,23.30,79.15,22.89,0.00,0.00,0.00,0.00,0.00,0.00
44887.50,5.64,1407.51,1.00,23.30,79.19,22.39,0.00,0.00,0.00,0.00,0.00,0.17
44893.50,5.68,1407.46,1.00,23.30,79.25,20.79,0.00,0.00,0.00,0.00,0.00,0.00
44899.50,5.72,1408.10,1.00,23.30,79.28,20.81,0.00,0.00,0.00,0.00,0.00,0.00
44905.50,5.61,1408.60,1.00,23.30,79.47,20.77,0.00,0.00,0.00,0.00,0.00,0.17
44911.50,5.69,1408.98,1.00,23.30,79.28,20.84,0.00,0.00,0.00,0.00,0.00,0.17
44917.50,5.70,1409.36,1.00,23.30,79.37,21.94,0.00,0.00,0.00,0.00,0.00,0.17
44923.50,5.70,1409.76,1.00,23.30,79.58,20.45,0.00,0.00,0.00,0.00,0.00,0.00
44929.50,5.62,1410.29,1.00,23.30,79.50,21.87,0.00,0.00,0.00,0.00,0.00,0.00
44935.50,5.67,1410.53,1.00,23.30,79.39,21.62,0.00,0.00,0.00,0.00,0.00,0.17
44941.50,5.65,1411.18,1.00,23.30,79.40,21.28,0.00,0.00,0.00,0.00,0.00,0.00
44947.50,5.70,1411.32,1.00,23.30,79.47,19.63,0.00,0.00,0.00,0.00,0.00,0.17
44953.50,5.70,1411.47,1.00,23.30,79.13,21.10,0.00,0.00,0.00,0.00,0.00,0.00
44959.50,5.67,1412.52,1.00,23.30,79.30,22.00,0.00,0.00,0.00,0.00,0.00,0.00
44965.50,5.69,1412.82,1.00,23.30,79.43,22.34,0.00,0.00,0.00,0.00,0.00,0.00
44971.50,5.64,1413.58,1.00,23.30,79.48,22.56,0.00,0.00,0.00,0.00,0.00,0.00
44977.50,5.67,1414.08,1.00,23.30,79.77,20.48,0.00,0.00,0.00,0.00,0.00,0.00
44983.50,5.70,1414.40,1.00,23.30,79.67,21.94,0.00,0.00,0.00,0.00,0.00,0.00
44989.50,5.67,1415.00,1.00,23.30,79.67,23.35,0.00,0.00,0.00,0.00,0.00,0.00
44995.50,5.68,1415.30,1.00,23.30,79.32,22.25,0.00,0.00,0.00,0.00,0.00,0.17
45001.50,5.67,1416.07,1.00,23.30,79.55,22.02,0.00,0.00,0.00,0.00,0.00,0.00
45007.50,5.71,1415.89,1.00,23.30,79.68,21.13,0.00,0.00,0.00,0.00,0.00,0.00
45013.50,5.70,1416.70,1.00,23.30,79.72,22.39,0.00,0.00,0.00,0.00,0.00,0.00
45019.50,5.67,1416.90,1.00,23.30,79.58,21.91,0.00,0.00,0.00,0.00,0.00,0.00
45025.50,5.68,1416.91,1.00,23.30,79.30,21.48,0.00,0.00,0.00,0.00,0.00,0.00
45031.50,5.68,1417.48,1.00,23.30,79.51,22.87,0.00,0.00,0.00,0.00,0.00,0.17
45037.50,5.72,1417.61,1.00,23.30,79.75,20.61,0.00,0.00,0.00,0.00,0.00,0.00
45043.50,5.69,1418.49,1.00,23.30,79.68,22.74,0.00,0.00,0.00,0.00,0.00,0.00
45049.50,5.70,1418.68,1.00,23.30,79.63,21.28,0.00,0.00,0.00,0.00,0.00,0.00
45055.50,5.69,1419.52,1.00,23.30,79.62,20.60,0.00,0.00,0.00,0.00,0.00,0.00
45061.50,5.69,1419.59,1.00,23.30,79.63,21.81,0.00,0.00,0.00,0.00,0.00,0.00
45067.50,5.70,1420.07,1.00,23.28,79.32,21.23,0.00,0.00,0.00,0.00,0.00,0.00
45073.50,5.68,1420.43,1.00,23.30,79.55,21.05,0.00,0.00,0.00,0.00,0.00,0.00
45079.50,5.71,1420.66,1.00,23.30,79.63,21.41,0.00,0.00,0.00,0.00,0.00,0.00
45085.50,5.74,1420.90,1.00,23.30,79.62,21.25,0.00,0.00,0.00,0.00,0.00,0.00
45091.50,5.69,1421.64,1.00,23.30,79.51,21.54,0.00,0.00,0.00,0.00,0.00,0.17
45097.50,5.70,1422.03,1.00,23.30,79.50,22.38,0.00,0.00,0.00,0.00,0.00,0.00
45103.50,5.71,1422.72,1.00,23.28,79.47,22.50,0.00,0.00,0.00,0.00,0.00,0.00
45109.50,5.63,1423.22,1.00,23.30,79.39,21.04,0.00,0.00,0.00,0.00,0.00,0.17
45115.50,5.66,1423.77,1.00,23.30,79.47,22.94,0.00,0.00,0.00,0.00,0.00,0.00
45121.50,5.74,1423.97,1.00,23.30,79.50,23.19,0.00,0.00,0.00,0.00,0.00,0.00
45127.50,5.70,1424.97,1.00,23.30,79.65,22.45,0.00,0.00,0.00,0.00,0.00,0.00
45133.50,5.72,1425.59,1.00,23.30,79.48,21.82,0.00,0.00,0.00,0.00,0.00,0.00
45139.50,5.72,1426.14,1.00,23.25,79.62,20.27,0.00,0.00,0.00,0.00,0.00,0.00
45145.50,5.74,1426.39,1.00,23.27,79.40,20.74,0.00,0.00,0.00,0.00,0.00,0.00
45151.50,5.70,1427.44,1.00,23.25,79.37,21.93,0.00,0.00,0.00,0.00,0.00,0.00
45157.50,5.73,1427.77,1.00,23.27,79.48,22.98,0.00,0.00,0.00,0.00,0.00,0.00
45163.50,5.68,1428.51,1.00,23.25,79.35,21.39,0.00,0.00,0.00,0.00,0.00,0.00
45169.50,5.66,1429.40,1.00,23.23,79.27,21.59,0.00,0.00,0.00,0.00,0.00,0.00
45175.50,5.68,1430.39,1.00,23.20,79.29,22.13,0.00,0.00,0.00,0.00,0.00,0.17
45181.50,5.69,1430.54,1.00,23.20,79.10,21.43,0.00,0.00,0.00,0.00,0.00,0.17
45187.50,5.71,1431.33,1.00,23.22,78.95,22.15,0.00,0.00,0.00,0.00,0.00,0.00
45193.50,5.67,1432.21,1.00,23.23,79.12,20.35,0.00,0.00,0.00,0.00,0.00,0.00
45199.50,5.68,1432.81,1.00,23.20,79.42,21.33,0.00,0.00,0.00,0.00,0.00,0.17
45205.50,5.64,1433.76,1.00,23.22,79.67,22.23,0.00,0.00,0.00,0.00,0.00,0.17
45211.50,5.71,1433.94,1.00,23.20,79.75,21.43,0.00,0.00,0.00,0.00,0.00,0.00
45217.50,5.71,1434.40,1.00,23.22,79.78,20.22,0.00,0.00,0.00,0.00,0.00,0.00
45223.50,5.75,1434.87,1.00,23.22,79.68,22.89,0.00,0.00,0.00,0.00,0.00,0.00
45229.50,5.65,1435.41,1.00,23.20,79.38,20.95,0.00,0.00,0.00,0.00,0.00,0.17
45235.50,5.71,1435.63,1.00,23.20,79.41,21.66,0.00,0.00,0.00,0.00,0.00,0.17
45241.50,5.71,1436.23,1.00,23.22,79.38,20.56,0.00,0.00,0.00,0.00,0.00,0.00
45247.50,5.77,1436.14,1.00,23.23,79.47,22.99,0.00,0.00,0.00,0.00,0.00,0.33
45253.50,5.76,1437.25,1.00,23.20,79.40,22.05,0.00,0.00,0.00,0.00,0.00,0.00
45259.50,5.75,1437.52,1.00,23.22,79.33,20.42,0.00,0.00,0.00,0.00,0.00,0.00
45265.50,5.67,1438.07,1.00,23.22,79.42,21.30,0.00,0.00,0.00,0.00,0.00,0.00
45271.50,5.69,1438.52,1.00,23.22,79.68,21.60,0.00,0.00,0.00,0.00,0.00,0.17
45277.50,5.71,1438.75,1.00,23.22,79.73,21.98,0.00,0.00,0.00,0.00,0.00,0.00
45283.50,5.70,1439.30,1.00,23.22,79.78,21.30,0.00,0.00,0.00,0.00,0.00,0.00
45289.50,5.69,1439.75,1.00,23.20,79.67,20.20,0.00,0.00,0.00,0.00,0.00,0.00
45295.50,5.73,1440.52,1.00,23.22,79.68,19.89,0.00,0.00,0.00,0.00,0.00,0.33
45301.50,5.73,1440.69,1.00,23.20,79.70,21.95,0.00,0.00,0.00,0.00,0.00,0.00
45307.50,5.72,1440.81,1.00,23.20,79.73,19.54,0.00,0.00,0.00,0.00,0.00,0.00
45313.50,5.65,1441.69,1.00,23.22,79.82,22.16,0.00,0.00,0.00,0.00,0.00,0.00
45319.50,5.69,1442.20,1.00,23.22,79.53,21.22,0.00,0.00,0.00,0.00,0.00,0.00
45325.50,5.72,1442.75,1.00,23.20,79.43,21.56,0.00,0.00,0.00,0.00,0.00,0.00
45331.50,5.73,1443.35,1.00,23.20,79.42,21.41,0.00,0.00,0.00,0.00,0.00,0.17
45337.50,5.68,1443.38,1.00,23.20,79.58,22.62,0.00,0.00,0.00,0.00,0.00,0.17
45343.50,5.65,1444.17,1.00,23.20,79.65,21.91,0.00,0.00,0.00,0.00,0.00,0.00
45349.50,5.69,1444.77,1.00,23.20,79.78,21.74,0.00,0.00,0.00,0.00,0.00,0.00
45355.50,5.71,1445.20,1.00,23.20,79.83,21.58,0.00,0.00,0.00,0.00,0.00,0.00
45361.50,5.76,1445.98,1.00,23.20,79.97,21.32,0.00,0.00,0.00,0.00,0.00,0.00
45367.50,5.73,1446.38,1.00,23.20,79.87,20.74,0.00,0.00,0.00,0.00,0.00,0.00
45373.50,5.74,1446.77,1.00,23.22,79.48,21.07,0.00,0.00,0.00,0.00,0.00,0.17
45379.50,5.70,1447.48,1.00,23.20,79.55,22.83,0.00,0.00,0.00,0.00,0.00,0.00
45385.50,5.71,1448.12,1.00,23.20,79.53,20.64,0.00,0.00,0.00,0.00,0.00,0.00
45391.50,5.62,1448.76,1.00,23.22,79.58,22.20,0.00,0.00,0.00,0.00,0.00,0.00
45397.50,5.72,1449.26,1.00,23.21,79.61,21.27,0.00,0.00,0.00,0.00,0.00,0.17
45403.50,5.71,1449.72,1.00,23.20,79.47,22.00,0.00,0.00,0.00,0.00,0.00,0.00
45409.50,5.69,1450.07,1.00,23.20,79.69,22.47,0.00,0.00,0.00,0.00,0.00,0.17
45415.50,5.68,1450.81,1.00,23.20,79.88,22.56,0.00,0.00,0.00,0.00,0.00,0.00
45421.50,5.64,1451.41,1.00,23.22,79.92,21.56,0.00,0.00,0.00,0.00,0.00,0.00
45427.50,5.64,1451.75,1.00,23.20,79.72,22.21,0.00,0.00,0.00,0.00,0.00,0.00
45433.50,5.72,1451.77,1.00,23.20,79.80,21.91,0.00,0.00,0.00,0.00,0.00,0.00
45439.50,5.62,1452.71,1.00,23.20,80.03,20.48,0.00,0.00,0.00,0.00,0.00,0.00
45445.50,5.64,1452.75,1.00,23.22,80.23,21.60,0.00,0.00,0.00,0.00,0.00,0.17
45451.50,5.66,1453.71,1.00,23.20,79.55,21.34,0.00,0.00,0.00,0.00,0.00,0.00
45457.50,5.70,1453.84,1.00,23.20,79.33,20.89,0.00,0.00,0.00,0.00,0.00,0.00
45463.50,5.70,1454.89,1.00,23.20,79.42,20.61,0.00,0.00,0.00,0.00,0.00,0.00
45469.50,5.61,1455.05,1.00,23.20,79.36,21.57,0.00,0.00,0.00,0.00,0.00,0.17
45475.50,5.68,1455.77,1.00,23.20,79.33,21.68,0.00,0.00,0.00,0.00,0.00,0.00
45481.50,5.66,1456.35,1.00,23.20,79.65,21.82,0.00,0.00,0.00,0.00,0.00,0.00
45487.50,5.71,1457.09,1.00,23.20,79.75,21.67,0.00,0.00,0.00,0.00,0.00,0.17
45493.50,5.67,1457.02,1.00,23.20,79.78,22.34,0.00,0.00,0.00,0.00,0.00,0.00
45499.50,5.68,1457.62,1.00,23.22,79.73,21.09,0.00,0.00,0.00,0.00,0.00,0.00
45505.50,5.64,1458.13,1.00,23.20,79.65,21.23,0.00,0.00,0.00,0.00,0.00,0.00
45511.50,5.68,1458.68,1.00,23.20,79.37,23.21,0.00,0.00,0.00,0.00,0.00,0.00
45517.50,5.62,1459.44,1.00,23.20,78.97,22.24,0.00,0.00,0.00,0.00,0.00,0.00
45523.50,5.66,1459.73,1.00,23.22,79.27,21.74,0.00,0.00,0.00,0.00,0.00,0.00
45529.50,5.61,1460.43,1.00,23.22,79.58,22.64,0.00,0.00,0.00,0.00,0.00,0.00
45535.50,5.64,1460.74,1.00,23.22,79.48,20.68,0.00,0.00,0.00,0.00,0.00,0.00
45540.50,5.66,1461.82,1.00,23.23,79.42,20.64,0.00,0.00,0.00,0.00,0.00,0.00
45545.50,5.68,1174.57,1.00,23.24,79.34,21.73,0.00,0.00,0.00,0.00,0.00,0.17
45551.50,5.68,1148.37,1.00,23.27,78.95,20.16,0.00,0.00,0.00,0.00,0.00,0.00
45557.50,5.67,1148.28,1.00,23.25,78.95,22.55,0.00,0.00,0.00,0.00,0.00,0.00
45563.50,5.70,1148.73,1.00,23.28,78.80,21.94,0.00,0.00,0.00,0.00,0.00,0.00
45569.50,5.73,1148.61,1.00,23.30,79.23,21.10,0.00,0.00,0.00,0.00,0.00,0.00
45575.50,5.67,1148.66,1.00,23.30,79.53,21.31,0.00,0.00,0.00,0.00,0.00,0.00
45581.50,5.73,1148.32,1.00,23.30,79.57,20.70,0.00,0.00,0.00,0.00,0.00,0.00
45587.50,5.67,1148.70,1.00,23.30,79.48,20.61,0.00,0.00,0.00,0.00,0.00,0.00
45593.50,5.67,1148.70,1.00,23.28,79.40,21.08,0.00,0.00,0.00,0.00,0.00,0.00
45599.50,5.70,1148.23,1.00,23.30,79.75,21.29,0.00,0.00,0.00,0.00,0.00,0.00
45605.50,5.73,1148.77,1.00,23.30,79.90,21.06,0.00,0.00,0.00,0.00,0.00,0.17
45611.50,5.66,1148.99,1.00,23.30,79.75,22.88,0.00,0.00,0.00,0.00,0.00,0.00
45617.50,5.70,1148.82,1.00,23.27,79.80,21.81,0.00,0.00,0.00,0.00,0.00,0.00
45623.50,5.67,1148.96,1.00,23.27,79.53,20.95,0.00,0.00,0.00,0.00,0.00,0.00
45629.50,5.67,1148.81,1.00,23.28,79.69,21.23,0.00,0.00,0.00,0.00,0.00,0.17
45635.50,5.66,1148.84,1.00,23.25,79.45,20.79,0.00,0.00,0.00,0.00,0.00,0.00
45641.50,5.71,1148.80,1.00,23.25,79.32,21.80,0.00,0.00,0.00,0.00,0.00,0.00
45647.50,5.66,1148.85,1.00,23.25,79.23,21.76,0.00,0.00,0.00,0.00,0.00,0.17
45653.50,5.67,1149.13,1.00,23.23,79.13,23.40,0.00,0.00,0.00,0.00,0.00,0.00
45659.50,5.71,1148.82,1.00,23.23,79.18,21.27,0.00,0.00,0.00,0.00,0.00,0.00
45665.50,5.62,1148.74,1.00,23.24,78.98,21.08,0.00,0.00,0.00,0.00,0.00,0.17
45671.50,5.67,1148.56,1.00,23.23,79.00,20.24,0.00,0.00,0.00,0.00,0.00,0.00
45677.50,5.64,1148.56,1.00,23.22,78.90,21.20,0.00,0.00,0.00,0.00,0.00,0.00
45683.50,5.64,1148.52,1.00,23.23,78.38,21.23,0.00,0.00,0.00,0.00,0.00,0.00
45689.50,5.68,1148.89,1.00,23.25,78.45,21.80,0.00,0.00,0.00,0.00,0.00,0.00
45695.50,5.57,1148.75,1.00,23.27,78.52,22.66,0.00,0.00,0.00,0.00,0.00,0.17
45701.50,5.67,1148.45,1.00,23.30,78.12,22.57,0.00,0.00,0.00,0.00,0.00,0.00
45707.50,5.68,1148.51,1.00,23.30,78.18,21.50,0.00,0.00,0.00,0.00,0.00,0.00
45713.00,5.71,1148.10,1.00,23.30,78.12,21.41,0.00,0.00,0.00,0.00,0.00,0.00
45719.00,5.67,1147.66,1.00,23.35,78.06,21.48,0.00,0.00,0.00,0.00,0.00,0.14
45725.50,5.65,1147.49,1.00,23.40,78.73,21.86,0.00,0.00,0.00,0.00,0.00,0.00
45731.50,5.66,1148.04,1.00,23.40,78.77,21.77,0.00,0.00,0.00,0.00,0.00,0.00
45737.50,5.67,1147.50,1.00,23.40,78.83,21.54,0.00,0.00,0.00,0.00,0.00,0.00
45743.50,5.67,1147.65,1.00,23.42,78.67,22.14,0.00,0.00,0.00,0.00,0.00,0.17
45749.50,5.64,1147.75,1.00,23.47,78.75,20.32,0.00,0.00,0.00,0.00,0.00,0.00
45755.50,5.64,1147.88,1.00,23.50,78.55,21.73,0.00,0.00,0.00,0.00,0.00,0.00
45761.50,5.65,1147.88,1.00,23.50,78.25,22.06,0.00,0.00,0.00,0.00,0.00,0.00
45767.50,5.64,1147.85,1.00,23.50,77.97,21.11,0.00,0.00,0.00,0.00,0.00,0.00
45773.50,5.65,1147.31,1.00,23.50,77.88,21.27,0.00,0.00,0.00,0.00,0.00,0.17
45779.50,5.64,1147.96,1.00,23.50,78.02,21.54,0.00,0.00,0.00,0.00,0.00,0.17
45785.00,5.63,1147.73,1.00,23.50,78.02,22.54,0.00,0.00,0.00,0.00,0.00,0.20
45791.00,5.62,1148.07,1.00,23.56,78.29,21.22,0.00,0.00,0.00,0.00,0.00,0.00
45797.50,5.65,1147.97,1.00,23.60,77.98,21.74,0.00,0.00,0.00,0.00,0.00,0.00
45803.50,5.62,1148.06,1.00,23.60,77.91,21.84,0.00,0.00,0.00,0.00,0.00,0.17
45809.50,5.60,1148.23,1.00,23.58,77.90,21.12,0.00,0.00,0.00,0.00,0.00,0.00
45815.50,5.64,1148.28,1.00,23.60,78.08,20.41,0.00,0.00,0.00,0.00,0.00,0.00
45821.50,5.63,1148.18,1.00,23.60,78.33,23.07,0.00,0.00,0.00,0.00,0.00,0.00
45827.50,5.62,1148.21,1.00,23.60,78.33,20.89,0.00,0.00,0.00,0.00,0.00,0.00
45833.50,5.61,1148.35,1.00,23.60,78.65,22.39,0.00,0.00,0.00,0.00,0.00,0.00
45839.50,5.59,1148.36,1.00,23.60,78.55,20.95,0.00,0.00,0.00,0.00,0.00,0.17
45845.50,5.63,1148.35,1.00,23.60,78.50,22.29,0.00,0.00,0.00,0.00,0.00,0.00
45851.50,5.63,1148.04,1.00,23.60,78.92,21.65,0.00,0.00,0.00,0.00,0.00,0.00
45857.50,5.62,1148.31,1.00,23.65,79.04,20.66,0.00,0.00,0.00,0.00,0.00,0.17
45863.50,5.63,1148.16,1.00,23.65,78.57,20.39,0.00,0.00,0.00,0.00,0.00,0.00
45869.50,5.62,1148.34,1.00,23.67,78.32,22.15,0.00,0.00,0.00,0.00,0.00,0.00
45875.50,5.62,1148.42,1.00,23.67,78.75,22.63,0.00,0.00,0.00,0.00,0.00,0.33
45881.50,5.61,1148.56,1.00,23.70,78.88,23.43,0.00,0.00,0.00,0.00,0.00,0.33
45887.50,5.62,1148.46,1.00,23.70,78.81,21.14,0.00,0.00,0.00,0.00,0.00,0.17
45893.50,5.62,1148.66,1.00,23.70,78.73,20.82,0.00,0.00,0.00,0.00,0.00,0.00
45899.50,5.58,1148.40,1.00,23.70,78.55,21.63,0.00,0.00,0.00,0.00,0.00,0.00
45905.50,5.62,1148.42,1.00,23.70,78.62,20.55,0.00,0.00,0.00,0.00,0.00,0.00
45911.50,5.61,1148.61,1.00,23.70,77.92,20.98,0.00,0.00,0.00,0.00,0.00,0.00
45917.50,5.59,1148.47,1.00,23.70,77.43,22.55,0.00,0.00,0.00,0.00,0.00,0.00
45923.50,5.60,1148.36,1.00,23.70,77.91,22.10,0.00,0.00,0.00,0.00,0.00,0.17
45929.50,5.59,1148.53,1.00,23.70,78.12,21.28,0.00,0.00,0.00,0.00,0.00,0.17
45935.50,5.62,1148.23,1.00,23.70,78.32,21.64,0.00,0.00,0.00,0.00,0.00,0.00
45941.50,5.63,1148.15,1.00,23.74,78.28,21.43,0.00,0.00,0.00,0.00,0.00,0.17
45947.50,5.60,1148.32,1.00,23.75,78.18,21.59,0.00,0.00,0.00,0.00,0.00,0.00
45953.50,5.61,1148.16,1.00,23.78,78.35,21.70,0.00,0.00,0.00,0.00,0.00,0.00
45959.50,5.59,1148.16,1.00,23.80,78.42,22.25,0.00,0.00,0.00,0.00,0.00,0.00
45965.50,5.63,1148.18,1.00,23.80,78.40,21.71,0.00,0.00,0.00,0.00,0.00,0.00
45971.50,5.61,1148.14,1.00,23.80,78.14,20.02,0.00,0.00,0.00,0.00,0.00,0.17
45977.50,5.59,1148.33,1.00,23.80,78.09,21.01,0.00,0.00,0.00,0.00,0.00,0.17
45983.50,5.60,1148.22,1.00,23.80,78.28,21.80,0.00,0.00,0.00,0.00,0.00,0.17
45989.50,5.61,1148.09,1.00,23.80,78.00,21.78,0.00,0.00,0.00,0.00,0.00,0.17
45995.50,5.60,1147.99,1.00,23.80,78.30,21.45,0.00,0.00,0.00,0.00,0.00,0.33
46001.50,5.57,1148.16,1.00,23.82,78.15,22.14,0.00,0.00,0.00,0.00,0.00,0.00
46007.50,5.60,1148.09,1.00,23.82,78.25,22.43,0.00,0.00,0.00,0.00,0.00,0.00
46013.50,5.60,1147.86,1.00,23.86,78.48,21.16,0.00,0.00,0.00,0.00,0.00,0.17
46019.50,5.57,1147.94,1.00,23.90,77.83,22.29,0.00,0.00,0.00,0.00,0.00,0.00
46025.50,5.61,1147.82,1.00,23.90,78.30,22.02,0.00,0.00,0.00,0.00,0.00,0.00
46031.50,5.62,1147.54,1.00,23.90,78.20,21.48,0.00,0.00,0.00,0.00,0.00,0.00
46037.50,5.60,1147.68,1.00,23.90,78.12,22.97,0.00,0.00,0.00,0.00,0.00,0.17
46043.50,5.58,1147.60,1.00,23.90,77.61,22.09,0.00,0.00,0.00,0.00,0.00,0.17
46049.50,5.58,1147.59,1.00,23.90,78.15,20.86,0.00,0.00,0.00,0.00,0.00,0.00
46055.50,5.59,1147.55,1.00,23.90,78.13,21.99,0.00,0.00,0.00,0.00,0.00,0.17
46061.50,5.62,1147.16,1.00,23.90,77.97,21.99,0.00,0.00,0.00,0.00,0.00,0.33
46067.50,5.60,1147.23,1.00,23.92,77.77,22.22,0.00,0.00,0.00,0.00,0.00,0.00
46073.50,5.58,1147.28,1.00,23.95,78.02,19.74,0.00,0.00,0.00,0.00,0.00,0.00
46079.50,5.61,1147.04,1.00,23.95,77.65,20.74,0.00,0.00,0.00,0.00,0.00,0.00
46085.50,5.60,1146.88,1.00,23.98,77.73,22.21,0.00,0.00,0.00,0.00,0.00,0.00
46091.50,5.57,1146.98,1.00,24.00,77.85,20.17,0.00,0.00,0.00,0.00,0.00,0.17
46097.50,5.58,1146.99,1.00,24.00,77.93,22.30,0.00,0.00,0.00,0.00,0.00,0.17
46103.50,5.60,1146.73,1.00,24.00,77.56,20.84,0.00,0.00,0.00,0.00,0.00,0.17
46109.50,5.60,1146.32,1.00,24.00,77.78,20.38,0.00,0.00,0.00,0.00,0.00,0.17
46115.50,5.58,1146.41,1.00,24.00,77.68,21.22,0.00,0.00,0.00,0.00,0.00,0.00
46120.50,5.62,1146.13,1.00,24.00,77.83,21.72,0.00,0.00,0.00,0.00,0.00,0.00
46125.50,5.59,1149.38,1.00,24.00,77.95,20.68,0.00,0.00,0.00,0.00,0.00,0.00
46131.00,5.59,1149.14,1.00,24.00,77.62,22.00,0.00,0.00,0.00,0.00,0.00,0.00
46137.00,5.61,1148.88,1.00,24.01,77.46,21.19,0.00,0.00,0.00,0.00,0.00,0.00
46143.50,5.60,1148.82,1.00,24.00,76.97,21.34,0.00,0.00,0.00,0.00,0.00,0.17
46149.50,5.60,1148.44,1.00,24.02,77.23,21.47,0.00,0.00,0.00,0.00,0.00,0.00
46155.50,5.58,1148.53,1.00,24.07,77.73,21.63,0.00,0.00,0.00,0.00,0.00,0.00
46161.50,5.59,1148.41,1.00,24.05,77.20,21.64,0.00,0.00,0.00,0.00,0.00,0.00
46167.50,5.61,1148.00,1.00,24.02,76.88,22.25,0.00,0.00,0.00,0.00,0.00,0.00
46173.50,5.59,1148.26,1.00,24.05,76.80,22.50,0.00,0.00,0.00,0.00,0.00,0.00
46179.50,5.59,1148.08,1.00,24.07,76.72,22.29,0.00,0.00,0.00,0.00,0.00,0.00
46185.50,5.59,1147.70,1.00,24.08,76.83,21.26,0.00,0.00,0.00,0.00,0.00,0.00
46191.50,5.72,1139.87,1.00,24.07,77.02,20.78,0.00,0.00,0.00,0.00,0.00,0.00
46197.50,5.71,1134.30,1.00,24.10,76.85,20.81,0.00,0.00,0.00,0.00,0.00,0.00
46203.50,5.71,1133.48,1.00,24.10,76.77,19.80,0.00,0.00,0.00,0.00,0.00,0.17
46209.50,5.69,1133.97,1.00,24.10,77.03,22.18,0.00,0.00,0.00,0.00,0.00,0.00
46215.50,5.70,1134.94,1.00,24.10,77.18,19.96,0.00,0.00,0.00,0.00,0.00,0.00
46221.50,5.66,1136.01,1.00,24.10,77.60,22.49,0.00,0.00,0.00,0.00,0.00,0.00
46227.50,5.69,1136.93,1.00,24.10,77.60,21.00,0.00,0.00,0.00,0.00,0.00,0.00
46233.50,5.68,1137.72,1.00,24.05,77.80,22.42,0.00,0.00,0.00,0.00,0.00,0.00
46239.50,5.66,1138.66,1.00,24.07,77.53,20.33,0.00,0.00,0.00,0.00,0.00,0.00
46245.50,5.67,1139.00,1.00,24.02,77.10,22.50,0.00,0.00,0.00,0.00,0.00,0.00
46251.50,5.67,1139.68,1.00,24.00,77.17,20.51,0.00,0.00,0.00,0.00,0.00,0.00
46257.50,5.65,1140.21,1.00,24.00,77.45,22.44,0.00,0.00,0.00,0.00,0.00,0.00
46263.50,5.66,1140.87,1.00,24.00,77.27,21.72,0.00,0.00,0.00,0.00,0.00,0.00
46269.50,5.66,1141.16,1.00,24.00,77.38,22.27,0.00,0.00,0.00,0.00,0.00,0.00
46275.50,5.66,1141.61,1.00,24.00,77.13,21.11,0.00,0.00,0.00,0.00,0.00,0.00
46281.50,5.66,1142.13,1.00,24.00,77.02,20.92,0.00,0.00,0.00,0.00,0.00,0.00
46287.50,5.67,1142.23,1.00,24.00,77.46,21.45,0.00,0.00,0.00,0.00,0.00,0.17
46293.50,5.67,1142.36,1.00,23.95,77.23,21.61,0.00,0.00,0.00,0.00,0.00,0.00
46299.50,5.64,1142.77,1.00,23.93,77.33,20.99,0.00,0.00,0.00,0.00,0.00,0.00
46305.50,5.64,1142.88,1.00,23.92,77.27,21.61,0.00,0.00,0.00,0.00,0.00,0.00
46311.50,5.64,1143.00,1.00,23.90,77.27,22.81,0.00,0.00,0.00,0.00,0.00,0.00
46317.50,5.63,1143.27,1.00,23.92,77.45,22.29,0.00,0.00,0.00,0.00,0.00,0.00
46323.50,5.63,1143.24,1.00,23.90,76.87,20.97,0.00,0.00,0.00,0.00,0.00,0.00
46329.50,5.64,1143.52,1.00,23.90,77.05,22.26,0.00,0.00,0.00,0.00,0.00,0.00
46335.50,5.64,1143.60,1.00,23.90,78.05,22.08,0.00,0.00,0.00,0.00,0.00,0.00
46341.50,5.66,1143.38,1.00,23.90,78.22,20.98,0.00,0.00,0.00,0.00,0.00,0.00
46347.50,5.64,1143.65,1.00,23.90,77.77,23.10,0.00,0.00,0.00,0.00,0.00,0.00
46353.50,5.64,1143.33,1.00,23.90,76.97,22.12,0.00,0.00,0.00,0.00,0.00,0.00
46359.50,5.65,1143.36,1.00,23.90,77.78,22.64,0.00,0.00,0.00,0.00,0.00,0.00
46365.50,5.64,1143.67,1.00,23.90,78.32,21.53,0.00,0.00,0.00,0.00,0.00,0.00
46371.50,5.63,1143.64,1.00,23.93,78.22,23.13,0.00,0.00,0.00,0.00,0.00,0.00
46377.50,5.66,1143.55,1.00,23.90,77.33,22.33,0.00,0.00,0.00,0.00,0.00,0.00
46383.50,5.62,1143.46,1.00,23.90,76.93,21.49,0.00,0.00,0.00,0.00,0.00,0.00
46389.50,5.64,1143.46,1.00,23.90,77.48,20.84,0.00,0.00,0.00,0.00,0.00,0.00
46395.50,5.64,1143.39,1.00,23.90,77.97,20.77,0.00,0.00,0.00,0.00,0.00,0.00
46401.50,5.62,1143.39,1.00,23.90,77.73,21.81,0.00,0.00,0.00,0.00,0.00,0.00
46407.50,5.63,1143.25,1.00,23.90,77.09,20.08,0.00,0.00,0.00,0.00,0.00,0.17
46413.50,5.66,1142.96,1.00,23.90,77.58,21.36,0.00,0.00,0.00,0.00,0.00,0.00
46419.50,5.63,1143.05,1.00,23.90,76.88,21.88,0.00,0.00,0.00,0.00,0.00,0.00
46425.50,5.66,1143.10,1.00,23.92,77.22,20.80,0.00,0.00,0.00,0.00,0.00,0.00
46431.00,5.66,1142.67,1.00,23.92,77.54,21.03,0.00,0.00,0.00,0.00,0.00,0.00
46437.00,5.65,1142.82,1.00,23.91,77.04,20.43,0.00,0.00,0.00,0.00,0.00,0.00
46443.50,5.64,1142.50,1.00,23.90,76.65,21.24,0.00,0.00,0.00,0.00,0.00,0.00
46449.50,5.64,1142.24,1.00,23.90,76.68,22.25,0.00,0.00,0.00,0.00,0.00,0.00
46455.50,5.66,1142.24,1.00,23.90,76.50,22.32,0.00,0.00,0.00,0.00,0.00,0.00
46461.50,5.62,1142.15,1.00,23.93,76.48,21.60,0.00,0.00,0.00,0.00,0.00,0.00
46467.50,5.69,1142.17,1.00,23.92,76.82,20.04,0.00,0.00,0.00,0.00,0.00,0.00
46473.50,5.63,1142.39,1.00,23.95,77.32,22.61,0.00,0.00,0.00,0.00,0.00,0.00
46479.50,5.64,1141.77,1.00,24.00,77.32,21.45,0.00,0.00,0.00,0.00,0.00,0.00
46485.50,5.64,1142.10,1.00,23.98,77.23,21.59,0.00,0.00,0.00,0.00,0.00,0.00
46491.50,5.64,1141.89,1.00,23.98,76.88,21.44,0.00,0.00,0.00,0.00,0.00,0.00
46497.50,5.67,1141.67,1.00,24.00,77.12,20.15,0.00,0.00,0.00,0.00,0.00,0.00
46503.50,5.66,1141.65,1.00,24.00,76.92,21.59,0.00,0.00,0.00,0.00,0.00,0.00
46509.50,5.66,1141.37,1.00,24.00,76.82,21.32,0.00,0.00,0.00,0.00,0.00,0.00
46515.50,5.66,1141.34,1.00,24.00,77.30,21.60,0.00,0.00,0.00,0.00,0.00,0.00
46521.50,5.66,1141.27,1.00,24.00,77.07,21.59,0.00,0.00,0.00,0.00,0.00,0.00
46527.50,5.64,1141.15,1.00,24.00,77.08,20.90,0.00,0.00,0.00,0.00,0.00,0.00
46533.50,5.69,1141.37,1.00,24.00,77.37,20.26,0.00,0.00,0.00,0.00,0.00,0.00
46539.50,5.65,1141.25,1.00,24.00,77.78,22.51,0.00,0.00,0.00,0.00,0.00,0.00
46545.50,5.62,1141.41,1.00,24.00,77.78,21.02,0.00,0.00,0.00,0.00,0.00,0.00
46551.50,5.66,1141.30,1.00,24.00,77.77,23.01,0.00,0.00,0.00,0.00,0.00,0.00
46557.50,5.67,1141.20,1.00,24.02,77.48,21.42,0.00,0.00,0.00,0.00,0.00,0.00
46563.50,5.66,1140.96,1.00,24.02,77.58,21.10,0.00,0.00,0.00,0.00,0.00,0.00
46569.50,5.63,1141.08,1.00,24.05,77.22,21.95,0.00,0.00,0.00,0.00,0.00,0.00
46575.50,5.67,1141.11,1.00,24.07,77.52,21.14,0.00,0.00,0.00,0.00,0.00,0.00
46581.50,5.65,1140.87,1.00,24.07,77.27,21.29,0.00,0.00,0.00,0.00,0.00,0.00
46587.50,5.66,1141.01,1.00,24.10,77.50,20.87,0.00,0.00,0.00,0.00,0.00,0.00
46593.50,5.64,1140.98,1.00,24.10,77.15,21.74,0.00,0.00,0.00,0.00,0.00,0.00
46599.50,5.67,1140.87,1.00,24.10,76.50,23.13,0.00,0.00,0.00,0.00,0.00,0.00
46605.50,5.63,1140.82,1.00,24.10,76.92,21.25,0.00,0.00,0.00,0.00,0.00,0.00
46611.50,5.66,1140.68,1.00,24.10,77.40,20.94,0.00,0.00,0.00,0.00,0.00,0.00
46617.50,5.66,1140.84,1.00,24.10,77.47,23.62,0.00,0.00,0.00,0.00,0.00,0.00
46623.50,5.67,1140.49,1.00,24.10,77.68,21.29,0.00,0.00,0.00,0.00,0.00,0.00
46629.50,5.63,1140.71,1.00,24.10,76.68,22.77,0.00,0.00,0.00,0.00,0.00,0.00
46635.50,5.66,1140.59,1.00,24.10,76.67,22.01,0.00,0.00,0.00,0.00,0.00,0.00
46641.50,5.64,1140.49,1.00,24.12,76.82,21.51,0.00,0.00,0.00,0.00,0.00,0.00
46647.50,5.68,1140.27,1.00,24.13,76.78,21.61,0.00,0.00,0.00,0.00,0.00,0.00
46653.50,5.66,1140.30,1.00,24.12,76.68,19.97,0.00,0.00,0.00,0.00,0.00,0.00
46659.50,5.66,1140.26,1.00,24.15,76.68,21.62,0.00,0.00,0.00,0.00,0.00,0.00
46665.50,5.67,1139.95,1.00,24.18,76.87,21.75,0.00,0.00,0.00,0.00,0.00,0.00
46671.50,5.69,1140.08,1.00,24.20,76.45,21.70,0.00,0.00,0.00,0.00,0.00,0.00
46677.00,5.65,1139.97,1.00,24.20,77.06,19.65,0.00,0.00,0.00,0.00,0.00,0.00
46683.00,5.67,1139.99,1.00,24.20,77.14,21.36,0.00,0.00,0.00,0.00,0.00,0.00
46689.50,5.66,1140.11,1.00,24.20,76.95,22.08,0.00,0.00,0.00,0.00,0.00,0.00
46695.50,5.67,1139.61,1.00,24.20,76.52,21.07,0.00,0.00,0.00,0.00,0.00,0.00
46701.50,5.67,1139.52,1.00,24.20,76.60,21.23,0.00,0.00,0.00,0.00,0.00,0.00
46707.50,5.65,1139.66,1.00,24.20,76.38,20.90,0.00,0.00,0.00,0.00,0.00,0.00
46713.50,5.65,1139.67,1.00,24.22,76.67,20.64,0.00,0.00,0.00,0.00,0.00,0.00
46719.50,5.67,1139.12,1.00,24.27,76.43,21.48,0.00,0.00,0.00,0.00,0.00,0.00
46725.50,5.66,1139.33,1.00,24.28,76.47,20.53,0.00,0.00,0.00,0.00,0.00,0.00
46731.50,5.64,1139.15,1.00,24.30,76.13,21.06,0.00,0.00,0.00,0.00,0.00,0.17
46737.50,5.66,1139.16,1.00,24.30,76.00,20.91,0.00,0.00,0.00,0.00,0.00,0.00
46743.50,5.68,1138.84,1.00,24.30,76.02,21.72,0.00,0.00,0.00,0.00,0.00,0.17
46749.50,5.67,1139.16,1.00,24.30,76.40,21.52,0.00,0.00,0.00,0.00,0.00,0.00
46755.50,5.68,1138.67,1.00,24.30,76.15,21.41,0.00,0.00,0.00,0.00,0.00,0.00
46761.50,5.65,1139.02,1.00,24.32,76.15,20.51,0.00,0.00,0.00,0.00,0.00,0.00
46767.50,5.66,1138.95,1.00,24.35,76.60,22.02,0.00,0.00,0.00,0.00,0.00,0.00
46773.50,5.69,1138.74,1.00,24.40,76.58,21.63,0.00,0.00,0.00,0.00,0.00,0.00
46779.50,5.65,1138.71,1.00,24.40,75.62,21.94,0.00,0.00,0.00,0.00,0.00,0.00
46785.50,5.65,1138.52,1.00,24.40,75.88,21.29,0.00,0.00,0.00,0.00,0.00,0.00
46791.50,5.67,1138.64,1.00,24.48,76.33,21.79,0.00,0.00,0.00,0.00,0.00,0.00
46797.50,5.68,1138.43,1.00,24.48,76.25,20.69,0.00,0.00,0.00,0.00,0.00,0.00
46803.50,5.65,1138.22,1.00,24.50,75.99,22.62,0.00,0.00,0.00,0.00,0.00,0.17
46809.50,5.66,1138.14,1.00,24.58,75.90,22.50,0.00,0.00,0.00,0.00,0.00,0.00
46815.50,5.67,1138.38,1.00,24.60,75.65,22.19,0.00,0.00,0.00,0.00,0.00,0.00
46821.50,5.65,1138.33,1.00,24.63,75.12,21.47,0.00,0.00,0.00,0.00,0.00,0.00
46827.50,5.69,1137.94,1.00,24.70,75.73,22.20,0.00,0.00,0.00,0.00,0.00,0.00
46833.50,5.67,1137.83,1.00,24.70,75.53,21.42,0.00,0.00,0.00,0.00,0.00,0.00
46839.50,5.63,1138.00,1.00,24.75,75.40,22.09,0.00,0.00,0.00,0.00,0.00,0.00
46845.50,5.64,1138.00,1.00,24.80,75.15,20.50,0.00,0.00,0.00,0.00,0.00,0.00
46851.50,5.70,1137.70,1.00,24.80,75.10,20.00,0.00,0.00,0.00,0.00,0.00,0.00
46857.50,5.65,1137.83,1.00,24.80,75.10,20.88,0.00,0.00,0.00,0.00,0.00,0.00
46863.00,5.65,1137.92,1.00,24.80,74.90,21.81,0.00,0.00,0.00,0.00,0.00,0.00
46869.00,5.66,1137.72,1.00,24.80,74.85,21.36,0.00,0.00,0.00,0.00,0.00,0.14
46875.50,5.65,1137.74,1.00,24.80,75.27,21.46,0.00,0.00,0.00,0.00,0.00,0.00
46881.50,5.67,1137.53,1.00,24.80,74.98,20.92,0.00,0.00,0.00,0.00,0.00,0.00
46887.50,5.67,1137.57,1.00,24.80,74.98,20.60,0.00,0.00,0.00,0.00,0.00,0.00
46893.50,5.66,1137.31,1.00,24.80,74.77,21.96,0.00,0.00,0.00,0.00,0.00,0.00
46899.50,5.66,1137.63,1.00,24.80,74.62,20.47,0.00,0.00,0.00,0.00,0.00,0.00
46905.50,5.67,1137.33,1.00,24.80,74.76,21.54,0.00,0.00,0.00,0.00,0.00,0.17
46911.50,5.66,1136.98,1.00,24.80,74.70,19.88,0.00,0.00,0.00,0.00,0.00,0.00
46917.50,5.63,1137.22,1.00,24.83,75.12,22.29,0.00,0.00,0.00,0.00,0.00,0.00
46923.50,5.63,1137.07,1.00,24.85,74.88,21.94,0.00,0.00,0.00,0.00,0.00,0.00
46929.50,5.63,1136.81,1.00,24.85,74.20,21.07,0.00,0.00,0.00,0.00,0.00,0.00
46935.50,5.66,1136.79,1.00,24.82,74.45,22.57,0.00,0.00,0.00,0.00,0.00,0.00
46941.50,5.67,1137.13,1.00,24.87,75.25,20.88,0.00,0.00,0.00,0.00,0.00,0.00
46947.50,5.66,1136.84,1.00,24.83,75.23,22.30,0.00,0.00,0.00,0.00,0.00,0.00
46953.50,5.67,1136.55,1.00,24.85,75.32,21.04,0.00,0.00,0.00,0.00,0.00,0.00
46959.50,5.67,1136.54,1.00,24.88,75.02,21.74,0.00,0.00,0.00,0.00,0.00,0.00
46965.50,5.67,1136.39,1.00,24.90,74.87,21.64,0.00,0.00,0.00,0.00,0.00,0.00
46971.50,5.67,1135.75,1.00,24.90,74.90,21.79,0.00,0.00,0.00,0.00,0.00,0.00
46977.00,5.66,1135.45,1.00,24.90,74.46,23.01,0.00,0.00,0.00,0.00,0.00,0.00
46983.00,5.68,1134.90,1.00,24.90,74.10,21.41,0.00,0.00,0.00,0.00,0.00,0.00
46989.50,5.68,1134.12,1.00,24.90,74.38,20.40,0.00,0.00,0.00,0.00,0.00,0.00
46995.50,5.69,1133.23,1.00,24.90,74.17,20.57,0.00,0.00,0.00,0.00,0.00,0.00
47001.50,5.71,1133.40,1.00,24.90,74.28,22.14,0.00,0.00,0.00,0.00,0.00,0.00
47007.50,5.72,1133.19,1.00,24.90,74.17,22.82,0.00,0.00,0.00,0.00,0.00,0.00
47013.50,5.71,1133.21,1.00,24.90,73.97,20.05,0.00,0.00,0.00,0.00,0.00,0.00
47019.50,5.68,1133.12,1.00,24.90,74.28,21.31,0.00,0.00,0.00,0.00,0.00,0.00
47025.50,5.67,1133.23,1.00,24.90,74.28,21.33,0.00,0.00,0.00,0.00,0.00,0.00
47031.50,5.71,1133.52,1.00,24.90,74.45,21.86,0.00,0.00,0.00,0.00,0.00,0.17
47037.50,5.70,1133.78,1.00,24.90,74.57,19.92,0.00,0.00,0.00,0.00,0.00,0.00
47043.50,5.71,1134.11,1.00,24.90,74.43,21.02,0.00,0.00,0.00,0.00,0.00,0.00
47049.50,5.70,1134.09,1.00,24.90,74.53,22.02,0.00,0.00,0.00,0.00,0.00,0.00
47055.50,5.69,1134.12,1.00,24.90,74.17,21.91,0.00,0.00,0.00,0.00,0.00,0.00
47061.50,5.67,1134.37,1.00,24.90,73.98,22.56,0.00,0.00,0.00,0.00,0.00,0.00
47067.50,5.67,1134.57,1.00,24.90,74.00,20.18,0.00,0.00,0.00,0.00,0.00,0.00
47073.50,5.70,1134.51,1.00,24.90,73.90,20.92,0.00,0.00,0.00,0.00,0.00,0.00
47079.50,5.67,1134.75,1.00,24.90,74.05,21.01,0.00,0.00,0.00,0.00,0.00,0.00
47085.50,5.67,1135.16,1.00,24.90,74.07,21.37,0.00,0.00,0.00,0.00,0.00,0.00
47091.50,5.68,1134.88,1.00,24.90,73.98,21.04,0.00,0.00,0.00,0.00,0.00,0.00
47097.50,5.67,1135.23,1.00,24.95,74.10,20.97,0.00,0.00,0.00,0.00,0.00,0.00
47103.50,5.67,1135.23,1.00,24.92,74.33,20.51,0.00,0.00,0.00,0.00,0.00,0.00
47109.50,5.65,1136.05,1.00,24.95,74.20,22.17,0.00,0.00,0.00,0.00,0.00,0.00
47115.50,5.65,1135.99,1.00,24.95,74.18,21.68,0.00,0.00,0.00,0.00,0.00,0.00
47121.50,5.65,1136.58,1.00,25.00,74.03,22.89,0.00,0.00,0.00,0.00,0.00,0.17
47127.50,5.64,1136.42,1.00,25.00,73.83,20.61,0.00,0.00,0.00,0.00,0.00,0.00
47133.50,5.67,1136.48,1.00,25.00,73.87,20.95,0.00,0.00,0.00,0.00,0.00,0.00
47139.50,5.67,1136.80,1.00,25.00,74.13,21.18,0.00,0.00,0.00,0.00,0.00,0.00
47145.50,5.67,1136.82,1.00,25.07,73.98,21.73,0.00,0.00,0.00,0.00,0.00,0.00
47151.50,5.64,1137.13,1.00,25.10,74.08,21.89,0.00,0.00,0.00,0.00,0.00,0.00
47157.50,5.63,1136.96,1.00,25.10,73.78,20.62,0.00,0.00,0.00,0.00,0.00,0.00
47163.50,5.66,1137.24,1.00,25.10,73.32,21.53,0.00,0.00,0.00,0.00,0.00,0.00
47169.50,5.65,1137.62,1.00,25.10,73.73,21.26,0.00,0.00,0.00,0.00,0.00,0.00
47175.50,5.64,1137.65,1.00,25.10,73.73,22.26,0.00,0.00,0.00,0.00,0.00,0.17
47181.50,5.65,1137.53,1.00,25.10,73.87,21.46,0.00,0.00,0.00,0.00,0.00,0.00
47187.50,5.65,1137.53,1.00,25.10,73.87,20.85,0.00,0.00,0.00,0.00,0.00,0.00
47193.50,5.65,1137.36,1.00,25.10,73.35,19.82,0.00,0.00,0.00,0.00,0.00,0.00
47199.50,5.65,1137.50,1.00,25.10,73.78,22.43,0.00,0.00,0.00,0.00,0.00,0.00
47205.50,5.64,1137.24,1.00,25.10,73.90,22.84,0.00,0.00,0.00,0.00,0.00,0.00
47211.50,5.66,1137.24,1.00,25.10,73.63,19.57,0.00,0.00,0.00,0.00,0.00,0.00
47217.50,5.65,1137.17,1.00,25.10,73.18,22.31,0.00,0.00,0.00,0.00,0.00,0.00
47223.50,5.64,1137.29,1.00,25.10,73.65,20.75,0.00,0.00,0.00,0.00,0.00,0.00
47229.00,5.63,1136.90,1.00,25.10,73.56,21.61,0.00,0.00,0.00,0.00,0.00,0.00
47235.00,5.64,1137.11,1.00,25.10,73.16,20.28,0.00,0.00,0.00,0.00,0.00,0.00
47241.50,5.64,1137.13,1.00,25.10,73.00,21.93,0.00,0.00,0.00,0.00,0.00,0.00
47247.50,5.64,1136.96,1.00,25.10,73.25,20.93,0.00,0.00,0.00,0.00,0.00,0.00
47253.50,5.66,1137.01,1.00,25.10,73.18,21.39,0.00,0.00,0.00,0.00,0.00,0.00
47259.50,5.63,1137.07,1.00,25.10,73.07,22.08,0.00,0.00,0.00,0.00,0.00,0.00
47265.50,5.63,1136.89,1.00,25.10,72.93,21.49,0.00,0.00,0.00,0.00,0.00,0.00
47271.50,5.64,1136.86,1.00,25.10,72.93,22.76,0.00,0.00,0.00,0.00,0.00,0.00
47277.50,5.64,1136.55,1.00,25.10,72.80,22.09,0.00,0.00,0.00,0.00,0.00,0.00
47283.50,5.65,1135.92,1.00,25.12,72.95,21.84,0.00,0.00,0.00,0.00,0.00,0.00
47289.50,5.65,1135.89,1.00,25.12,72.88,21.39,0.00,0.00,0.00,0.00,0.00,0.17
47295.50,5.66,1135.54,1.00,25.17,72.83,22.16,0.00,0.00,0.00,0.00,0.00,0.00
47301.50,5.66,1135.28,1.00,25.17,72.43,20.86,0.00,0.00,0.00,0.00,0.00,0.00
47307.50,5.68,1135.13,1.00,25.20,72.48,21.27,0.00,0.00,0.00,0.00,0.00,0.00
47313.50,5.66,1134.83,1.00,25.17,72.58,21.19,0.00,0.00,0.00,0.00,0.00,0.00
47319.50,5.66,1134.77,1.00,25.20,72.82,21.61,0.00,0.00,0.00,0.00,0.00,0.17
47325.50,5.66,1134.89,1.00,25.20,72.60,21.97,0.00,0.00,0.00,0.00,0.00,0.00
47331.50,5.67,1134.61,1.00,25.20,72.02,23.55,0.00,0.00,0.00,0.00,0.00,0.17
47337.50,5.65,1134.56,1.00,25.20,72.05,20.50,0.00,0.00,0.00,0.00,0.00,0.00
47343.50,5.66,1134.83,1.00,25.20,72.37,22.22,0.00,0.00,0.00,0.00,0.00,0.17
47349.50,5.66,1134.68,1.00,25.20,72.33,21.39,0.00,0.00,0.00,0.00,0.00,0.00
47355.50,5.65,1134.58,1.00,25.20,72.27,20.78,0.00,0.00,0.00,0.00,0.00,0.00
47361.50,5.65,1134.73,1.00,25.20,72.20,20.84,0.00,0.00,0.00,0.00,0.00,0.00
47367.00,5.64,1134.32,1.00,25.20,71.92,21.45,0.00,0.00,0.00,0.00,0.00,0.00
47373.00,5.66,1134.23,1.00,25.20,72.01,21.38,0.00,0.00,0.00,0.00,0.00,0.00
47379.50,5.66,1133.95,1.00,25.20,72.03,21.10,0.00,0.00,0.00,0.00,0.00,0.00
47385.50,5.67,1134.40,1.00,25.20,72.02,21.69,0.00,0.00,0.00,0.00,0.00,0.00
47391.50,5.63,1133.95,1.00,25.20,71.35,21.03,0.00,0.00,0.00,0.00,0.00,0.00
47397.50,5.67,1134.06,1.00,25.20,71.43,21.78,0.00,0.00,0.00,0.00,0.00,0.17
47403.50,5.64,1134.21,1.00,25.18,71.62,20.69,0.00,0.00,0.00,0.00,0.00,0.00
47409.50,5.64,1134.19,1.00,25.20,71.48,21.61,0.00,0.00,0.00,0.00,0.00,0.00
47415.50,5.66,1134.21,1.00,25.20,71.28,20.00,0.00,0.00,0.00,0.00,0.00,0.00
47421.50,5.66,1134.04,1.00,25.18,70.53,21.69,0.00,0.00,0.00,0.00,0.00,0.00
47427.50,5.62,1134.14,1.00,25.10,69.83,21.39,0.00,0.00,0.00,0.00,0.00,0.00
47433.50,5.65,1134.05,1.00,25.10,69.78,21.75,0.00,0.00,0.00,0.00,0.00,0.00
47439.50,5.65,1133.92,1.00,25.10,69.52,22.49,0.00,0.00,0.00,0.00,0.00,0.17
47445.50,5.66,1133.81,1.00,25.10,69.60,20.08,0.00,0.00,0.00,0.00,0.00,0.00
47451.50,5.67,1133.69,1.00,25.10,70.57,20.87,0.00,0.00,0.00,0.00,0.00,0.00
47457.50,5.66,1133.15,1.00,25.10,71.13,20.41,0.00,0.00,0.00,0.00,0.00,0.00
47463.50,5.66,1133.35,1.00,25.10,70.78,22.64,0.00,0.00,0.00,0.00,0.00,0.00
47469.50,5.64,1133.12,1.00,25.10,71.03,19.85,0.00,0.00,0.00,0.00,0.00,0.00
47475.50,5.65,1133.24,1.00,25.10,71.20,21.06,0.00,0.00,0.00,0.00,0.00,0.00
47481.50,5.64,1133.35,1.00,25.08,71.47,23.25,0.00,0.00,0.00,0.00,0.00,0.00
47487.50,5.64,1133.26,1.00,25.10,71.41,20.68,0.00,0.00,0.00,0.00,0.00,0.17
47493.50,5.64,1133.52,1.00,25.05,70.98,22.56,0.00,0.00,0.00,0.00,0.00,0.00
47499.50,5.65,1133.64,1.00,25.00,71.33,21.64,0.00,0.00,0.00,0.00,0.00,0.00
47505.50,5.67,1133.47,1.00,25.00,70.85,21.20,0.00,0.00,0.00,0.00,0.00,0.00
47511.50,5.66,1133.86,1.00,25.00,71.57,20.55,0.00,0.00,0.00,0.00,0.00,0.00
47517.50,5.65,1133.74,1.00,25.02,71.48,21.34,0.00,0.00,0.00,0.00,0.00,0.00
47523.50,5.64,1133.88,1.00,25.00,71.72,22.10,0.00,0.00,0.00,0.00,0.00,0.00
47529.50,5.64,1133.80,1.00,25.00,71.88,22.77,0.00,0.00,0.00,0.00,0.00,0.17
47535.50,5.64,1134.06,1.00,25.00,71.87,20.38,0.00,0.00,0.00,0.00,0.00,0.17
47541.50,5.68,1134.03,1.00,25.00,72.16,22.78,0.00,0.00,0.00,0.00,0.00,0.17
47547.50,5.65,1133.98,1.00,25.00,71.75,22.09,0.00,0.00,0.00,0.00,0.00,0.00
47553.50,5.65,1133.92,1.00,25.00,71.38,22.04,0.00,0.00,0.00,0.00,0.00,0.00
47559.50,5.64,1134.27,1.00,25.00,71.56,21.80,0.00,0.00,0.00,0.00,0.00,0.17
47565.50,5.66,1134.40,1.00,25.00,71.40,22.13,0.00,0.00,0.00,0.00,0.00,0.17
47571.50,5.63,1134.47,1.00,25.00,71.32,21.68,0.00,0.00,0.00,0.00,0.00,0.00
47577.50,5.66,1134.36,1.00,25.00,70.18,21.39,0.00,0.00,0.00,0.00,0.00,0.00
47583.50,5.66,1134.46,1.00,25.00,70.00,22.17,0.00,0.00,0.00,0.00,0.00,0.17
47589.50,5.66,1134.54,1.00,25.00,70.53,21.36,0.00,0.00,0.00,0.00,0.00,0.00
47595.50,5.64,1134.59,1.00,25.00,71.12,21.83,0.00,0.00,0.00,0.00,0.00,0.00
47601.50,5.64,1134.47,1.00,25.00,71.46,21.31,0.00,0.00,0.00,0.00,0.00,0.17
47607.50,5.63,1134.75,1.00,25.00,71.62,21.55,0.00,0.00,0.00,0.00,0.00,0.00
47613.50,5.66,1134.85,1.00,25.00,71.48,20.87,0.00,0.00,0.00,0.00,0.00,0.00
47619.50,5.63,1134.88,1.00,24.95,71.48,21.14,0.00,0.00,0.00,0.00,0.00,0.00
47625.00,5.61,1135.07,1.00,24.98,71.80,20.93,0.00,0.00,0.00,0.00,0.00,0.00
47631.00,5.63,1135.40,1.00,24.94,71.10,20.85,0.00,0.00,0.00,0.00,0.00,0.00
47637.50,5.63,1135.18,1.00,24.90,70.88,20.25,0.00,0.00,0.00,0.00,0.00,0.00
47643.50,5.62,1135.44,1.00,24.92,71.35,22.47,0.00,0.00,0.00,0.00,0.00,0.00
47649.50,5.62,1135.51,1.00,24.92,71.43,20.97,0.00,0.00,0.00,0.00,0.00,0.00
47655.50,5.61,1135.44,1.00,24.92,71.42,20.29,0.00,0.00,0.00,0.00,0.00,0.00
47661.50,5.61,1135.51,1.00,24.90,70.97,21.19,0.00,0.00,0.00,0.00,0.00,0.00
47667.50,5.61,1135.73,1.00,24.90,69.48,21.22,0.00,0.00,0.00,0.00,0.00,0.00
47673.50,5.61,1135.54,1.00,24.87,68.62,20.53,0.00,0.00,0.00,0.00,0.00,0.00
47679.50,5.62,1135.87,1.00,24.80,69.03,21.04,0.00,0.00,0.00,0.00,0.00,0.00
47685.50,5.64,1135.73,1.00,24.87,70.65,22.85,0.00,0.00,0.00,0.00,0.00,0.00
47691.50,5.62,1135.99,1.00,24.90,69.95,20.26,0.00,0.00,0.00,0.00,0.00,0.00
47697.50,5.60,1136.15,1.00,24.90,70.15,22.06,0.00,0.00,0.00,0.00,0.00,0.00
47703.50,5.61,1135.80,1.00,24.90,69.88,21.84,0.00,0.00,0.00,0.00,0.00,0.00
47709.50,5.61,1135.77,1.00,24.90,70.70,20.66,0.00,0.00,0.00,0.00,0.00,0.00
47715.50,5.61,1135.64,1.00,24.90,70.88,21.93,0.00,0.00,0.00,0.00,0.00,0.17
47721.50,5.59,1135.75,1.00,24.90,71.57,21.48,0.00,0.00,0.00,0.00,0.00,0.00
47727.50,5.62,1135.73,1.00,24.90,70.75,21.04,0.00,0.00,0.00,0.00,0.00,0.00
47733.50,5.60,1135.89,1.00,24.90,69.70,20.60,0.00,0.00,0.00,0.00,0.00,0.00
47739.50,5.59,1136.10,1.00,24.90,69.97,20.82,0.00,0.00,0.00,0.00,0.00,0.00
47745.50,5.61,1136.12,1.00,24.90,69.82,21.32,0.00,0.00,0.00,0.00,0.00,0.00
47751.50,5.60,1136.30,1.00,24.90,70.68,20.36,0.00,0.00,0.00,0.00,0.00,0.00
47757.50,5.61,1135.75,1.00,24.93,70.17,21.04,0.00,0.00,0.00,0.00,0.00,0.00
47763.50,5.58,1136.03,1.00,24.90,69.58,22.11,0.00,0.00,0.00,0.00,0.00,0.00
47769.50,5.61,1136.10,1.00,24.97,69.42,21.79,0.00,0.00,0.00,0.00,0.00,0.00
47775.50,5.62,1136.02,1.00,25.00,69.38,21.96,0.00,0.00,0.00,0.00,0.00,0.00
47781.00,5.59,1137.30,1.00,25.00,70.40,20.72,0.00,0.00,0.00,0.00,0.00,0.20
47786.50,5.59,1137.61,1.00,25.00,70.65,21.93,0.00,0.00,0.00,0.00,0.00,0.00
47792.50,5.60,1137.20,1.00,25.00,69.93,20.17,0.00,0.00,0.00,0.00,0.00,0.00
47798.50,5.60,1137.08,1.00,25.00,70.01,22.22,0.00,0.00,0.00,0.00,0.00,0.17
47804.50,5.60,1136.55,1.00,25.02,69.30,21.37,0.00,0.00,0.00,0.00,0.00,0.17
47810.50,5.58,1136.62,1.00,25.10,69.05,23.71,0.00,0.00,0.00,0.00,0.00,0.00
47816.50,5.61,1136.28,1.00,25.10,68.85,21.87,0.00,0.00,0.00,0.00,0.00,0.00
47822.50,5.59,1136.19,1.00,25.10,70.09,21.42,0.00,0.00,0.00,0.00,0.00,0.17
47828.50,5.61,1135.98,1.00,25.10,69.58,21.22,0.00,0.00,0.00,0.00,0.00,0.00
47834.50,5.61,1135.81,1.00,25.10,69.15,20.95,0.00,0.00,0.00,0.00,0.00,0.00
47840.50,5.60,1135.97,1.00,25.18,69.67,21.90,0.00,0.00,0.00,0.00,0.00,0.17
47846.50,5.61,1135.65,1.00,25.16,69.33,22.08,0.00,0.00,0.00,0.00,0.00,0.17
47852.50,5.61,1135.40,1.00,25.18,68.58,22.66,0.00,0.00,0.00,0.00,0.00,0.00
47858.50,5.64,1135.21,1.00,25.20,69.65,20.84,0.00,0.00,0.00,0.00,0.00,0.00
47864.50,5.61,1134.85,1.00,25.20,69.32,20.89,0.00,0.00,0.00,0.00,0.00,0.00
47870.50,5.61,1135.17,1.00,25.20,69.30,21.66,0.00,0.00,0.00,0.00,0.00,0.00
47876.50,5.61,1135.48,1.00,25.20,70.70,21.51,0.00,0.00,0.00,0.00,0.00,0.00
47882.50,5.62,1135.26,1.00,25.20,69.67,21.73,0.00,0.00,0.00,0.00,0.00,0.17
47888.50,5.59,1135.41,1.00,25.20,69.48,22.03,0.00,0.00,0.00,0.00,0.00,0.00
47894.50,5.62,1135.59,1.00,25.20,68.99,21.63,0.00,0.00,0.00,0.00,0.00,0.17
47900.50,5.61,1135.42,1.00,25.20,68.93,23.46,0.00,0.00,0.00,0.00,0.00,0.17
47906.50,5.61,1135.31,1.00,25.20,68.63,21.33,0.00,0.00,0.00,0.00,0.00,0.00
47912.50,5.59,1135.50,1.00,25.20,68.65,21.83,0.00,0.00,0.00,0.00,0.00,0.00
47918.50,5.60,1135.33,1.00,25.17,69.02,21.99,0.00,0.00,0.00,0.00,0.00,0.00
47924.50,5.61,1135.35,1.00,25.18,69.10,20.98,0.00,0.00,0.00,0.00,0.00,0.00
47930.50,5.62,1135.19,1.00,25.13,69.07,22.23,0.00,0.00,0.00,0.00,0.00,0.00
47936.50,5.62,1135.38,1.00,25.12,68.98,22.14,0.00,0.00,0.00,0.00,0.00,0.00
47942.50,5.62,1135.09,1.00,25.14,68.26,21.89,0.00,0.00,0.00,0.00,0.00,0.17
47948.50,5.64,1134.96,1.00,25.10,68.27,21.28,0.00,0.00,0.00,0.00,0.00,0.00
47954.50,5.61,1134.77,1.00,25.12,68.65,21.81,0.00,0.00,0.00,0.00,0.00,0.00
47960.50,5.62,1134.79,1.00,25.10,69.43,22.80,0.00,0.00,0.00,0.00,0.00,0.00
47966.50,5.62,1134.60,1.00,25.10,68.47,21.09,0.00,0.00,0.00,0.00,0.00,0.00
47972.50,5.63,1134.25,1.00,25.10,68.86,20.20,0.00,0.00,0.00,0.00,0.00,0.17
47978.50,5.60,1134.27,1.00,25.10,69.05,22.07,0.00,0.00,0.00,0.00,0.00,0.17
47984.00,5.63,1133.71,1.00,25.10,69.18,21.62,0.00,0.00,0.00,0.00,0.00,0.00
47989.50,5.65,1133.81,1.00,25.13,69.87,22.02,0.00,0.00,0.00,0.00,0.00,0.00
47995.50,5.61,1133.69,1.00,25.15,69.42,23.05,0.00,0.00,0.00,0.00,0.00,0.00
48001.50,5.64,1133.38,1.00,25.12,67.87,20.80,0.00,0.00,0.00,0.00,0.00,0.00
48008.00,5.63,1133.21,1.00,25.10,67.81,22.33,0.00,0.00,0.00,0.00,0.00,0.00
48014.00,5.65,1133.11,1.00,25.10,67.54,21.98,0.00,0.00,0.00,0.00,0.00,0.00
48019.50,5.65,1132.73,1.00,25.12,68.23,20.57,0.00,0.00,0.00,0.00,0.00,0.00
48025.50,5.61,1132.91,1.00,25.17,68.58,22.36,0.00,0.00,0.00,0.00,0.00,0.00
48031.50,5.66,1132.44,1.00,25.17,70.27,21.68,0.00,0.00,0.00,0.00,0.00,0.00
48037.50,5.62,1132.67,1.00,25.20,71.17,21.13,0.00,0.00,0.00,0.00,0.00,0.00
48043.50,5.64,1132.32,1.00,25.20,70.78,21.45,0.00,0.00,0.00,0.00,0.00,0.00
48049.50,5.63,1132.22,1.00,25.20,69.90,21.66,0.00,0.00,0.00,0.00,0.00,0.00
48056.00,5.66,1132.10,1.00,25.20,69.83,20.12,0.00,0.00,0.00,0.00,0.00,0.00
48062.00,5.64,1136.01,1.00,25.22,70.02,22.86,0.00,0.00,0.00,0.00,0.00,0.00
48067.50,5.64,1136.88,1.00,25.22,70.13,21.36,0.00,0.00,0.00,0.00,0.00,0.00
48073.50,5.63,1136.83,1.00,25.28,70.05,21.11,0.00,0.00,0.00,0.00,0.00,0.00
48079.50,5.65,1136.92,1.00,25.28,69.23,22.11,0.00,0.00,0.00,0.00,0.00,0.00
48085.50,5.66,1136.78,1.00,25.30,69.33,22.97,0.00,0.00,0.00,0.00,0.00,0.00
48091.50,5.63,1136.78,1.00,25.30,70.12,22.90,0.00,0.00,0.00,0.00,0.00,0.00
48097.50,5.64,1136.40,1.00,25.30,68.93,21.90,0.00,0.00,0.00,0.00,0.00,0.17
48103.50,5.64,1136.85,1.00,25.30,69.42,22.40,0.00,0.00,0.00,0.00,0.00,0.00
48109.50,5.64,1136.61,1.00,25.22,68.15,22.14,0.00,0.00,0.00,0.00,0.00,0.00
48115.50,5.64,1136.95,1.00,25.22,68.60,21.65,0.00,0.00,0.00,0.00,0.00,0.00
48121.50,5.63,1136.82,1.00,25.20,68.62,21.57,0.00,0.00,0.00,0.00,0.00,0.00
48127.50,5.65,1136.82,1.00,25.20,68.03,21.89,0.00,0.00,0.00,0.00,0.00,0.00
48133.50,5.66,1136.59,1.00,25.15,68.18,21.90,0.00,0.00,0.00,0.00,0.00,0.00
48139.50,5.65,1136.56,1.00,25.10,67.92,21.38,0.00,0.00,0.00,0.00,0.00,0.00
48145.50,5.66,1136.23,1.00,25.10,68.34,22.10,0.00,0.00,0.00,0.00,0.00,0.17
48151.50,5.67,1135.83,1.00,25.10,68.92,20.26,0.00,0.00,0.00,0.00,0.00,0.33
48157.50,5.68,1135.92,1.00,25.10,70.22,20.56,0.00,0.00,0.00,0.00,0.00,0.00
48163.50,5.64,1135.67,1.00,25.10,69.07,20.82,0.00,0.00,0.00,0.00,0.00,0.00
48169.50,5.64,1135.78,1.00,25.10,69.12,20.60,0.00,0.00,0.00,0.00,0.00,0.00
48175.50,5.64,1135.81,1.00,25.10,69.18,20.58,0.00,0.00,0.00,0.00,0.00,0.00
48181.50,5.64,1135.90,1.00,25.08,69.03,21.78,0.00,0.00,0.00,0.00,0.00,0.00
48187.50,5.65,1136.04,1.00,25.10,68.68,20.10,0.00,0.00,0.00,0.00,0.00,0.00
48193.50,5.64,1136.11,1.00,25.07,68.37,22.98,0.00,0.00,0.00,0.00,0.00,0.00
48199.50,5.65,1136.47,1.00,25.00,68.92,21.47,0.00,0.00,0.00,0.00,0.00,0.00
48205.50,5.63,1136.47,1.00,25.02,68.45,22.41,0.00,0.00,0.00,0.00,0.00,0.00
48211.50,5.64,1136.47,1.00,25.00,68.62,19.99,0.00,0.00,0.00,0.00,0.00,0.00
48217.50,5.63,1136.67,1.00,25.00,68.80,22.40,0.00,0.00,0.00,0.00,0.00,0.17
48223.50,5.65,1136.73,1.00,25.00,69.32,21.82,0.00,0.00,0.00,0.00,0.00,0.00
48229.50,5.62,1136.90,1.00,25.00,70.95,20.55,0.00,0.00,0.00,0.00,0.00,0.00
48235.50,5.63,1136.99,1.00,25.00,70.22,23.10,0.00,0.00,0.00,0.00,0.00,0.00
48241.50,5.64,1137.22,1.00,25.00,69.65,20.99,0.00,0.00,0.00,0.00,0.00,0.00
48247.50,5.64,1137.18,1.00,25.02,69.67,21.76,0.00,0.00,0.00,0.00,0.00,0.00
48253.50,5.65,1137.37,1.00,25.03,70.72,22.67,0.00,0.00,0.00,0.00,0.00,0.00
48259.50,5.62,1137.48,1.00,25.00,70.15,21.21,0.00,0.00,0.00,0.00,0.00,0.00
48265.50,5.62,1137.63,1.00,25.07,70.12,20.71,0.00,0.00,0.00,0.00,0.00,0.00
48271.50,5.64,1137.79,1.00,25.03,71.55,21.66,0.00,0.00,0.00,0.00,0.00,0.00
48277.50,5.63,1137.92,1.00,25.08,71.80,20.09,0.00,0.00,0.00,0.00,0.00,0.00
48283.50,5.61,1138.44,1.00,25.10,71.40,22.12,0.00,0.00,0.00,0.00,0.00,0.00
48289.50,5.59,1138.55,1.00,25.10,71.90,21.84,0.00,0.00,0.00,0.00,0.00,0.00
48295.50,5.61,1138.23,1.00,25.10,70.78,20.82,0.00,0.00,0.00,0.00,0.00,0.00
48301.50,5.61,1138.39,1.00,25.10,70.23,22.33,0.00,0.00,0.00,0.00,0.00,0.00
48307.50,5.62,1138.74,1.00,25.10,69.80,21.48,0.00,0.00,0.00,0.00,0.00,0.00
48313.50,5.62,1138.51,1.00,25.08,70.45,21.21,0.00,0.00,0.00,0.00,0.00,0.00
48319.50,5.59,1139.03,1.00,25.10,70.60,21.91,0.00,0.00,0.00,0.00,0.00,0.00
48325.50,5.58,1138.93,1.00,25.10,70.37,21.98,0.00,0.00,0.00,0.00,0.00,0.00
48331.50,5.59,1138.97,1.00,25.10,70.48,20.79,0.00,0.00,0.00,0.00,0.00,0.17
48337.50,5.59,1139.09,1.00,25.10,70.38,20.62,0.00,0.00,0.00,0.00,0.00,0.17
48343.50,5.58,1139.29,1.00,25.10,70.62,20.50,0.00,0.00,0.00,0.00,0.00,0.17
48349.50,5.61,1139.00,1.00,25.10,71.08,23.26,0.00,0.00,0.00,0.00,0.00,0.00
48355.50,5.60,1139.27,1.00,25.10,70.65,22.04,0.00,0.00,0.00,0.00,0.00,0.00
48361.50,5.60,1139.15,1.00,25.10,70.67,21.21,0.00,0.00,0.00,0.00,0.00,0.00
48367.50,5.59,1139.12,1.00,25.10,70.28,21.89,0.00,0.00,0.00,0.00,0.00,0.00
48373.50,5.60,1139.13,1.00,25.10,70.43,21.38,0.00,0.00,0.00,0.00,0.00,0.00
48379.50,5.60,1139.31,1.00,25.10,70.45,20.64,0.00,0.00,0.00,0.00,0.00,0.00
48385.50,5.57,1139.39,1.00,25.10,70.50,21.80,0.00,0.00,0.00,0.00,0.00,0.00
48391.50,5.61,1139.10,1.00,25.10,70.68,22.44,0.00,0.00,0.00,0.00,0.00,0.00
48397.50,5.59,1139.36,1.00,25.10,71.00,21.23,0.00,0.00,0.00,0.00,0.00,0.00
48403.50,5.59,1139.39,1.00,25.10,70.33,22.81,0.00,0.00,0.00,0.00,0.00,0.00
48409.50,5.59,1139.12,1.00,25.10,71.52,21.11,0.00,0.00,0.00,0.00,0.00,0.00
48415.50,5.59,1139.36,1.00,25.10,71.17,21.95,0.00,0.00,0.00,0.00,0.00,0.00
48421.50,5.61,1139.27,1.00,25.10,71.67,22.57,0.00,0.00,0.00,0.00,0.00,0.00
48427.50,5.60,1139.17,1.00,25.10,71.20,22.38,0.00,0.00,0.00,0.00,0.00,0.00
48433.50,5.60,1138.93,1.00,25.10,70.85,20.74,0.00,0.00,0.00,0.00,0.00,0.00
48439.50,5.60,1138.94,1.00,25.10,71.37,20.24,0.00,0.00,0.00,0.00,0.00,0.00
48445.50,5.59,1138.65,1.00,25.10,70.90,22.31,0.00,0.00,0.00,0.00,0.00,0.00
48451.50,5.58,1138.81,1.00,25.10,71.02,23.14,0.00,0.00,0.00,0.00,0.00,0.00
48457.50,5.62,1138.60,1.00,25.10,70.82,20.84,0.00,0.00,0.00,0.00,0.00,0.00
48463.50,5.59,1138.39,1.00,25.10,71.17,21.60,0.00,0.00,0.00,0.00,0.00,0.00
48469.50,5.59,1138.17,1.00,25.10,71.38,20.90,0.00,0.00,0.00,0.00,0.00,0.00
48475.50,5.58,1138.22,1.00,25.10,73.09,21.38,0.00,0.00,0.00,0.00,0.00,0.17
48481.50,5.58,1137.84,1.00,25.10,72.24,20.12,0.00,0.00,0.00,0.00,0.00,0.17
48487.50,5.61,1137.91,1.00,25.10,71.38,21.81,0.00,0.00,0.00,0.00,0.00,0.00
48493.50,5.57,1138.00,1.00,25.10,71.35,22.04,0.00,0.00,0.00,0.00,0.00,0.17
48499.50,5.57,1137.87,1.00,25.08,71.76,22.67,0.00,0.00,0.00,0.00,0.00,0.17
48505.50,5.58,1137.56,1.00,25.08,72.18,22.93,0.00,0.00,0.00,0.00,0.00,0.00
48511.50,5.58,1137.55,1.00,25.10,72.07,21.64,0.00,0.00,0.00,0.00,0.00,0.00
48517.50,5.60,1137.30,1.00,25.07,72.95,20.89,0.00,0.00,0.00,0.00,0.00,0.00
48523.50,5.58,1137.56,1.00,25.05,71.15,21.26,0.00,0.00,0.00,0.00,0.00,0.00
48529.50,5.59,1137.44,1.00,25.02,71.47,21.08,0.00,0.00,0.00,0.00,0.00,0.00
48535.50,5.61,1137.01,1.00,25.03,72.55,21.33,0.00,0.00,0.00,0.00,0.00,0.00
48541.50,5.60,1136.92,1.00,25.00,72.18,23.62,0.00,0.00,0.00,0.00,0.00,0.00
48547.50,5.60,1137.00,1.00,25.00,71.43,21.64,0.00,0.00,0.00,0.00,0.00,0.17
48553.50,5.62,1136.68,1.00,25.00,70.02,20.98,0.00,0.00,0.00,0.00,0.00,0.17
48559.50,5.59,1136.66,1.00,25.00,69.93,22.24,0.00,0.00,0.00,0.00,0.00,0.00
48565.50,5.60,1136.64,1.00,25.00,69.75,19.50,0.00,0.00,0.00,0.00,0.00,0.00
48571.50,5.59,1136.09,1.00,24.98,69.53,20.65,0.00,0.00,0.00,0.00,0.00,0.00
48577.50,5.61,1136.28,1.00,24.90,70.00,21.25,0.00,0.00,0.00,0.00,0.00,0.00
48583.50,5.60,1135.76,1.00,24.90,70.45,20.44,0.00,0.00,0.00,0.00,0.00,0.00
48589.50,5.62,1135.54,1.00,24.90,70.65,22.40,0.00,0.00,0.00,0.00,0.00,0.00
48595.50,5.59,1135.48,1.00,24.90,69.65,20.86,0.00,0.00,0.00,0.00,0.00,0.00
48601.50,5.60,1135.21,1.00,24.90,69.33,21.38,0.00,0.00,0.00,0.00,0.00,0.00
48607.50,5.63,1134.72,1.00,24.90,69.40,20.02,0.00,0.00,0.00,0.00,0.00,0.00
48613.50,5.60,1135.12,1.00,24.90,69.43,21.50,0.00,0.00,0.00,0.00,0.00,0.00
48619.50,5.59,1134.88,1.00,24.88,69.82,21.04,0.00,0.00,0.00,0.00,0.00,0.00
48625.50,5.63,1134.65,1.00,24.90,70.03,22.53,0.00,0.00,0.00,0.00,0.00,0.00
48631.50,5.60,1135.05,1.00,24.90,70.20,21.41,0.00,0.00,0.00,0.00,0.00,0.00
48637.50,5.59,1135.06,1.00,24.90,70.37,22.42,0.00,0.00,0.00,0.00,0.00,0.00
48643.50,5.60,1134.83,1.00,24.88,70.47,21.53,0.00,0.00,0.00,0.00,0.00,0.00
48649.50,5.60,1135.19,1.00,24.88,71.63,21.26,0.00,0.00,0.00,0.00,0.00,0.00
48655.50,5.58,1134.97,1.00,24.88,72.92,21.65,0.00,0.00,0.00,0.00,0.00,0.00
48661.50,5.59,1135.33,1.00,24.90,71.33,22.03,0.00,0.00,0.00,0.00,0.00,0.00
48667.50,5.61,1134.86,1.00,24.90,71.18,20.98,0.00,0.00,0.00,0.00,0.00,0.00
48673.50,5.59,1135.33,1.00,24.90,70.77,21.11,0.00,0.00,0.00,0.00,0.00,0.00
48679.50,5.61,1135.15,1.00,24.90,70.80,21.13,0.00,0.00,0.00,0.00,0.00,0.17
48685.50,5.61,1135.21,1.00,24.90,70.90,23.37,0.00,0.00,0.00,0.00,0.00,0.00
48691.50,5.61,1135.47,1.00,24.90,70.82,21.82,0.00,0.00,0.00,0.00,0.00,0.00
48697.50,5.62,1135.12,1.00,24.88,70.87,22.14,0.00,0.00,0.00,0.00,0.00,0.00
48703.50,5.61,1134.96,1.00,24.90,71.58,21.41,0.00,0.00,0.00,0.00,0.00,0.17
48709.50,5.62,1135.19,1.00,24.90,71.98,21.30,0.00,0.00,0.00,0.00,0.00,0.00
48715.50,5.59,1135.47,1.00,24.90,73.35,22.31,0.00,0.00,0.00,0.00,0.00,0.00
48721.50,5.59,1135.67,1.00,24.88,71.20,21.39,0.00,0.00,0.00,0.00,0.00,0.00
48727.50,5.61,1135.57,1.00,24.87,71.58,21.27,0.00,0.00,0.00,0.00,0.00,0.00
48733.50,5.60,1135.42,1.00,24.88,73.13,21.94,0.00,0.00,0.00,0.00,0.00,0.00
48739.50,5.58,1135.56,1.00,24.87,72.07,20.50,0.00,0.00,0.00,0.00,0.00,0.00
48745.50,5.58,1135.54,1.00,24.88,72.70,22.81,0.00,0.00,0.00,0.00,0.00,0.00
48751.50,5.59,1135.50,1.00,24.88,74.38,22.30,0.00,0.00,0.00,0.00,0.00,0.00
48757.50,5.56,1135.54,1.00,24.85,73.22,19.54,0.00,0.00,0.00,0.00,0.00,0.00
48763.50,5.60,1135.14,1.00,24.80,71.82,21.48,0.00,0.00,0.00,0.00,0.00,0.00
48769.50,5.59,1135.20,1.00,24.86,73.81,20.44,0.00,0.00,0.00,0.00,0.00,0.17
48775.50,5.58,1135.25,1.00,24.80,71.70,21.15,0.00,0.00,0.00,0.00,0.00,0.00
48781.50,5.59,1135.21,1.00,24.80,71.92,20.57,0.00,0.00,0.00,0.00,0.00,0.00
48787.50,5.59,1135.19,1.00,24.80,71.60,20.92,0.00,0.00,0.00,0.00,0.00,0.00
48793.50,5.58,1135.09,1.00,24.80,71.45,22.48,0.00,0.00,0.00,0.00,0.00,0.00
48799.50,5.60,1135.02,1.00,24.80,73.32,21.91,0.00,0.00,0.00,0.00,0.00,0.00
48805.50,5.56,1135.30,1.00,24.82,73.10,20.84,0.00,0.00,0.00,0.00,0.00,0.00
48811.50,5.59,1134.85,1.00,24.80,73.92,22.03,0.00,0.00,0.00,0.00,0.00,0.00
48817.50,5.60,1135.10,1.00,24.82,73.60,21.54,0.00,0.00,0.00,0.00,0.00,0.00
48823.50,5.59,1135.05,1.00,24.87,74.68,21.42,0.00,0.00,0.00,0.00,0.00,0.00
48829.50,5.60,1135.23,1.00,24.87,74.77,20.77,0.00,0.00,0.00,0.00,0.00,0.00
48835.50,5.59,1135.29,1.00,24.90,75.02,22.72,0.00,0.00,0.00,0.00,0.00,0.00
48841.50,5.57,1135.11,1.00,24.90,74.85,22.08,0.00,0.00,0.00,0.00,0.00,0.00
48847.50,5.59,1135.24,1.00,24.90,74.58,21.89,0.00,0.00,0.00,0.00,0.00,0.00
48853.50,5.61,1135.09,1.00,24.90,74.78,22.49,0.00,0.00,0.00,0.00,0.00,0.00
48859.50,5.58,1135.26,1.00,24.90,74.25,22.14,0.00,0.00,0.00,0.00,0.00,0.00
48865.50,5.57,1135.11,1.00,24.90,74.30,21.47,0.00,0.00,0.00,0.00,0.00,0.00
48871.50,5.59,1135.10,1.00,24.90,74.10,22.47,0.00,0.00,0.00,0.00,0.00,0.00
48877.50,5.59,1134.97,1.00,24.90,74.33,23.40,0.00,0.00,0.00,0.00,0.00,0.17
48883.50,5.57,1134.93,1.00,24.90,74.28,22.65,0.00,0.00,0.00,0.00,0.00,0.00
48889.50,5.61,1134.76,1.00,24.90,74.13,20.96,0.00,0.00,0.00,0.00,0.00,0.00
48895.50,5.60,1134.78,1.00,24.90,74.48,22.29,0.00,0.00,0.00,0.00,0.00,0.00
48901.50,5.61,1134.83,1.00,24.90,75.38,22.06,0.00,0.00,0.00,0.00,0.00,0.00
48907.50,5.58,1134.69,1.00,24.90,75.05,21.73,0.00,0.00,0.00,0.00,0.00,0.00
48913.50,5.58,1134.55,1.00,24.90,74.97,21.34,0.00,0.00,0.00,0.00,0.00,0.00
48919.50,5.59,1134.67,1.00,24.90,74.83,21.44,0.00,0.00,0.00,0.00,0.00,0.00
48925.50,5.59,1134.50,1.00,24.90,74.55,21.61,0.00,0.00,0.00,0.00,0.00,0.00
48931.50,5.61,1134.46,1.00,24.92,74.33,21.64,0.00,0.00,0.00,0.00,0.00,0.17
48937.50,5.58,1134.13,1.00,24.90,72.32,20.66,0.00,0.00,0.00,0.00,0.00,0.00
48943.50,5.58,1134.29,1.00,24.92,73.73,22.21,0.00,0.00,0.00,0.00,0.00,0.00
48949.50,5.61,1134.12,1.00,24.90,74.83,20.39,0.00,0.00,0.00,0.00,0.00,0.00
48955.50,5.58,1134.05,1.00,24.93,74.70,20.67,0.00,0.00,0.00,0.00,0.00,0.00
48961.50,5.60,1133.72,1.00,24.92,74.45,21.75,0.00,0.00,0.00,0.00,0.00,0.00
48967.50,5.59,1133.62,1.00,24.90,74.02,20.69,0.00,0.00,0.00,0.00,0.00,0.00
48973.50,5.61,1133.27,1.00,24.90,74.37,23.31,0.00,0.00,0.00,0.00,0.00,0.00
48979.50,5.61,1133.43,1.00,24.90,74.37,21.34,0.00,0.00,0.00,0.00,0.00,0.00
48985.50,5.60,1133.34,1.00,24.90,74.33,21.11,0.00,0.00,0.00,0.00,0.00,0.17
48991.50,5.59,1133.01,1.00,24.95,74.42,21.54,0.00,0.00,0.00,0.00,0.00,0.00
48997.50,5.58,1133.10,1.00,24.90,73.92,22.81,0.00,0.00,0.00,0.00,0.00,0.00
49003.50,5.59,1133.05,1.00,24.93,74.48,23.15,0.00,0.00,0.00,0.00,0.00,0.00
49009.50,5.59,1132.72,1.00,24.90,74.80,20.80,0.00,0.00,0.00,0.00,0.00,0.00
49015.50,5.61,1132.43,1.00,24.92,75.22,22.02,0.00,0.00,0.00,0.00,0.00,0.00
49021.50,5.59,1132.36,1.00,24.92,75.22,19.51,0.00,0.00,0.00,0.00,0.00,0.00
49027.50,5.63,1132.22,1.00,24.92,75.45,22.84,0.00,0.00,0.00,0.00,0.00,0.00
49033.50,5.61,1132.23,1.00,24.90,75.18,20.82,0.00,0.00,0.00,0.00,0.00,0.00
49039.50,5.61,1131.89,1.00,24.90,75.20,20.36,0.00,0.00,0.00,0.00,0.00,0.00
49045.50,5.59,1131.82,1.00,24.92,75.47,21.10,0.00,0.00,0.00,0.00,0.00,0.00
49051.50,5.61,1131.64,1.00,24.90,75.63,19.97,0.00,0.00,0.00,0.00,0.00,0.00
49057.50,5.60,1131.23,1.00,24.90,75.48,19.93,0.00,0.00,0.00,0.00,0.00,0.00
49063.50,5.62,1131.21,1.00,24.90,75.73,22.92,0.00,0.00,0.00,0.00,0.00,0.00
49069.50,5.61,1130.99,1.00,24.90,75.75,21.92,0.00,0.00,0.00,0.00,0.00,0.00
49075.50,5.62,1130.73,1.00,24.90,75.77,22.50,0.00,0.00,0.00,0.00,0.00,0.17
49081.50,5.62,1130.71,1.00,24.90,75.62,20.46,0.00,0.00,0.00,0.00,0.00,0.00
49087.50,5.62,1130.69,1.00,24.90,75.70,20.82,0.00,0.00,0.00,0.00,0.00,0.00
49093.50,5.64,1130.43,1.00,24.90,75.53,21.46,0.00,0.00,0.00,0.00,0.00,0.00
49099.50,5.62,1130.10,1.00,24.90,75.80,22.94,0.00,0.00,0.00,0.00,0.00,0.17
49105.00,5.63,1129.93,1.00,24.90,76.03,23.46,0.00,0.00,0.00,0.00,0.00,0.40
49110.00,5.65,1129.84,1.00,24.90,76.06,22.56,0.00,0.00,0.00,0.00,0.00,0.00
49115.50,5.64,1129.79,1.00,24.90,76.00,21.81,0.00,0.00,0.00,0.00,0.00,0.00
49121.50,5.62,1129.60,1.00,24.90,75.88,20.83,0.00,0.00,0.00,0.00,0.00,0.00
49127.50,5.62,1129.61,1.00,24.90,75.98,20.68,0.00,0.00,0.00,0.00,0.00,0.00
49133.50,5.64,1129.41,1.00,24.90,76.25,20.55,0.00,0.00,0.00,0.00,0.00,0.00
49139.50,5.64,1129.04,1.00,24.90,76.17,21.71,0.00,0.00,0.00,0.00,0.00,0.00
49145.50,5.64,1129.23,1.00,24.90,76.03,21.83,0.00,0.00,0.00,0.00,0.00,0.00
49151.50,5.64,1128.91,1.00,24.88,76.13,23.18,0.00,0.00,0.00,0.00,0.00,0.00
49157.50,5.64,1128.85,1.00,24.90,76.11,22.15,0.00,0.00,0.00,0.00,0.00,0.17
49163.50,5.66,1128.64,1.00,24.90,76.25,20.70,0.00,0.00,0.00,0.00,0.00,0.00
49169.50,5.61,1128.81,1.00,24.88,76.05,22.43,0.00,0.00,0.00,0.00,0.00,0.00
49175.50,5.66,1128.76,1.00,24.87,76.08,22.34,0.00,0.00,0.00,0.00,0.00,0.00
49181.50,5.67,1128.79,1.00,24.88,76.17,19.43,0.00,0.00,0.00,0.00,0.00,0.00
49187.50,5.64,1128.51,1.00,24.86,76.29,21.70,0.00,0.00,0.00,0.00,0.00,0.17
49193.50,5.65,1128.36,1.00,24.83,75.72,20.56,0.00,0.00,0.00,0.00,0.00,0.00
49199.50,5.64,1128.48,1.00,24.87,76.13,22.87,0.00,0.00,0.00,0.00,0.00,0.00
49205.50,5.65,1128.19,1.00,24.82,76.26,22.44,0.00,0.00,0.00,0.00,0.00,0.17
49211.50,5.66,1128.34,1.00,24.82,76.20,21.00,0.00,0.00,0.00,0.00,0.00,0.00
49217.50,5.66,1128.24,1.00,24.80,75.13,22.37,0.00,0.00,0.00,0.00,0.00,0.17
49223.50,5.64,1128.45,1.00,24.80,74.15,21.23,0.00,0.00,0.00,0.00,0.00,0.00
49229.50,5.63,1128.34,1.00,24.80,75.82,19.89,0.00,0.00,0.00,0.00,0.00,0.17
49235.50,5.62,1128.67,1.00,24.80,75.67,22.40,0.00,0.00,0.00,0.00,0.00,0.00
49241.50,5.65,1128.15,1.00,24.80,76.08,21.43,0.00,0.00,0.00,0.00,0.00,0.00
49247.50,5.65,1128.48,1.00,24.80,76.45,21.51,0.00,0.00,0.00,0.00,0.00,0.00
49253.50,5.65,1128.50,1.00,24.80,76.27,22.04,0.00,0.00,0.00,0.00,0.00,0.00
49259.50,5.67,1128.31,1.00,24.80,76.23,22.21,0.00,0.00,0.00,0.00,0.00,0.00
49265.50,5.66,1128.17,1.00,24.80,76.37,21.68,0.00,0.00,0.00,0.00,0.00,0.00
49271.50,5.63,1128.33,1.00,24.80,75.43,21.46,0.00,0.00,0.00,0.00,0.00,0.00
49277.50,5.66,1127.65,1.00,24.78,73.82,21.24,0.00,0.00,0.00,0.00,0.00,0.00
49283.50,5.63,1127.98,1.00,24.78,73.60,21.57,0.00,0.00,0.00,0.00,0.00,0.00
49289.50,5.67,1128.03,1.00,24.75,74.25,21.99,0.00,0.00,0.00,0.00,0.00,0.00
49295.50,5.65,1127.80,1.00,24.72,74.77,19.72,0.00,0.00,0.00,0.00,0.00,0.17
49301.50,5.63,1127.94,1.00,24.74,74.52,22.78,0.00,0.00,0.00,0.00,0.00,0.17
49307.50,5.62,1128.22,1.00,24.70,74.33,20.17,0.00,0.00,0.00,0.00,0.00,0.00
49313.50,5.66,1127.88,1.00,24.70,74.28,21.59,0.00,0.00,0.00,0.00,0.00,0.00
49319.50,5.62,1128.25,1.00,24.70,74.90,21.19,0.00,0.00,0.00,0.00,0.00,0.00
49325.00,5.63,1129.01,1.00,24.70,74.78,22.77,0.00,0.00,0.00,0.00,0.00,0.00
49330.50,5.64,1129.33,1.00,24.70,74.95,22.42,0.00,0.00,0.00,0.00,0.00,0.00
49336.50,5.61,1129.70,1.00,24.70,75.17,20.92,0.00,0.00,0.00,0.00,0.00,0.17
49341.00,5.63,1129.33,1.00,24.70,75.13,21.40,0.00,0.00,0.00,0.00,0.00,0.00
49341.62,5.63,1129.42,1.00,24.71,75.34,21.71,0.00,0.00,0.00,0.00,0.00,0.00
49342.25,5.63,1129.52,1.00,24.73,75.54,22.02,0.00,0.00,0.00,0.00,0.00,0.00
49342.88,5.64,1129.61,1.00,24.74,75.75,22.33,0.00,0.00,0.00,0.00,0.00,0.00
49343.50,5.64,1129.70,1.00,24.75,75.95,22.64,0.00,0.00,0.00,0.00,0.00,0.00
49344.00,5.62,1130.18,1.00,24.77,75.83,22.23,0.00,0.00,0.00,0.00,0.00,0.00
49344.50,5.61,1130.65,1.00,24.78,75.72,21.83,0.00,0.00,0.00,0.00,0.00,0.00
49345.00,5.59,1131.12,1.00,24.80,75.60,21.42,0.00,0.00,0.00,0.00,0.00,0.00
49348.50,5.65,1130.83,1.00,24.80,76.07,20.90,0.00,0.00,0.00,0.00,0.00,0.00
49354.50,5.63,1130.86,1.00,24.80,76.22,21.51,0.00,0.00,0.00,0.00,0.00,0.00
49360.50,5.64,1130.98,1.00,24.80,75.93,22.31,0.00,0.00,0.00,0.00,0.00,0.00
49366.50,5.64,1130.90,1.00,24.80,75.83,21.13,0.00,0.00,0.00,0.00,0.00,0.00
49372.50,5.63,1130.86,1.00,24.80,75.73,21.94,0.00,0.00,0.00,0.00,0.00,0.00
49378.50,5.60,1131.00,1.00,24.78,75.17,19.35,0.00,0.00,0.00,0.00,0.00,0.00
49384.50,5.65,1130.60,1.00,24.73,75.42,21.58,0.00,0.00,0.00,0.00,0.00,0.00
49390.50,5.62,1130.96,1.00,24.73,75.67,20.80,0.00,0.00,0.00,0.00,0.00,0.00
49396.50,5.63,1130.69,1.00,24.70,75.62,20.45,0.00,0.00,0.00,0.00,0.00,0.00
49402.50,5.62,1130.67,1.00,24.70,75.02,21.81,0.00,0.00,0.00,0.00,0.00,0.00
49408.50,5.64,1130.31,1.00,24.72,74.83,21.34,0.00,0.00,0.00,0.00,0.00,0.00
49414.50,5.65,1130.38,1.00,24.70,74.93,21.81,0.00,0.00,0.00,0.00,0.00,0.00
49420.50,5.64,1130.23,1.00,24.70,75.04,19.96,0.00,0.00,0.00,0.00,0.00,0.17
49426.50,5.62,1130.72,1.00,24.70,75.12,19.43,0.00,0.00,0.00,0.00,0.00,0.00
49432.50,5.62,1130.31,1.00,24.70,75.27,20.56,0.00,0.00,0.00,0.00,0.00,0.00
49438.50,5.62,1130.01,1.00,24.70,75.45,22.15,0.00,0.00,0.00,0.00,0.00,0.00
49444.50,5.62,1130.31,1.00,24.70,75.18,21.97,0.00,0.00,0.00,0.00,0.00,0.00
49450.50,5.61,1130.48,1.00,24.70,75.22,21.76,0.00,0.00,0.00,0.00,0.00,0.00
49456.50,5.61,1130.31,1.00,24.67,75.13,22.85,0.00,0.00,0.00,0.00,0.00,0.00
49462.50,5.63,1130.57,1.00,24.70,75.12,21.12,0.00,0.00,0.00,0.00,0.00,0.33
49468.50,5.61,1130.62,1.00,24.65,75.18,20.83,0.00,0.00,0.00,0.00,0.00,0.00
49474.50,5.61,1130.34,1.00,24.65,75.30,22.77,0.00,0.00,0.00,0.00,0.00,0.00
49480.50,5.63,1130.32,1.00,24.63,75.43,20.50,0.00,0.00,0.00,0.00,0.00,0.00
49486.50,5.64,1130.25,1.00,24.63,75.53,21.50,0.00,0.00,0.00,0.00,0.00,0.00
49492.50,5.63,1130.31,1.00,24.60,75.53,20.95,0.00,0.00,0.00,0.00,0.00,0.00
49498.50,5.62,1130.57,1.00,24.60,75.44,20.33,0.00,0.00,0.00,0.00,0.00,0.17
49504.50,5.62,1130.67,1.00,24.60,75.48,22.50,0.00,0.00,0.00,0.00,0.00,0.00
49510.50,5.65,1130.59,1.00,24.60,75.57,21.09,0.00,0.00,0.00,0.00,0.00,0.00
49516.50,5.63,1130.57,1.00,24.60,75.59,22.65,0.00,0.00,0.00,0.00,0.00,0.17
49522.50,5.63,1130.59,1.00,24.62,75.47,22.01,0.00,0.00,0.00,0.00,0.00,0.00
49528.50,5.61,1130.70,1.00,24.60,75.54,21.55,0.00,0.00,0.00,0.00,0.00,0.17
49534.50,5.64,1130.64,1.00,24.60,75.63,21.27,0.00,0.00,0.00,0.00,0.00,0.00
49540.50,5.61,1130.62,1.00,24.60,75.67,22.75,0.00,0.00,0.00,0.00,0.00,0.00
49546.50,5.62,1131.14,1.00,24.60,75.73,19.72,0.00,0.00,0.00,0.00,0.00,0.00
49552.50,5.66,1130.95,1.00,24.60,75.70,22.03,0.00,0.00,0.00,0.00,0.00,0.00
49558.50,5.64,1131.24,1.00,24.60,75.68,22.12,0.00,0.00,0.00,0.00,0.00,0.00
49564.50,5.60,1131.07,1.00,24.60,75.62,20.73,0.00,0.00,0.00,0.00,0.00,0.17
49570.50,5.62,1130.79,1.00,24.60,75.57,21.04,0.00,0.00,0.00,0.00,0.00,0.00
49576.50,5.60,1131.07,1.00,24.60,75.63,21.16,0.00,0.00,0.00,0.00,0.00,0.00
49582.50,5.61,1131.16,1.00,24.60,75.68,21.68,0.00,0.00,0.00,0.00,0.00,0.17
49588.50,5.62,1131.15,1.00,24.60,75.68,22.90,0.00,0.00,0.00,0.00,0.00,0.00
49594.50,5.60,1131.38,1.00,24.60,75.82,20.86,0.00,0.00,0.00,0.00,0.00,0.00
49600.50,5.61,1131.41,1.00,24.60,75.67,22.56,0.00,0.00,0.00,0.00,0.00,0.00
49606.50,5.64,1131.09,1.00,24.60,75.72,21.03,0.00,0.00,0.00,0.00,0.00,0.00
49612.50,5.61,1131.26,1.00,24.60,75.68,22.21,0.00,0.00,0.00,0.00,0.00,0.00
49618.50,5.59,1131.48,1.00,24.60,75.60,21.42,0.00,0.00,0.00,0.00,0.00,0.00
49624.50,5.58,1131.47,1.00,24.60,75.82,22.30,0.00,0.00,0.00,0.00,0.00,0.00
49630.50,5.62,1131.21,1.00,24.60,75.79,20.97,0.00,0.00,0.00,0.00,0.00,0.17
49636.50,5.62,1131.71,1.00,24.60,75.72,21.33,0.00,0.00,0.00,0.00,0.00,0.00
49642.50,5.59,1131.48,1.00,24.60,75.80,21.20,0.00,0.00,0.00,0.00,0.00,0.00
49648.50,5.60,1131.61,1.00,24.60,75.80,20.58,0.00,0.00,0.00,0.00,0.00,0.00
49654.50,5.59,1131.74,1.00,24.60,75.72,21.47,0.00,0.00,0.00,0.00,0.00,0.00
49660.50,5.60,1131.50,1.00,24.60,75.93,21.07,0.00,0.00,0.00,0.00,0.00,0.00
49666.50,5.59,1131.55,1.00,24.60,75.95,21.79,0.00,0.00,0.00,0.00,0.00,0.00
49672.50,5.57,1131.78,1.00,24.60,75.73,20.46,0.00,0.00,0.00,0.00,0.00,0.00
49678.50,5.60,1131.74,1.00,24.60,76.32,21.98,0.00,0.00,0.00,0.00,0.00,0.00
49684.50,5.60,1131.69,1.00,24.60,75.78,20.98,0.00,0.00,0.00,0.00,0.00,0.00
49690.50,5.58,1131.56,1.00,24.60,75.90,22.16,0.00,0.00,0.00,0.00,0.00,0.00
49696.50,5.62,1131.45,1.00,24.60,75.87,21.74,0.00,0.00,0.00,0.00,0.00,0.00
49702.00,5.58,1131.93,1.00,24.60,75.74,21.80,0.00,0.00,0.00,0.00,0.00,0.00
49707.50,5.61,1131.64,1.00,24.60,75.78,21.72,0.00,0.00,0.00,0.00,0.00,0.00
49713.50,5.59,1131.76,1.00,24.58,75.87,21.22,0.00,0.00,0.00,0.00,0.00,0.00
49719.50,5.62,1131.73,1.00,24.53,75.93,19.84,0.00,0.00,0.00,0.00,0.00,0.00
49725.50,5.57,1132.00,1.00,24.53,76.12,20.19,0.00,0.00,0.00,0.00,0.00,0.00
49731.50,5.61,1131.66,1.00,24.52,76.10,20.78,0.00,0.00,0.00,0.00,0.00,0.00
49737.50,5.61,1131.69,1.00,24.50,76.23,22.10,0.00,0.00,0.00,0.00,0.00,0.00
49743.50,5.62,1132.04,1.00,24.50,76.18,20.39,0.00,0.00,0.00,0.00,0.00,0.00
49749.50,5.60,1131.65,1.00,24.48,76.31,23.12,0.00,0.00,0.00,0.00,0.00,0.17
49755.50,5.61,1131.92,1.00,24.50,76.23,20.61,0.00,0.00,0.00,0.00,0.00,0.00
49761.50,5.62,1131.47,1.00,24.43,76.17,21.70,0.00,0.00,0.00,0.00,0.00,0.00
49767.50,5.63,1131.83,1.00,24.40,76.23,22.07,0.00,0.00,0.00,0.00,0.00,0.00
49773.50,5.58,1131.69,1.00,24.40,76.28,21.48,0.00,0.00,0.00,0.00,0.00,0.00
49779.50,5.55,1131.74,1.00,24.40,76.43,23.28,0.00,0.00,0.00,0.00,0.00,0.00
49785.50,5.59,1131.81,1.00,24.40,76.40,21.52,0.00,0.00,0.00,0.00,0.00,0.00
49791.50,5.59,1132.00,1.00,24.40,76.33,21.09,0.00,0.00,0.00,0.00,0.00,0.00
49797.50,5.58,1131.81,1.00,24.40,76.42,20.93,0.00,0.00,0.00,0.00,0.00,0.00
49803.50,5.63,1131.43,1.00,24.37,76.38,21.52,0.00,0.00,0.00,0.00,0.00,0.00
49809.50,5.59,1131.67,1.00,24.37,76.48,21.15,0.00,0.00,0.00,0.00,0.00,0.00
49815.50,5.59,1131.50,1.00,24.38,76.63,21.57,0.00,0.00,0.00,0.00,0.00,0.00
49821.50,5.62,1131.63,1.00,24.32,76.67,21.77,0.00,0.00,0.00,0.00,0.00,0.17
49827.50,5.60,1131.66,1.00,24.32,76.60,21.27,0.00,0.00,0.00,0.00,0.00,0.00
49833.50,5.62,1131.69,1.00,24.30,76.82,21.43,0.00,0.00,0.00,0.00,0.00,0.00
49839.50,5.59,1131.50,1.00,24.30,76.70,21.18,0.00,0.00,0.00,0.00,0.00,0.00
49845.50,5.60,1131.41,1.00,24.30,76.67,21.88,0.00,0.00,0.00,0.00,0.00,0.00
49851.50,5.59,1131.43,1.00,24.30,76.82,21.27,0.00,0.00,0.00,0.00,0.00,0.00
49857.50,5.59,1131.54,1.00,24.30,76.65,20.50,0.00,0.00,0.00,0.00,0.00,0.00
49863.50,5.61,1131.29,1.00,24.30,76.67,22.58,0.00,0.00,0.00,0.00,0.00,0.00
49869.50,5.61,1131.21,1.00,24.30,76.82,22.54,0.00,0.00,0.00,0.00,0.00,0.00
49875.50,5.61,1131.11,1.00,24.30,76.78,20.76,0.00,0.00,0.00,0.00,0.00,0.00
49881.50,5.61,1131.07,1.00,24.30,76.77,22.46,0.00,0.00,0.00,0.00,0.00,0.00
49887.50,5.58,1131.19,1.00,24.30,76.85,22.00,0.00,0.00,0.00,0.00,0.00,0.00
49893.50,5.59,1131.22,1.00,24.28,76.98,23.26,0.00,0.00,0.00,0.00,0.00,0.00
49899.50,5.57,1131.22,1.00,24.28,76.82,23.49,0.00,0.00,0.00,0.00,0.00,0.00
49905.50,5.58,1130.81,1.00,24.27,76.80,21.27,0.00,0.00,0.00,0.00,0.00,0.00
49911.50,5.59,1130.86,1.00,24.27,76.87,20.81,0.00,0.00,0.00,0.00,0.00,0.00
49917.50,5.58,1130.95,1.00,24.22,76.78,21.34,0.00,0.00,0.00,0.00,0.00,0.00
49923.50,5.59,1130.91,1.00,24.23,76.77,20.47,0.00,0.00,0.00,0.00,0.00,0.00
49929.50,5.61,1130.97,1.00,24.25,76.77,21.25,0.00,0.00,0.00,0.00,0.00,0.00
49935.50,5.62,1130.52,1.00,24.22,76.93,22.45,0.00,0.00,0.00,0.00,0.00,0.00
49941.50,5.60,1130.65,1.00,24.20,76.98,22.98,0.00,0.00,0.00,0.00,0.00,0.17
49947.50,5.58,1130.65,1.00,24.20,77.00,20.43,0.00,0.00,0.00,0.00,0.00,0.00
49953.50,5.59,1130.72,1.00,24.20,77.00,21.57,0.00,0.00,0.00,0.00,0.00,0.00
49959.50,5.57,1130.36,1.00,24.20,76.98,22.16,0.00,0.00,0.00,0.00,0.00,0.00
49965.50,5.61,1130.27,1.00,24.20,76.97,21.55,0.00,0.00,0.00,0.00,0.00,0.00
49971.50,5.61,1130.34,1.00,24.20,76.92,20.63,0.00,0.00,0.00,0.00,0.00,0.00
49977.50,5.59,1130.20,1.00,24.20,77.00,21.70,0.00,0.00,0.00,0.00,0.00,0.00
49983.50,5.60,1130.19,1.00,24.20,77.00,21.82,0.00,0.00,0.00,0.00,0.00,0.00
49989.50,5.61,1130.24,1.00,24.20,76.98,21.62,0.00,0.00,0.00,0.00,0.00,0.00
49995.50,5.61,1130.26,1.00,24.20,76.95,21.44,0.00,0.00,0.00,0.00,0.00,0.00
50001.50,5.57,1130.32,1.00,24.20,76.97,21.48,0.00,0.00,0.00,0.00,0.00,0.00
50007.50,5.58,1129.90,1.00,24.20,76.98,22.16,0.00,0.00,0.00,0.00,0.00,0.00
50013.50,5.58,1129.94,1.00,24.20,76.97,21.76,0.00,0.00,0.00,0.00,0.00,0.00
50019.50,5.57,1129.94,1.00,24.20,76.97,20.66,0.00,0.00,0.00,0.00,0.00,0.00
50025.50,5.60,1129.96,1.00,24.20,77.12,21.72,0.00,0.00,0.00,0.00,0.00,0.00
50031.50,5.61,1130.01,1.00,24.20,77.08,20.06,0.00,0.00,0.00,0.00,0.00,0.00
50037.50,5.59,1129.77,1.00,24.20,77.07,23.10,0.00,0.00,0.00,0.00,0.00,0.00
50043.50,5.60,1129.82,1.00,24.18,77.02,21.66,0.00,0.00,0.00,0.00,0.00,0.00
50049.50,5.63,1129.77,1.00,24.15,77.08,22.00,0.00,0.00,0.00,0.00,0.00,0.00
50055.50,5.60,1129.53,1.00,24.13,77.32,21.03,0.00,0.00,0.00,0.00,0.00,0.00
50061.50,5.60,1129.50,1.00,24.18,77.20,21.18,0.00,0.00,0.00,0.00,0.00,0.00
50067.50,5.58,1129.41,1.00,24.17,77.30,21.13,0.00,0.00,0.00,0.00,0.00,0.00
50073.50,5.59,1129.36,1.00,24.12,77.33,22.23,0.00,0.00,0.00,0.00,0.00,0.00
50079.50,5.61,1129.04,1.00,24.10,77.22,19.49,0.00,0.00,0.00,0.00,0.00,0.00
50085.00,5.62,1129.19,1.00,24.10,77.18,21.35,0.00,0.00,0.00,0.00,0.00,0.00
50090.50,5.61,1129.32,1.00,24.10,77.12,21.40,0.00,0.00,0.00,0.00,0.00,0.00
50096.50,5.61,1129.44,1.00,24.10,77.27,21.07,0.00,0.00,0.00,0.00,0.00,0.00
50102.50,5.57,1129.50,1.00,24.10,77.23,22.47,0.00,0.00,0.00,0.00,0.00,0.00
50108.50,5.61,1128.87,1.00,24.10,77.35,21.47,0.00,0.00,0.00,0.00,0.00,0.00
50114.50,5.59,1129.31,1.00,24.10,77.28,22.65,0.00,0.00,0.00,0.00,0.00,0.00
50120.50,5.59,1129.05,1.00,24.10,77.28,19.45,0.00,0.00,0.00,0.00,0.00,0.00
50126.50,5.61,1129.13,1.00,24.10,77.32,20.38,0.00,0.00,0.00,0.00,0.00,0.00
50132.50,5.58,1128.98,1.00,24.10,77.33,21.16,0.00,0.00,0.00,0.00,0.00,0.00
50138.50,5.58,1129.13,1.00,24.10,77.28,22.70,0.00,0.00,0.00,0.00,0.00,0.00
50144.50,5.61,1128.84,1.00,24.10,77.45,21.62,0.00,0.00,0.00,0.00,0.00,0.00
50150.50,5.58,1128.90,1.00,24.10,77.52,21.84,0.00,0.00,0.00,0.00,0.00,0.17
50156.50,5.62,1128.98,1.00,24.10,77.57,21.12,0.00,0.00,0.00,0.00,0.00,0.00
50162.50,5.59,1128.80,1.00,24.10,77.51,20.05,0.00,0.00,0.00,0.00,0.00,0.17
50168.50,5.59,1128.64,1.00,24.10,77.67,22.43,0.00,0.00,0.00,0.00,0.00,0.00
50174.50,5.62,1128.54,1.00,24.10,77.58,21.58,0.00,0.00,0.00,0.00,0.00,0.00
50180.50,5.58,1128.92,1.00,24.10,77.50,20.82,0.00,0.00,0.00,0.00,0.00,0.00
50186.50,5.57,1128.73,1.00,24.10,77.57,21.25,0.00,0.00,0.00,0.00,0.00,0.00
50192.50,5.58,1128.32,1.00,24.08,77.32,21.40,0.00,0.00,0.00,0.00,0.00,0.00
50198.50,5.61,1128.38,1.00,24.08,77.40,21.23,0.00,0.00,0.00,0.00,0.00,0.00
50204.50,5.60,1128.75,1.00,24.10,77.42,22.32,0.00,0.00,0.00,0.00,0.00,0.00
50210.50,5.58,1128.18,1.00,24.08,77.27,22.18,0.00,0.00,0.00,0.00,0.00,0.00
50216.50,5.58,1128.16,1.00,24.07,77.50,22.24,0.00,0.00,0.00,0.00,0.00,0.00
50222.50,5.57,1128.12,1.00,24.08,77.54,20.33,0.00,0.00,0.00,0.00,0.00,0.17
50228.50,5.62,1127.99,1.00,24.03,77.40,21.18,0.00,0.00,0.00,0.00,0.00,0.00
50234.50,5.58,1128.16,1.00,24.05,77.55,22.73,0.00,0.00,0.00,0.00,0.00,0.00
50240.50,5.64,1127.95,1.00,24.05,77.68,20.82,0.00,0.00,0.00,0.00,0.00,0.00
50246.50,5.59,1127.77,1.00,24.03,77.50,21.77,0.00,0.00,0.00,0.00,0.00,0.00
50252.50,5.58,1128.19,1.00,24.04,77.62,20.08,0.00,0.00,0.00,0.00,0.00,0.33
50258.50,5.59,1127.90,1.00,24.05,77.55,20.98,0.00,0.00,0.00,0.00,0.00,0.00
50264.50,5.57,1127.85,1.00,24.03,77.62,21.83,0.00,0.00,0.00,0.00,0.00,0.00
50270.50,5.59,1127.91,1.00,24.04,77.65,21.89,0.00,0.00,0.00,0.00,0.00,0.17
50276.50,5.62,1127.66,1.00,24.00,77.70,19.94,0.00,0.00,0.00,0.00,0.00,0.00
50282.50,5.58,1127.80,1.00,24.02,77.67,22.31,0.00,0.00,0.00,0.00,0.00,0.00
50288.50,5.59,1127.85,1.00,24.00,77.65,22.29,0.00,0.00,0.00,0.00,0.00,0.00
50294.50,5.61,1127.82,1.00,24.00,77.68,21.00,0.00,0.00,0.00,0.00,0.00,0.00
50300.50,5.61,1127.58,1.00,24.00,77.65,23.15,0.00,0.00,0.00,0.00,0.00,0.00
50306.50,5.62,1127.77,1.00,24.04,77.95,20.03,0.00,0.00,0.00,0.00,0.00,0.17
50312.50,5.59,1127.37,1.00,24.02,77.92,23.41,0.00,0.00,0.00,0.00,0.00,0.00
50318.50,5.60,1127.33,1.00,24.00,77.77,21.25,0.00,0.00,0.00,0.00,0.00,0.00
50324.50,5.58,1127.16,1.00,24.00,77.70,21.90,0.00,0.00,0.00,0.00,0.00,0.00
50330.50,5.62,1127.16,1.00,24.00,77.60,23.01,0.00,0.00,0.00,0.00,0.00,0.00
50336.50,5.61,1127.12,1.00,24.00,77.72,20.83,0.00,0.00,0.00,0.00,0.00,0.17
50342.50,5.59,1126.76,1.00,24.00,77.76,21.32,0.00,0.00,0.00,0.00,0.00,0.17
50348.50,5.60,1126.97,1.00,24.00,77.78,21.64,0.00,0.00,0.00,0.00,0.00,0.00
50354.50,5.61,1127.06,1.00,24.00,77.68,22.76,0.00,0.00,0.00,0.00,0.00,0.00
50360.50,5.58,1127.12,1.00,24.00,77.53,21.12,0.00,0.00,0.00,0.00,0.00,0.17
50366.50,5.61,1126.73,1.00,24.00,77.68,21.16,0.00,0.00,0.00,0.00,0.00,0.17
50372.50,5.58,1126.87,1.00,24.00,77.68,20.79,0.00,0.00,0.00,0.00,0.00,0.00
50378.50,5.62,1126.52,1.00,24.00,77.75,21.37,0.00,0.00,0.00,0.00,0.00,0.00
50384.50,5.61,1126.50,1.00,24.00,77.67,21.70,0.00,0.00,0.00,0.00,0.00,0.00
50390.50,5.60,1126.59,1.00,24.00,77.58,21.44,0.00,0.00,0.00,0.00,0.00,0.00
50396.50,5.58,1126.57,1.00,24.00,77.52,20.69,0.00,0.00,0.00,0.00,0.00,0.00
50402.50,5.60,1126.61,1.00,24.00,77.43,21.65,0.00,0.00,0.00,0.00,0.00,0.00
50408.50,5.60,1126.36,1.00,24.00,77.45,22.32,0.00,0.00,0.00,0.00,0.00,0.00
50414.50,5.60,1126.28,1.00,24.00,77.58,20.28,0.00,0.00,0.00,0.00,0.00,0.00
50420.50,5.59,1126.19,1.00,24.00,77.55,22.57,0.00,0.00,0.00,0.00,0.00,0.00
50426.50,5.58,1126.40,1.00,24.00,77.62,21.12,0.00,0.00,0.00,0.00,0.00,0.00
50432.50,5.59,1126.23,1.00,24.00,77.08,22.31,0.00,0.00,0.00,0.00,0.00,0.00
50438.50,5.58,1126.26,1.00,24.00,77.27,22.36,0.00,0.00,0.00,0.00,0.00,0.00
50444.50,5.58,1126.45,1.00,24.00,77.43,21.16,0.00,0.00,0.00,0.00,0.00,0.00
50450.50,5.58,1126.12,1.00,24.00,77.60,21.99,0.00,0.00,0.00,0.00,0.00,0.00
50456.50,5.59,1126.09,1.00,23.98,77.48,21.69,0.00,0.00,0.00,0.00,0.00,0.00
50462.50,5.59,1125.79,1.00,23.98,77.58,19.99,0.00,0.00,0.00,0.00,0.00,0.00
50468.50,5.59,1125.74,1.00,23.97,77.65,21.74,0.00,0.00,0.00,0.00,0.00,0.00
50474.50,5.58,1125.97,1.00,23.95,77.80,22.07,0.00,0.00,0.00,0.00,0.00,0.00
50480.50,5.58,1126.04,1.00,23.97,77.88,22.03,0.00,0.00,0.00,0.00,0.00,0.00
50486.50,5.58,1126.07,1.00,23.94,77.84,21.92,0.00,0.00,0.00,0.00,0.00,0.17
50492.50,5.58,1125.83,1.00,23.92,77.80,21.57,0.00,0.00,0.00,0.00,0.00,0.00
50498.50,5.60,1125.46,1.00,23.95,77.63,19.89,0.00,0.00,0.00,0.00,0.00,0.00
50504.50,5.59,1125.65,1.00,23.97,77.53,20.63,0.00,0.00,0.00,0.00,0.00,0.00
50510.50,5.59,1125.48,1.00,23.93,77.62,20.65,0.00,0.00,0.00,0.00,0.00,0.00
50516.50,5.59,1125.59,1.00,23.92,77.55,22.27,0.00,0.00,0.00,0.00,0.00,0.00
50522.50,5.59,1125.59,1.00,23.92,77.58,22.92,0.00,0.00,0.00,0.00,0.00,0.00
50528.50,5.61,1125.36,1.00,23.92,77.63,20.99,0.00,0.00,0.00,0.00,0.00,0.00
50534.50,5.59,1125.53,1.00,23.90,77.65,19.66,0.00,0.00,0.00,0.00,0.00,0.00
50540.50,5.60,1125.26,1.00,23.90,77.60,22.40,0.00,0.00,0.00,0.00,0.00,0.00
50546.50,5.59,1125.26,1.00,23.90,77.68,22.60,0.00,0.00,0.00,0.00,0.00,0.00
50552.50,5.59,1125.65,1.00,23.90,77.72,21.25,0.00,0.00,0.00,0.00,0.00,0.00
50558.50,5.60,1125.29,1.00,23.92,77.62,20.52,0.00,0.00,0.00,0.00,0.00,0.00
50564.50,5.58,1125.12,1.00,23.90,77.67,20.64,0.00,0.00,0.00,0.00,0.00,0.00
50568.50,5.56,1125.05,1.00,23.90,77.70,19.64,0.00,0.00,0.00,0.00,0.00,0.00
50570.00,5.55,1125.10,1.00,23.90,77.70,24.61,0.00,0.00,0.00,0.00,0.00,0.00
